-- MySQL dump 10.13  Distrib 5.6.17, for Win64 (x86_64)
--
-- Host: localhost    Database: test_sales
-- ------------------------------------------------------
-- Server version	5.7.14

/*!40101 SET @OLD_CHARACTER_SET_CLIENT=@@CHARACTER_SET_CLIENT */;
/*!40101 SET @OLD_CHARACTER_SET_RESULTS=@@CHARACTER_SET_RESULTS */;
/*!40101 SET @OLD_COLLATION_CONNECTION=@@COLLATION_CONNECTION */;
/*!40101 SET NAMES utf8 */;
/*!40103 SET @OLD_TIME_ZONE=@@TIME_ZONE */;
/*!40103 SET TIME_ZONE='+00:00' */;
/*!40014 SET @OLD_UNIQUE_CHECKS=@@UNIQUE_CHECKS, UNIQUE_CHECKS=0 */;
/*!40014 SET @OLD_FOREIGN_KEY_CHECKS=@@FOREIGN_KEY_CHECKS, FOREIGN_KEY_CHECKS=0 */;
/*!40101 SET @OLD_SQL_MODE=@@SQL_MODE, SQL_MODE='NO_AUTO_VALUE_ON_ZERO' */;
/*!40111 SET @OLD_SQL_NOTES=@@SQL_NOTES, SQL_NOTES=0 */;

--
-- Table structure for table `account`
--

DROP TABLE IF EXISTS `account`;
/*!40101 SET @saved_cs_client     = @@character_set_client */;
/*!40101 SET character_set_client = utf8 */;
CREATE TABLE `account` (
  `id` varchar(64) NOT NULL,
  `account_type` varchar(45) DEFAULT NULL,
  `account_name` varchar(45) DEFAULT NULL,
  `account_description` varchar(45) DEFAULT NULL,
  `created_by` varchar(64) DEFAULT NULL,
  `updated_by` varchar(64) DEFAULT NULL,
  `created_at` timestamp NULL DEFAULT NULL,
  `updated_at` timestamp NULL DEFAULT NULL,
  `branch_id` varchar(64) NOT NULL,
  `company_id` varchar(64) NOT NULL,
  `user_id` varchar(64) NOT NULL,
  `sr` int(11) DEFAULT NULL,
  PRIMARY KEY (`id`),
  KEY `fk_accounting_branch1_idx` (`branch_id`),
  KEY `fk_account_company1_idx` (`company_id`),
  KEY `fk_account_user1_idx` (`user_id`),
  CONSTRAINT `fk_account_company1` FOREIGN KEY (`company_id`) REFERENCES `company` (`id`) ON DELETE NO ACTION ON UPDATE NO ACTION,
  CONSTRAINT `fk_account_user1` FOREIGN KEY (`user_id`) REFERENCES `user` (`id`) ON DELETE NO ACTION ON UPDATE NO ACTION,
  CONSTRAINT `fk_accounting_branch1` FOREIGN KEY (`branch_id`) REFERENCES `branch` (`id`) ON DELETE NO ACTION ON UPDATE NO ACTION
) ENGINE=InnoDB DEFAULT CHARSET=utf8;
/*!40101 SET character_set_client = @saved_cs_client */;

--
-- Dumping data for table `account`
--

LOCK TABLES `account` WRITE;
/*!40000 ALTER TABLE `account` DISABLE KEYS */;
INSERT INTO `account` VALUES ('11469035-84B8-4E0C-900D-787976E3DFF7','1','sajid-receivable','Account to calculate profit','6691BCEE-EFAF-4862-8C4D-8FC510B7547E','6691BCEE-EFAF-4862-8C4D-8FC510B7547E','2018-03-07 07:04:01','2018-03-07 07:04:01','464C2FFD-B0BD-4C91-B482-34B1F82EEB42','F9E7025A-47B1-4D52-A73B-C1D83E0F4DD0','D7131FFF-6F25-4479-BC53-57BFBC41A6F6',3),('37FD959D-42CF-4D6A-A356-8696F69ECFD5','1','Donation','fd','6691BCEE-EFAF-4862-8C4D-8FC510B7547E','6691BCEE-EFAF-4862-8C4D-8FC510B7547E','2018-03-08 06:12:33','2018-03-08 06:12:33','464C2FFD-B0BD-4C91-B482-34B1F82EEB42','F9E7025A-47B1-4D52-A73B-C1D83E0F4DD0','6691BCEE-EFAF-4862-8C4D-8FC510B7547E',5),('464C2FFD-B0BD-4C91-B482-34B1F82rt653','1','admin-receivable','Account to calculate profit',NULL,NULL,NULL,NULL,'464C2FFD-B0BD-4C91-B482-34B1F82EEB42','F9E7025A-47B1-4D52-A73B-C1D83E0F4DD0','6691BCEE-EFAF-4862-8C4D-8FC510B7547E',1),('464C2FFD-B0BD-4C91-B482-34B1F8erw23q','2','admin-payable','Account to calculate profit',NULL,NULL,NULL,NULL,'464C2FFD-B0BD-4C91-B482-34B1F82EEB42','F9E7025A-47B1-4D52-A73B-C1D83E0F4DD0','6691BCEE-EFAF-4862-8C4D-8FC510B7547E',2),('4A968C6D-DB9C-499F-9F19-E9DDC024D758','2','badar-payable','Account to calculate profit','6691BCEE-EFAF-4862-8C4D-8FC510B7547E','6691BCEE-EFAF-4862-8C4D-8FC510B7547E','2018-03-09 10:06:22','2018-03-09 10:06:22','464C2FFD-B0BD-4C91-B482-34B1F82EEB42','F9E7025A-47B1-4D52-A73B-C1D83E0F4DD0','0D569696-C021-4924-9F1B-B95C066474FE',7),('5FAE65B0-82BA-4390-AA3E-C1A163FDDDE4','2','naeem-payable','Account to calculate profit','6691BCEE-EFAF-4862-8C4D-8FC510B7547E','6691BCEE-EFAF-4862-8C4D-8FC510B7547E','2018-03-15 05:31:19','2018-03-15 05:31:19','464C2FFD-B0BD-4C91-B482-34B1F82EEB42','F9E7025A-47B1-4D52-A73B-C1D83E0F4DD0','1A4FA379-13B9-4EA7-BE7C-1C80E41DB74E',9),('76CA28D4-AF3B-401F-8FE3-0451745B309A','1','badar-receivable','Account to calculate profit','6691BCEE-EFAF-4862-8C4D-8FC510B7547E','6691BCEE-EFAF-4862-8C4D-8FC510B7547E','2018-03-09 10:06:22','2018-03-09 10:06:22','464C2FFD-B0BD-4C91-B482-34B1F82EEB42','F9E7025A-47B1-4D52-A73B-C1D83E0F4DD0','0D569696-C021-4924-9F1B-B95C066474FE',6),('77E96BB6-1B49-47E5-AF5F-E8322FA341FE','2','zeeshan-payable','Account to calculate profit','6691BCEE-EFAF-4862-8C4D-8FC510B7547E','6691BCEE-EFAF-4862-8C4D-8FC510B7547E','2018-03-15 09:37:36','2018-03-15 09:37:36','464C2FFD-B0BD-4C91-B482-34B1F82EEB42','F9E7025A-47B1-4D52-A73B-C1D83E0F4DD0','72A627BA-9937-4E18-89CF-7E856068E36B',11),('7D0E73D7-E547-4ABB-A753-F004F7D59FED','1','naeem-receivable','Account to calculate profit','6691BCEE-EFAF-4862-8C4D-8FC510B7547E','6691BCEE-EFAF-4862-8C4D-8FC510B7547E','2018-03-15 05:31:19','2018-03-15 05:31:19','464C2FFD-B0BD-4C91-B482-34B1F82EEB42','F9E7025A-47B1-4D52-A73B-C1D83E0F4DD0','1A4FA379-13B9-4EA7-BE7C-1C80E41DB74E',8),('92ABDC25-BA4E-4158-9066-84CCA5CB0595','2','sajid-payable','Account to calculate profit','6691BCEE-EFAF-4862-8C4D-8FC510B7547E','6691BCEE-EFAF-4862-8C4D-8FC510B7547E','2018-03-07 07:04:01','2018-03-07 07:04:01','464C2FFD-B0BD-4C91-B482-34B1F82EEB42','F9E7025A-47B1-4D52-A73B-C1D83E0F4DD0','D7131FFF-6F25-4479-BC53-57BFBC41A6F6',4),('9C1DB827-D792-4112-A561-395FB6846DDE','1','zeeshan-receivable','Account to calculate profit','6691BCEE-EFAF-4862-8C4D-8FC510B7547E','6691BCEE-EFAF-4862-8C4D-8FC510B7547E','2018-03-15 09:37:36','2018-03-15 09:37:36','464C2FFD-B0BD-4C91-B482-34B1F82EEB42','F9E7025A-47B1-4D52-A73B-C1D83E0F4DD0','72A627BA-9937-4E18-89CF-7E856068E36B',10),('CEEBF2AA-C575-4F97-99BE-215DA66A2ADB','2','immad-payable','Account to calculate profit','72A627BA-9937-4E18-89CF-7E856068E36B','72A627BA-9937-4E18-89CF-7E856068E36B','2018-03-15 09:49:45','2018-03-15 09:49:45','464C2FFD-B0BD-4C91-B482-34B1F82EEB42','F9E7025A-47B1-4D52-A73B-C1D83E0F4DD0','7BDFA3FC-675C-47E4-BFA1-F4F625910F2B',13),('F8A95818-CB89-42CE-A052-895F07605B83','1','immad-receivable','Account to calculate profit','72A627BA-9937-4E18-89CF-7E856068E36B','72A627BA-9937-4E18-89CF-7E856068E36B','2018-03-15 09:49:45','2018-03-15 09:49:45','464C2FFD-B0BD-4C91-B482-34B1F82EEB42','F9E7025A-47B1-4D52-A73B-C1D83E0F4DD0','7BDFA3FC-675C-47E4-BFA1-F4F625910F2B',12);
/*!40000 ALTER TABLE `account` ENABLE KEYS */;
UNLOCK TABLES;

--
-- Table structure for table `auth_assignment`
--

DROP TABLE IF EXISTS `auth_assignment`;
/*!40101 SET @saved_cs_client     = @@character_set_client */;
/*!40101 SET character_set_client = utf8 */;
CREATE TABLE `auth_assignment` (
  `item_name` varchar(64) NOT NULL,
  `user_id` varchar(64) NOT NULL,
  `created_at` int(11) DEFAULT NULL,
  PRIMARY KEY (`item_name`,`user_id`),
  CONSTRAINT `auth_assignment_ibfk_1` FOREIGN KEY (`item_name`) REFERENCES `auth_item` (`name`) ON DELETE CASCADE ON UPDATE CASCADE
) ENGINE=InnoDB DEFAULT CHARSET=latin1;
/*!40101 SET character_set_client = @saved_cs_client */;

--
-- Dumping data for table `auth_assignment`
--

LOCK TABLES `auth_assignment` WRITE;
/*!40000 ALTER TABLE `auth_assignment` DISABLE KEYS */;
INSERT INTO `auth_assignment` VALUES ('Admin','72A627BA-9937-4E18-89CF-7E856068E36B',1521106657),('general','0D569696-C021-4924-9F1B-B95C066474FE',1520589983),('general','1A4FA379-13B9-4EA7-BE7C-1C80E41DB74E',1521091880),('general','9C7DA4EF-63FB-4000-BD0C-10FD9A0A8A91',1520404645),('general','D7131FFF-6F25-4479-BC53-57BFBC41A6F6',1520406243),('Sales','7BDFA3FC-675C-47E4-BFA1-F4F625910F2B',1521107386),('super_admin','6691BCEE-EFAF-4862-8C4D-8FC510B7547E',1520404479);
/*!40000 ALTER TABLE `auth_assignment` ENABLE KEYS */;
UNLOCK TABLES;

--
-- Table structure for table `auth_item`
--

DROP TABLE IF EXISTS `auth_item`;
/*!40101 SET @saved_cs_client     = @@character_set_client */;
/*!40101 SET character_set_client = utf8 */;
CREATE TABLE `auth_item` (
  `name` varchar(64) NOT NULL,
  `type` int(11) NOT NULL,
  `description` text,
  `rule_name` varchar(64) DEFAULT NULL,
  `data` text,
  `created_at` int(11) DEFAULT NULL,
  `updated_at` int(11) DEFAULT NULL,
  PRIMARY KEY (`name`),
  KEY `rule_name` (`rule_name`),
  KEY `type` (`type`),
  CONSTRAINT `auth_item_ibfk_1` FOREIGN KEY (`rule_name`) REFERENCES `auth_rule` (`name`) ON DELETE SET NULL ON UPDATE CASCADE
) ENGINE=InnoDB DEFAULT CHARSET=latin1;
/*!40101 SET character_set_client = @saved_cs_client */;

--
-- Dumping data for table `auth_item`
--

LOCK TABLES `auth_item` WRITE;
/*!40000 ALTER TABLE `auth_item` DISABLE KEYS */;
INSERT INTO `auth_item` VALUES ('/*',2,NULL,NULL,NULL,NULL,NULL),('/account-new/*',2,NULL,NULL,NULL,1520400248,1520400248),('/account-new/create',2,NULL,NULL,NULL,1520400247,1520400247),('/account-new/delete',2,NULL,NULL,NULL,1520400248,1520400248),('/account-new/index',2,NULL,NULL,NULL,1520400247,1520400247),('/account-new/update',2,NULL,NULL,NULL,1520400247,1520400247),('/account-new/view',2,NULL,NULL,NULL,1520400247,1520400247),('/account/*',2,NULL,NULL,NULL,1520400247,1520400247),('/account/create',2,NULL,NULL,NULL,1520400247,1520400247),('/account/delete',2,NULL,NULL,NULL,1520400247,1520400247),('/account/index',2,NULL,NULL,NULL,1520400247,1520400247),('/account/update',2,NULL,NULL,NULL,1520400247,1520400247),('/account/view',2,NULL,NULL,NULL,1520400247,1520400247),('/admin/*',2,NULL,NULL,NULL,1520400246,1520400246),('/admin/assignment/*',2,NULL,NULL,NULL,1520400243,1520400243),('/admin/assignment/assign',2,NULL,NULL,NULL,1520400242,1520400242),('/admin/assignment/index',2,NULL,NULL,NULL,1520400242,1520400242),('/admin/assignment/revoke',2,NULL,NULL,NULL,1520400242,1520400242),('/admin/assignment/view',2,NULL,NULL,NULL,1520400242,1520400242),('/admin/default/*',2,NULL,NULL,NULL,1520400243,1520400243),('/admin/default/index',2,NULL,NULL,NULL,1520400243,1520400243),('/admin/menu/*',2,NULL,NULL,NULL,1520400243,1520400243),('/admin/menu/create',2,NULL,NULL,NULL,1520400243,1520400243),('/admin/menu/delete',2,NULL,NULL,NULL,1520400243,1520400243),('/admin/menu/index',2,NULL,NULL,NULL,1520400243,1520400243),('/admin/menu/update',2,NULL,NULL,NULL,1520400243,1520400243),('/admin/menu/view',2,NULL,NULL,NULL,1520400243,1520400243),('/admin/permission/*',2,NULL,NULL,NULL,1520400244,1520400244),('/admin/permission/assign',2,NULL,NULL,NULL,1520400244,1520400244),('/admin/permission/create',2,NULL,NULL,NULL,1520400243,1520400243),('/admin/permission/delete',2,NULL,NULL,NULL,1520400244,1520400244),('/admin/permission/index',2,NULL,NULL,NULL,1520400243,1520400243),('/admin/permission/remove',2,NULL,NULL,NULL,1520400244,1520400244),('/admin/permission/update',2,NULL,NULL,NULL,1520400243,1520400243),('/admin/permission/view',2,NULL,NULL,NULL,1520400243,1520400243),('/admin/role/*',2,NULL,NULL,NULL,1520400244,1520400244),('/admin/role/assign',2,NULL,NULL,NULL,1520400244,1520400244),('/admin/role/create',2,NULL,NULL,NULL,1520400244,1520400244),('/admin/role/delete',2,NULL,NULL,NULL,1520400244,1520400244),('/admin/role/index',2,NULL,NULL,NULL,1520400244,1520400244),('/admin/role/remove',2,NULL,NULL,NULL,1520400244,1520400244),('/admin/role/update',2,NULL,NULL,NULL,1520400244,1520400244),('/admin/role/view',2,NULL,NULL,NULL,1520400244,1520400244),('/admin/route/*',2,NULL,NULL,NULL,1520400245,1520400245),('/admin/route/assign',2,NULL,NULL,NULL,1520400245,1520400245),('/admin/route/create',2,NULL,NULL,NULL,1520400245,1520400245),('/admin/route/index',2,NULL,NULL,NULL,1520400244,1520400244),('/admin/route/refresh',2,NULL,NULL,NULL,1520400245,1520400245),('/admin/route/remove',2,NULL,NULL,NULL,1520400245,1520400245),('/admin/rule/*',2,NULL,NULL,NULL,1520400245,1520400245),('/admin/rule/create',2,NULL,NULL,NULL,1520400245,1520400245),('/admin/rule/delete',2,NULL,NULL,NULL,1520400245,1520400245),('/admin/rule/index',2,NULL,NULL,NULL,1520400245,1520400245),('/admin/rule/update',2,NULL,NULL,NULL,1520400245,1520400245),('/admin/rule/view',2,NULL,NULL,NULL,1520400245,1520400245),('/admin/user/*',2,NULL,NULL,NULL,1520400246,1520400246),('/admin/user/activate',2,NULL,NULL,NULL,1520400246,1520400246),('/admin/user/change-password',2,NULL,NULL,NULL,1520400246,1520400246),('/admin/user/delete',2,NULL,NULL,NULL,1520400245,1520400245),('/admin/user/index',2,NULL,NULL,NULL,1520400245,1520400245),('/admin/user/login',2,NULL,NULL,NULL,1520400245,1520400245),('/admin/user/logout',2,NULL,NULL,NULL,1520400245,1520400245),('/admin/user/request-password-reset',2,NULL,NULL,NULL,1520400246,1520400246),('/admin/user/reset-password',2,NULL,NULL,NULL,1520400246,1520400246),('/admin/user/signup',2,NULL,NULL,NULL,1520400246,1520400246),('/admin/user/view',2,NULL,NULL,NULL,1520400245,1520400245),('/category/*',2,NULL,NULL,NULL,1520400248,1520400248),('/category/create',2,NULL,NULL,NULL,1520400248,1520400248),('/category/delete',2,NULL,NULL,NULL,1520400248,1520400248),('/category/index',2,NULL,NULL,NULL,1520400248,1520400248),('/category/update',2,NULL,NULL,NULL,1520400248,1520400248),('/category/view',2,NULL,NULL,NULL,1520400248,1520400248),('/customer/*',2,NULL,NULL,NULL,1520400248,1520400248),('/customer/create',2,NULL,NULL,NULL,1520400248,1520400248),('/customer/delete',2,NULL,NULL,NULL,1520400248,1520400248),('/customer/index',2,NULL,NULL,NULL,1520400248,1520400248),('/customer/update',2,NULL,NULL,NULL,1520400248,1520400248),('/customer/view',2,NULL,NULL,NULL,1520400248,1520400248),('/debug/*',2,NULL,NULL,NULL,1520400247,1520400247),('/debug/default/*',2,NULL,NULL,NULL,1520400246,1520400246),('/debug/default/db-explain',2,NULL,NULL,NULL,1520400246,1520400246),('/debug/default/download-mail',2,NULL,NULL,NULL,1520400246,1520400246),('/debug/default/index',2,NULL,NULL,NULL,1520400246,1520400246),('/debug/default/toolbar',2,NULL,NULL,NULL,1520400246,1520400246),('/debug/default/view',2,NULL,NULL,NULL,1520400246,1520400246),('/debug/user/*',2,NULL,NULL,NULL,1520400247,1520400247),('/debug/user/reset-identity',2,NULL,NULL,NULL,1520400246,1520400246),('/debug/user/set-identity',2,NULL,NULL,NULL,1520400246,1520400246),('/gii/*',2,NULL,NULL,NULL,1520400247,1520400247),('/gii/default/*',2,NULL,NULL,NULL,1520400247,1520400247),('/gii/default/action',2,NULL,NULL,NULL,1520400247,1520400247),('/gii/default/diff',2,NULL,NULL,NULL,1520400247,1520400247),('/gii/default/index',2,NULL,NULL,NULL,1520400247,1520400247),('/gii/default/preview',2,NULL,NULL,NULL,1520400247,1520400247),('/gii/default/view',2,NULL,NULL,NULL,1520400247,1520400247),('/gl/*',2,NULL,NULL,NULL,1520400248,1520400248),('/gl/create',2,NULL,NULL,NULL,1520400248,1520400248),('/gl/delete',2,NULL,NULL,NULL,1520400248,1520400248),('/gl/index',2,NULL,NULL,NULL,1520400248,1520400248),('/gl/update',2,NULL,NULL,NULL,1520400248,1520400248),('/gl/view',2,NULL,NULL,NULL,1520400248,1520400248),('/level-percentage/*',2,NULL,NULL,NULL,1520400248,1520400248),('/level-percentage/create',2,NULL,NULL,NULL,1520400248,1520400248),('/level-percentage/delete',2,NULL,NULL,NULL,1520400248,1520400248),('/level-percentage/index',2,NULL,NULL,NULL,1520400248,1520400248),('/level-percentage/update',2,NULL,NULL,NULL,1520400248,1520400248),('/level-percentage/view',2,NULL,NULL,NULL,1520400248,1520400248),('/order/*',2,NULL,NULL,NULL,1520400249,1520400249),('/order/approve-all',2,NULL,NULL,NULL,1520400249,1520400249),('/order/approved',2,NULL,NULL,NULL,1520400249,1520400249),('/order/cancel',2,NULL,NULL,NULL,1520400249,1520400249),('/order/create',2,NULL,NULL,NULL,1520400249,1520400249),('/order/delete',2,NULL,NULL,NULL,1520400249,1520400249),('/order/error',2,NULL,NULL,NULL,1520400249,1520400249),('/order/history',2,NULL,NULL,NULL,1520400249,1520400249),('/order/index',2,NULL,NULL,NULL,1520400249,1520400249),('/order/payment',2,NULL,NULL,NULL,1520400249,1520400249),('/order/payment-method',2,NULL,NULL,NULL,1520400249,1520400249),('/order/payment-verified',2,NULL,NULL,NULL,1520400249,1520400249),('/order/pending',2,NULL,NULL,NULL,1520400249,1520400249),('/order/return',2,NULL,NULL,NULL,1520400249,1520400249),('/order/thankyou',2,NULL,NULL,NULL,1520400249,1520400249),('/order/transfer',2,NULL,NULL,NULL,1520400249,1520400249),('/order/update',2,NULL,NULL,NULL,1520400249,1520400249),('/order/view',2,NULL,NULL,NULL,1520400249,1520400249),('/postcode/*',2,NULL,NULL,NULL,1520400250,1520400250),('/postcode/all-code',2,NULL,NULL,NULL,1520400250,1520400250),('/postcode/create',2,NULL,NULL,NULL,1520400250,1520400250),('/postcode/delete',2,NULL,NULL,NULL,1520400250,1520400250),('/postcode/import',2,NULL,NULL,NULL,1520400250,1520400250),('/postcode/index',2,NULL,NULL,NULL,1520400249,1520400249),('/postcode/update',2,NULL,NULL,NULL,1520400250,1520400250),('/postcode/view',2,NULL,NULL,NULL,1520400250,1520400250),('/product-order/*',2,NULL,NULL,NULL,1520400250,1520400250),('/product-order/create',2,NULL,NULL,NULL,1520400250,1520400250),('/product-order/delete',2,NULL,NULL,NULL,1520400250,1520400250),('/product-order/index',2,NULL,NULL,NULL,1520400250,1520400250),('/product-order/update',2,NULL,NULL,NULL,1520400250,1520400250),('/product-order/view',2,NULL,NULL,NULL,1520400250,1520400250),('/product/*',2,NULL,NULL,NULL,1520400250,1520400250),('/product/create',2,NULL,NULL,NULL,1520400250,1520400250),('/product/delete',2,NULL,NULL,NULL,1520400250,1520400250),('/product/get-product',2,NULL,NULL,NULL,1520400250,1520400250),('/product/index',2,NULL,NULL,NULL,1520400250,1520400250),('/product/total-stock',2,NULL,NULL,NULL,1520400250,1520400250),('/product/update',2,NULL,NULL,NULL,1520400250,1520400250),('/product/view',2,NULL,NULL,NULL,1520400250,1520400250),('/quantity-based-pricing/*',2,NULL,NULL,NULL,1520491874,1520491874),('/quantity-based-pricing/create',2,NULL,NULL,NULL,1520491874,1520491874),('/quantity-based-pricing/delete',2,NULL,NULL,NULL,1520491874,1520491874),('/quantity-based-pricing/index',2,NULL,NULL,NULL,1520491874,1520491874),('/quantity-based-pricing/update',2,NULL,NULL,NULL,1520491874,1520491874),('/quantity-based-pricing/view',2,NULL,NULL,NULL,1520491874,1520491874),('/recieveable/*',2,NULL,NULL,NULL,1520400251,1520400251),('/recieveable/create',2,NULL,NULL,NULL,1520400250,1520400250),('/recieveable/getrecieveableamount',2,NULL,NULL,NULL,1520400251,1520400251),('/recieveable/index',2,NULL,NULL,NULL,1520400250,1520400250),('/recieveable/view',2,NULL,NULL,NULL,1520400250,1520400250),('/reports/*',2,NULL,NULL,NULL,1520400251,1520400251),('/reports/inventory-report',2,NULL,NULL,NULL,1520400251,1520400251),('/reports/inventory-report-result',2,NULL,NULL,NULL,1520400251,1520400251),('/reports/order-report',2,NULL,NULL,NULL,1520400251,1520400251),('/reports/order-report-result',2,NULL,NULL,NULL,1520400251,1520400251),('/reports/payable-report',2,NULL,NULL,NULL,1520400251,1520400251),('/reports/receivable-payable-report-result',2,NULL,NULL,NULL,1520400251,1520400251),('/reports/receivable-report',2,NULL,NULL,NULL,1520400251,1520400251),('/setting/*',2,NULL,NULL,NULL,1520488613,1520488613),('/setting/create',2,NULL,NULL,NULL,1520488613,1520488613),('/setting/delete',2,NULL,NULL,NULL,1520488613,1520488613),('/setting/index',2,NULL,NULL,NULL,1520488612,1520488612),('/setting/update',2,NULL,NULL,NULL,1520488613,1520488613),('/setting/view',2,NULL,NULL,NULL,1520488613,1520488613),('/shipping-address/*',2,NULL,NULL,NULL,1520400251,1520400251),('/shipping-address/create',2,NULL,NULL,NULL,1520400251,1520400251),('/shipping-address/delete',2,NULL,NULL,NULL,1520400251,1520400251),('/shipping-address/index',2,NULL,NULL,NULL,1520400251,1520400251),('/shipping-address/update',2,NULL,NULL,NULL,1520400251,1520400251),('/shipping-address/view',2,NULL,NULL,NULL,1520400251,1520400251),('/site/*',2,NULL,NULL,NULL,1520400252,1520400252),('/site/about',2,NULL,NULL,NULL,1520400251,1520400251),('/site/captcha',2,NULL,NULL,NULL,1520400251,1520400251),('/site/contact',2,NULL,NULL,NULL,1520400251,1520400251),('/site/error',2,NULL,NULL,NULL,1520400251,1520400251),('/site/index',2,NULL,NULL,NULL,1520400251,1520400251),('/site/language',2,NULL,NULL,NULL,1520400251,1520400251),('/site/login',2,NULL,NULL,NULL,1520400251,1520400251),('/site/logout',2,NULL,NULL,NULL,1520400251,1520400251),('/site/request-password-reset',2,NULL,NULL,NULL,1520400251,1520400251),('/site/reset-password',2,NULL,NULL,NULL,1520400252,1520400252),('/site/signup',2,NULL,NULL,NULL,1520400251,1520400251),('/stock-in/*',2,NULL,NULL,NULL,1520400252,1520400252),('/stock-in/allstock',2,NULL,NULL,NULL,1520400252,1520400252),('/stock-in/approve',2,NULL,NULL,NULL,1520400252,1520400252),('/stock-in/cancel',2,NULL,NULL,NULL,1520400252,1520400252),('/stock-in/create',2,NULL,NULL,NULL,1520400252,1520400252),('/stock-in/delete',2,NULL,NULL,NULL,1520400252,1520400252),('/stock-in/getunits',2,NULL,NULL,NULL,1520400252,1520400252),('/stock-in/index',2,NULL,NULL,NULL,1520400252,1520400252),('/stock-in/update',2,NULL,NULL,NULL,1520400252,1520400252),('/stock-in/view',2,NULL,NULL,NULL,1520400252,1520400252),('/stock-out/*',2,NULL,NULL,NULL,1520400252,1520400252),('/stock-out/create',2,NULL,NULL,NULL,1520400252,1520400252),('/stock-out/delete',2,NULL,NULL,NULL,1520400252,1520400252),('/stock-out/index',2,NULL,NULL,NULL,1520400252,1520400252),('/stock-out/update',2,NULL,NULL,NULL,1520400252,1520400252),('/stock-out/view',2,NULL,NULL,NULL,1520400252,1520400252),('/stock-status/*',2,NULL,NULL,NULL,1520400252,1520400252),('/stock-status/create',2,NULL,NULL,NULL,1520400252,1520400252),('/stock-status/delete',2,NULL,NULL,NULL,1520400252,1520400252),('/stock-status/index',2,NULL,NULL,NULL,1520400252,1520400252),('/stock-status/update',2,NULL,NULL,NULL,1520400252,1520400252),('/stock-status/view',2,NULL,NULL,NULL,1520400252,1520400252),('/user-product-level/*',2,NULL,NULL,NULL,1520400254,1520400254),('/user-product-level/create',2,NULL,NULL,NULL,1520400253,1520400253),('/user-product-level/delete',2,NULL,NULL,NULL,1520400253,1520400253),('/user-product-level/getunits',2,NULL,NULL,NULL,1520400253,1520400253),('/user-product-level/getunitsprice',2,NULL,NULL,NULL,1520400253,1520400253),('/user-product-level/import',2,NULL,NULL,NULL,1520400253,1520400253),('/user-product-level/index',2,NULL,NULL,NULL,1520400253,1520400253),('/user-product-level/levelpakages',2,NULL,NULL,NULL,1520400253,1520400253),('/user-product-level/update',2,NULL,NULL,NULL,1520400253,1520400253),('/user-product-level/view',2,NULL,NULL,NULL,1520400253,1520400253),('/user/*',2,NULL,NULL,NULL,1520400253,1520400253),('/user/allcustomer',2,NULL,NULL,NULL,1520400253,1520400253),('/user/childusers',2,NULL,NULL,NULL,1520400253,1520400253),('/user/create',2,NULL,NULL,NULL,1520400253,1520400253),('/user/customer',2,NULL,NULL,NULL,1520400253,1520400253),('/user/delete',2,NULL,NULL,NULL,1520400253,1520400253),('/user/error',2,NULL,NULL,NULL,1520400253,1520400253),('/user/fullfillment',2,NULL,NULL,NULL,1520400253,1520400253),('/user/get-levels',2,NULL,NULL,NULL,1520400253,1520400253),('/user/get-parent-id',2,NULL,NULL,NULL,1520400253,1520400253),('/user/get-seller-levels',2,NULL,NULL,NULL,1520400253,1520400253),('/user/get-users',2,NULL,NULL,NULL,1520400253,1520400253),('/user/getuseraddress',2,NULL,NULL,NULL,1520400253,1520400253),('/user/import',2,NULL,NULL,NULL,1520400253,1520400253),('/user/index',2,NULL,NULL,NULL,1520400252,1520400252),('/user/update',2,NULL,NULL,NULL,1520400253,1520400253),('/user/view',2,NULL,NULL,NULL,1520400253,1520400253),('/users-level/*',2,NULL,NULL,NULL,1520400254,1520400254),('/users-level/create',2,NULL,NULL,NULL,1520400254,1520400254),('/users-level/delete',2,NULL,NULL,NULL,1520400254,1520400254),('/users-level/import',2,NULL,NULL,NULL,1520400254,1520400254),('/users-level/index',2,NULL,NULL,NULL,1520400254,1520400254),('/users-level/update',2,NULL,NULL,NULL,1520400254,1520400254),('/users-level/view',2,NULL,NULL,NULL,1520400254,1520400254),('Admin',1,NULL,NULL,NULL,1520400216,1521106247),('customer',1,NULL,NULL,NULL,1520400150,1520400150),('general',1,NULL,NULL,NULL,1520400183,1520400183),('Sales',1,NULL,NULL,NULL,1521106267,1521106267),('Staff',1,NULL,NULL,NULL,1521105905,1521105905),('super_admin',1,NULL,NULL,NULL,1520404351,1520404351);
/*!40000 ALTER TABLE `auth_item` ENABLE KEYS */;
UNLOCK TABLES;

--
-- Table structure for table `auth_item_child`
--

DROP TABLE IF EXISTS `auth_item_child`;
/*!40101 SET @saved_cs_client     = @@character_set_client */;
/*!40101 SET character_set_client = utf8 */;
CREATE TABLE `auth_item_child` (
  `parent` varchar(64) NOT NULL,
  `child` varchar(64) NOT NULL,
  PRIMARY KEY (`parent`,`child`),
  KEY `child` (`child`),
  CONSTRAINT `auth_item_child_ibfk_1` FOREIGN KEY (`parent`) REFERENCES `auth_item` (`name`) ON DELETE CASCADE ON UPDATE CASCADE,
  CONSTRAINT `auth_item_child_ibfk_2` FOREIGN KEY (`child`) REFERENCES `auth_item` (`name`) ON DELETE CASCADE ON UPDATE CASCADE
) ENGINE=InnoDB DEFAULT CHARSET=latin1;
/*!40101 SET character_set_client = @saved_cs_client */;

--
-- Dumping data for table `auth_item_child`
--

LOCK TABLES `auth_item_child` WRITE;
/*!40000 ALTER TABLE `auth_item_child` DISABLE KEYS */;
INSERT INTO `auth_item_child` VALUES ('/*','/*'),('Admin','/account-new/*'),('Sales','/account-new/*'),('Staff','/account-new/*'),('super_admin','/account-new/*'),('Admin','/account-new/create'),('Sales','/account-new/create'),('super_admin','/account-new/create'),('Admin','/account-new/delete'),('Sales','/account-new/delete'),('super_admin','/account-new/delete'),('Admin','/account-new/index'),('Sales','/account-new/index'),('super_admin','/account-new/index'),('Admin','/account-new/update'),('Sales','/account-new/update'),('super_admin','/account-new/update'),('Admin','/account-new/view'),('Sales','/account-new/view'),('super_admin','/account-new/view'),('Admin','/account/*'),('Sales','/account/*'),('Staff','/account/*'),('super_admin','/account/*'),('Admin','/account/create'),('Sales','/account/create'),('super_admin','/account/create'),('Admin','/account/delete'),('Sales','/account/delete'),('super_admin','/account/delete'),('Admin','/account/index'),('Sales','/account/index'),('super_admin','/account/index'),('Admin','/account/update'),('Sales','/account/update'),('super_admin','/account/update'),('Admin','/account/view'),('Sales','/account/view'),('super_admin','/account/view'),('Admin','/admin/*'),('Sales','/admin/*'),('super_admin','/admin/*'),('Admin','/admin/assignment/*'),('Sales','/admin/assignment/*'),('super_admin','/admin/assignment/*'),('Admin','/admin/assignment/assign'),('Sales','/admin/assignment/assign'),('super_admin','/admin/assignment/assign'),('Admin','/admin/assignment/index'),('Sales','/admin/assignment/index'),('super_admin','/admin/assignment/index'),('Admin','/admin/assignment/revoke'),('Sales','/admin/assignment/revoke'),('super_admin','/admin/assignment/revoke'),('Admin','/admin/assignment/view'),('Sales','/admin/assignment/view'),('super_admin','/admin/assignment/view'),('Admin','/admin/default/*'),('Sales','/admin/default/*'),('super_admin','/admin/default/*'),('Admin','/admin/default/index'),('Sales','/admin/default/index'),('super_admin','/admin/default/index'),('Admin','/admin/menu/*'),('Sales','/admin/menu/*'),('super_admin','/admin/menu/*'),('Admin','/admin/menu/create'),('Sales','/admin/menu/create'),('super_admin','/admin/menu/create'),('Admin','/admin/menu/delete'),('Sales','/admin/menu/delete'),('super_admin','/admin/menu/delete'),('Admin','/admin/menu/index'),('Sales','/admin/menu/index'),('super_admin','/admin/menu/index'),('Admin','/admin/menu/update'),('Sales','/admin/menu/update'),('super_admin','/admin/menu/update'),('Admin','/admin/menu/view'),('Sales','/admin/menu/view'),('super_admin','/admin/menu/view'),('Admin','/admin/permission/*'),('Sales','/admin/permission/*'),('super_admin','/admin/permission/*'),('Admin','/admin/permission/assign'),('Sales','/admin/permission/assign'),('super_admin','/admin/permission/assign'),('Admin','/admin/permission/create'),('Sales','/admin/permission/create'),('super_admin','/admin/permission/create'),('Admin','/admin/permission/delete'),('Sales','/admin/permission/delete'),('super_admin','/admin/permission/delete'),('Admin','/admin/permission/index'),('Sales','/admin/permission/index'),('super_admin','/admin/permission/index'),('Admin','/admin/permission/remove'),('Sales','/admin/permission/remove'),('super_admin','/admin/permission/remove'),('Admin','/admin/permission/update'),('Sales','/admin/permission/update'),('super_admin','/admin/permission/update'),('Admin','/admin/permission/view'),('Sales','/admin/permission/view'),('super_admin','/admin/permission/view'),('Admin','/admin/role/*'),('Sales','/admin/role/*'),('super_admin','/admin/role/*'),('Admin','/admin/role/assign'),('Sales','/admin/role/assign'),('super_admin','/admin/role/assign'),('Admin','/admin/role/create'),('Sales','/admin/role/create'),('super_admin','/admin/role/create'),('Admin','/admin/role/delete'),('Sales','/admin/role/delete'),('super_admin','/admin/role/delete'),('Admin','/admin/role/index'),('Sales','/admin/role/index'),('super_admin','/admin/role/index'),('Admin','/admin/role/remove'),('Sales','/admin/role/remove'),('super_admin','/admin/role/remove'),('Admin','/admin/role/update'),('Sales','/admin/role/update'),('super_admin','/admin/role/update'),('Admin','/admin/role/view'),('Sales','/admin/role/view'),('super_admin','/admin/role/view'),('Admin','/admin/route/*'),('Sales','/admin/route/*'),('super_admin','/admin/route/*'),('Admin','/admin/route/assign'),('Sales','/admin/route/assign'),('super_admin','/admin/route/assign'),('Admin','/admin/route/create'),('Sales','/admin/route/create'),('super_admin','/admin/route/create'),('Admin','/admin/route/index'),('Sales','/admin/route/index'),('super_admin','/admin/route/index'),('Admin','/admin/route/refresh'),('Sales','/admin/route/refresh'),('super_admin','/admin/route/refresh'),('Admin','/admin/route/remove'),('Sales','/admin/route/remove'),('super_admin','/admin/route/remove'),('Admin','/admin/rule/*'),('Sales','/admin/rule/*'),('super_admin','/admin/rule/*'),('Admin','/admin/rule/create'),('Sales','/admin/rule/create'),('super_admin','/admin/rule/create'),('Admin','/admin/rule/delete'),('Sales','/admin/rule/delete'),('super_admin','/admin/rule/delete'),('Admin','/admin/rule/index'),('Sales','/admin/rule/index'),('super_admin','/admin/rule/index'),('Admin','/admin/rule/update'),('Sales','/admin/rule/update'),('super_admin','/admin/rule/update'),('Admin','/admin/rule/view'),('Sales','/admin/rule/view'),('super_admin','/admin/rule/view'),('Admin','/admin/user/*'),('Sales','/admin/user/*'),('super_admin','/admin/user/*'),('Admin','/admin/user/activate'),('Sales','/admin/user/activate'),('super_admin','/admin/user/activate'),('Admin','/admin/user/change-password'),('Sales','/admin/user/change-password'),('super_admin','/admin/user/change-password'),('Admin','/admin/user/delete'),('Sales','/admin/user/delete'),('super_admin','/admin/user/delete'),('Admin','/admin/user/index'),('Sales','/admin/user/index'),('super_admin','/admin/user/index'),('Admin','/admin/user/login'),('Sales','/admin/user/login'),('super_admin','/admin/user/login'),('Admin','/admin/user/logout'),('Sales','/admin/user/logout'),('super_admin','/admin/user/logout'),('Admin','/admin/user/request-password-reset'),('Sales','/admin/user/request-password-reset'),('super_admin','/admin/user/request-password-reset'),('Admin','/admin/user/reset-password'),('Sales','/admin/user/reset-password'),('super_admin','/admin/user/reset-password'),('Admin','/admin/user/signup'),('Sales','/admin/user/signup'),('super_admin','/admin/user/signup'),('Admin','/admin/user/view'),('Sales','/admin/user/view'),('super_admin','/admin/user/view'),('Admin','/category/*'),('Sales','/category/*'),('super_admin','/category/*'),('Admin','/category/create'),('Sales','/category/create'),('super_admin','/category/create'),('Admin','/category/delete'),('Sales','/category/delete'),('super_admin','/category/delete'),('Admin','/category/index'),('Sales','/category/index'),('super_admin','/category/index'),('Admin','/category/update'),('Sales','/category/update'),('super_admin','/category/update'),('Admin','/category/view'),('Sales','/category/view'),('super_admin','/category/view'),('Admin','/customer/*'),('Sales','/customer/*'),('Staff','/customer/*'),('super_admin','/customer/*'),('Admin','/customer/create'),('Sales','/customer/create'),('super_admin','/customer/create'),('Admin','/customer/delete'),('Sales','/customer/delete'),('super_admin','/customer/delete'),('Admin','/customer/index'),('Sales','/customer/index'),('super_admin','/customer/index'),('Admin','/customer/update'),('Sales','/customer/update'),('super_admin','/customer/update'),('Admin','/customer/view'),('Sales','/customer/view'),('super_admin','/customer/view'),('Admin','/debug/*'),('Sales','/debug/*'),('super_admin','/debug/*'),('Admin','/debug/default/*'),('Sales','/debug/default/*'),('super_admin','/debug/default/*'),('Admin','/debug/default/db-explain'),('Sales','/debug/default/db-explain'),('super_admin','/debug/default/db-explain'),('Admin','/debug/default/download-mail'),('Sales','/debug/default/download-mail'),('super_admin','/debug/default/download-mail'),('Admin','/debug/default/index'),('Sales','/debug/default/index'),('super_admin','/debug/default/index'),('Admin','/debug/default/toolbar'),('Sales','/debug/default/toolbar'),('super_admin','/debug/default/toolbar'),('Admin','/debug/default/view'),('Sales','/debug/default/view'),('super_admin','/debug/default/view'),('Admin','/debug/user/*'),('Sales','/debug/user/*'),('super_admin','/debug/user/*'),('Admin','/debug/user/reset-identity'),('Sales','/debug/user/reset-identity'),('super_admin','/debug/user/reset-identity'),('Admin','/debug/user/set-identity'),('Sales','/debug/user/set-identity'),('super_admin','/debug/user/set-identity'),('Admin','/gii/*'),('Sales','/gii/*'),('super_admin','/gii/*'),('Admin','/gii/default/*'),('Sales','/gii/default/*'),('super_admin','/gii/default/*'),('Admin','/gii/default/action'),('Sales','/gii/default/action'),('super_admin','/gii/default/action'),('Admin','/gii/default/diff'),('Sales','/gii/default/diff'),('super_admin','/gii/default/diff'),('Admin','/gii/default/index'),('Sales','/gii/default/index'),('super_admin','/gii/default/index'),('Admin','/gii/default/preview'),('Sales','/gii/default/preview'),('super_admin','/gii/default/preview'),('Admin','/gii/default/view'),('Sales','/gii/default/view'),('super_admin','/gii/default/view'),('Admin','/gl/*'),('Sales','/gl/*'),('Staff','/gl/*'),('super_admin','/gl/*'),('Admin','/gl/create'),('Sales','/gl/create'),('super_admin','/gl/create'),('Admin','/gl/delete'),('Sales','/gl/delete'),('super_admin','/gl/delete'),('Admin','/gl/index'),('Sales','/gl/index'),('super_admin','/gl/index'),('Admin','/gl/update'),('Sales','/gl/update'),('super_admin','/gl/update'),('Admin','/gl/view'),('Sales','/gl/view'),('super_admin','/gl/view'),('Admin','/level-percentage/*'),('Sales','/level-percentage/*'),('Staff','/level-percentage/*'),('super_admin','/level-percentage/*'),('Admin','/level-percentage/create'),('Sales','/level-percentage/create'),('super_admin','/level-percentage/create'),('Admin','/level-percentage/delete'),('Sales','/level-percentage/delete'),('super_admin','/level-percentage/delete'),('Admin','/level-percentage/index'),('Sales','/level-percentage/index'),('super_admin','/level-percentage/index'),('Admin','/level-percentage/update'),('Sales','/level-percentage/update'),('super_admin','/level-percentage/update'),('Admin','/level-percentage/view'),('Sales','/level-percentage/view'),('super_admin','/level-percentage/view'),('Admin','/order/*'),('Sales','/order/*'),('Staff','/order/*'),('super_admin','/order/*'),('Admin','/order/approve-all'),('Sales','/order/approve-all'),('super_admin','/order/approve-all'),('Admin','/order/approved'),('Sales','/order/approved'),('super_admin','/order/approved'),('Admin','/order/cancel'),('Sales','/order/cancel'),('super_admin','/order/cancel'),('Admin','/order/create'),('Sales','/order/create'),('super_admin','/order/create'),('Admin','/order/delete'),('Sales','/order/delete'),('super_admin','/order/delete'),('Admin','/order/error'),('Sales','/order/error'),('super_admin','/order/error'),('Admin','/order/history'),('Sales','/order/history'),('super_admin','/order/history'),('Admin','/order/index'),('Sales','/order/index'),('super_admin','/order/index'),('Admin','/order/payment'),('Sales','/order/payment'),('super_admin','/order/payment'),('Admin','/order/payment-method'),('Sales','/order/payment-method'),('super_admin','/order/payment-method'),('Admin','/order/payment-verified'),('Sales','/order/payment-verified'),('super_admin','/order/payment-verified'),('Admin','/order/pending'),('Sales','/order/pending'),('super_admin','/order/pending'),('Admin','/order/return'),('Sales','/order/return'),('super_admin','/order/return'),('Admin','/order/thankyou'),('Sales','/order/thankyou'),('super_admin','/order/thankyou'),('Admin','/order/transfer'),('Sales','/order/transfer'),('super_admin','/order/transfer'),('Admin','/order/update'),('Sales','/order/update'),('super_admin','/order/update'),('Admin','/order/view'),('Sales','/order/view'),('super_admin','/order/view'),('Admin','/postcode/*'),('Sales','/postcode/*'),('Staff','/postcode/*'),('super_admin','/postcode/*'),('Admin','/postcode/all-code'),('Sales','/postcode/all-code'),('super_admin','/postcode/all-code'),('Admin','/postcode/create'),('Sales','/postcode/create'),('super_admin','/postcode/create'),('Admin','/postcode/delete'),('Sales','/postcode/delete'),('super_admin','/postcode/delete'),('Admin','/postcode/import'),('Sales','/postcode/import'),('super_admin','/postcode/import'),('Admin','/postcode/index'),('Sales','/postcode/index'),('super_admin','/postcode/index'),('Admin','/postcode/update'),('Sales','/postcode/update'),('super_admin','/postcode/update'),('Admin','/postcode/view'),('Sales','/postcode/view'),('super_admin','/postcode/view'),('Admin','/product-order/*'),('Sales','/product-order/*'),('Staff','/product-order/*'),('super_admin','/product-order/*'),('Admin','/product-order/create'),('Sales','/product-order/create'),('super_admin','/product-order/create'),('Admin','/product-order/delete'),('Sales','/product-order/delete'),('super_admin','/product-order/delete'),('Admin','/product-order/index'),('Sales','/product-order/index'),('super_admin','/product-order/index'),('Admin','/product-order/update'),('Sales','/product-order/update'),('super_admin','/product-order/update'),('Admin','/product-order/view'),('Sales','/product-order/view'),('super_admin','/product-order/view'),('Admin','/product/*'),('Sales','/product/*'),('Staff','/product/*'),('super_admin','/product/*'),('Admin','/product/create'),('Sales','/product/create'),('super_admin','/product/create'),('Admin','/product/delete'),('Sales','/product/delete'),('super_admin','/product/delete'),('Admin','/product/get-product'),('Sales','/product/get-product'),('super_admin','/product/get-product'),('Admin','/product/index'),('Sales','/product/index'),('super_admin','/product/index'),('Admin','/product/total-stock'),('Sales','/product/total-stock'),('super_admin','/product/total-stock'),('Admin','/product/update'),('Sales','/product/update'),('super_admin','/product/update'),('Admin','/product/view'),('Sales','/product/view'),('super_admin','/product/view'),('Admin','/quantity-based-pricing/*'),('Sales','/quantity-based-pricing/*'),('Staff','/quantity-based-pricing/*'),('super_admin','/quantity-based-pricing/*'),('Admin','/quantity-based-pricing/create'),('Sales','/quantity-based-pricing/create'),('super_admin','/quantity-based-pricing/create'),('Admin','/quantity-based-pricing/delete'),('Sales','/quantity-based-pricing/delete'),('super_admin','/quantity-based-pricing/delete'),('Admin','/quantity-based-pricing/index'),('Sales','/quantity-based-pricing/index'),('super_admin','/quantity-based-pricing/index'),('Admin','/quantity-based-pricing/update'),('Sales','/quantity-based-pricing/update'),('super_admin','/quantity-based-pricing/update'),('Admin','/quantity-based-pricing/view'),('Sales','/quantity-based-pricing/view'),('super_admin','/quantity-based-pricing/view'),('Admin','/recieveable/*'),('Sales','/recieveable/*'),('Staff','/recieveable/*'),('super_admin','/recieveable/*'),('Admin','/recieveable/create'),('Sales','/recieveable/create'),('super_admin','/recieveable/create'),('Admin','/recieveable/getrecieveableamount'),('Sales','/recieveable/getrecieveableamount'),('super_admin','/recieveable/getrecieveableamount'),('Admin','/recieveable/index'),('Sales','/recieveable/index'),('super_admin','/recieveable/index'),('Admin','/recieveable/view'),('Sales','/recieveable/view'),('super_admin','/recieveable/view'),('Admin','/reports/*'),('Sales','/reports/*'),('Staff','/reports/*'),('super_admin','/reports/*'),('Admin','/reports/inventory-report'),('Sales','/reports/inventory-report'),('super_admin','/reports/inventory-report'),('Admin','/reports/inventory-report-result'),('Sales','/reports/inventory-report-result'),('super_admin','/reports/inventory-report-result'),('Admin','/reports/order-report'),('Sales','/reports/order-report'),('super_admin','/reports/order-report'),('Admin','/reports/order-report-result'),('Sales','/reports/order-report-result'),('super_admin','/reports/order-report-result'),('Admin','/reports/payable-report'),('Sales','/reports/payable-report'),('super_admin','/reports/payable-report'),('Admin','/reports/receivable-payable-report-result'),('Sales','/reports/receivable-payable-report-result'),('super_admin','/reports/receivable-payable-report-result'),('Admin','/reports/receivable-report'),('Sales','/reports/receivable-report'),('super_admin','/reports/receivable-report'),('Admin','/setting/*'),('Sales','/setting/*'),('Staff','/setting/*'),('super_admin','/setting/*'),('Admin','/setting/create'),('Sales','/setting/create'),('super_admin','/setting/create'),('Admin','/setting/delete'),('Sales','/setting/delete'),('super_admin','/setting/delete'),('Admin','/setting/index'),('Sales','/setting/index'),('super_admin','/setting/index'),('Admin','/setting/update'),('Sales','/setting/update'),('super_admin','/setting/update'),('Admin','/setting/view'),('Sales','/setting/view'),('super_admin','/setting/view'),('Admin','/shipping-address/*'),('Sales','/shipping-address/*'),('super_admin','/shipping-address/*'),('Admin','/shipping-address/create'),('Sales','/shipping-address/create'),('super_admin','/shipping-address/create'),('Admin','/shipping-address/delete'),('Sales','/shipping-address/delete'),('super_admin','/shipping-address/delete'),('Admin','/shipping-address/index'),('Sales','/shipping-address/index'),('super_admin','/shipping-address/index'),('Admin','/shipping-address/update'),('Sales','/shipping-address/update'),('super_admin','/shipping-address/update'),('Admin','/shipping-address/view'),('Sales','/shipping-address/view'),('super_admin','/shipping-address/view'),('Admin','/site/*'),('Sales','/site/*'),('Staff','/site/*'),('super_admin','/site/*'),('Admin','/site/about'),('Sales','/site/about'),('super_admin','/site/about'),('Admin','/site/captcha'),('Sales','/site/captcha'),('super_admin','/site/captcha'),('Admin','/site/contact'),('Sales','/site/contact'),('super_admin','/site/contact'),('Admin','/site/error'),('Sales','/site/error'),('super_admin','/site/error'),('Admin','/site/index'),('Sales','/site/index'),('super_admin','/site/index'),('Admin','/site/language'),('Sales','/site/language'),('super_admin','/site/language'),('Admin','/site/login'),('Sales','/site/login'),('super_admin','/site/login'),('Admin','/site/logout'),('Sales','/site/logout'),('super_admin','/site/logout'),('Admin','/site/request-password-reset'),('Sales','/site/request-password-reset'),('super_admin','/site/request-password-reset'),('Admin','/site/reset-password'),('Sales','/site/reset-password'),('super_admin','/site/reset-password'),('Admin','/site/signup'),('Sales','/site/signup'),('super_admin','/site/signup'),('Admin','/stock-in/*'),('Sales','/stock-in/*'),('Staff','/stock-in/*'),('super_admin','/stock-in/*'),('Admin','/stock-in/allstock'),('Sales','/stock-in/allstock'),('super_admin','/stock-in/allstock'),('Admin','/stock-in/approve'),('Sales','/stock-in/approve'),('super_admin','/stock-in/approve'),('Admin','/stock-in/cancel'),('Sales','/stock-in/cancel'),('super_admin','/stock-in/cancel'),('Admin','/stock-in/create'),('Sales','/stock-in/create'),('super_admin','/stock-in/create'),('Admin','/stock-in/delete'),('Sales','/stock-in/delete'),('super_admin','/stock-in/delete'),('Admin','/stock-in/getunits'),('Sales','/stock-in/getunits'),('super_admin','/stock-in/getunits'),('Admin','/stock-in/index'),('Sales','/stock-in/index'),('super_admin','/stock-in/index'),('Admin','/stock-in/update'),('Sales','/stock-in/update'),('super_admin','/stock-in/update'),('Admin','/stock-in/view'),('Sales','/stock-in/view'),('super_admin','/stock-in/view'),('Admin','/stock-out/*'),('Sales','/stock-out/*'),('Staff','/stock-out/*'),('super_admin','/stock-out/*'),('Admin','/stock-out/create'),('Sales','/stock-out/create'),('super_admin','/stock-out/create'),('Admin','/stock-out/delete'),('Sales','/stock-out/delete'),('super_admin','/stock-out/delete'),('Admin','/stock-out/index'),('Sales','/stock-out/index'),('super_admin','/stock-out/index'),('Admin','/stock-out/update'),('Sales','/stock-out/update'),('super_admin','/stock-out/update'),('Admin','/stock-out/view'),('Sales','/stock-out/view'),('super_admin','/stock-out/view'),('Admin','/stock-status/*'),('Sales','/stock-status/*'),('Staff','/stock-status/*'),('super_admin','/stock-status/*'),('Admin','/stock-status/create'),('Sales','/stock-status/create'),('super_admin','/stock-status/create'),('Admin','/stock-status/delete'),('Sales','/stock-status/delete'),('super_admin','/stock-status/delete'),('Admin','/stock-status/index'),('Sales','/stock-status/index'),('super_admin','/stock-status/index'),('Admin','/stock-status/update'),('Sales','/stock-status/update'),('super_admin','/stock-status/update'),('Admin','/stock-status/view'),('Sales','/stock-status/view'),('super_admin','/stock-status/view'),('Admin','/user-product-level/*'),('Sales','/user-product-level/*'),('Staff','/user-product-level/*'),('super_admin','/user-product-level/*'),('Admin','/user-product-level/create'),('Sales','/user-product-level/create'),('super_admin','/user-product-level/create'),('Admin','/user-product-level/delete'),('Sales','/user-product-level/delete'),('super_admin','/user-product-level/delete'),('Admin','/user-product-level/getunits'),('Sales','/user-product-level/getunits'),('super_admin','/user-product-level/getunits'),('Admin','/user-product-level/getunitsprice'),('Sales','/user-product-level/getunitsprice'),('super_admin','/user-product-level/getunitsprice'),('Admin','/user-product-level/import'),('Sales','/user-product-level/import'),('super_admin','/user-product-level/import'),('Admin','/user-product-level/index'),('Sales','/user-product-level/index'),('super_admin','/user-product-level/index'),('Admin','/user-product-level/levelpakages'),('Sales','/user-product-level/levelpakages'),('super_admin','/user-product-level/levelpakages'),('Admin','/user-product-level/update'),('Sales','/user-product-level/update'),('super_admin','/user-product-level/update'),('Admin','/user-product-level/view'),('Sales','/user-product-level/view'),('super_admin','/user-product-level/view'),('Admin','/user/*'),('Sales','/user/*'),('Staff','/user/*'),('super_admin','/user/*'),('Admin','/user/allcustomer'),('Sales','/user/allcustomer'),('super_admin','/user/allcustomer'),('Admin','/user/childusers'),('Sales','/user/childusers'),('super_admin','/user/childusers'),('Admin','/user/create'),('Sales','/user/create'),('super_admin','/user/create'),('Admin','/user/customer'),('Sales','/user/customer'),('super_admin','/user/customer'),('Admin','/user/delete'),('Sales','/user/delete'),('super_admin','/user/delete'),('Admin','/user/error'),('Sales','/user/error'),('super_admin','/user/error'),('Admin','/user/fullfillment'),('Sales','/user/fullfillment'),('super_admin','/user/fullfillment'),('Admin','/user/get-levels'),('Sales','/user/get-levels'),('super_admin','/user/get-levels'),('Admin','/user/get-parent-id'),('Sales','/user/get-parent-id'),('super_admin','/user/get-parent-id'),('Admin','/user/get-seller-levels'),('Sales','/user/get-seller-levels'),('super_admin','/user/get-seller-levels'),('Admin','/user/get-users'),('Sales','/user/get-users'),('super_admin','/user/get-users'),('Admin','/user/getuseraddress'),('Sales','/user/getuseraddress'),('super_admin','/user/getuseraddress'),('Admin','/user/import'),('Sales','/user/import'),('super_admin','/user/import'),('Admin','/user/index'),('Sales','/user/index'),('super_admin','/user/index'),('Admin','/user/update'),('Sales','/user/update'),('super_admin','/user/update'),('Admin','/user/view'),('Sales','/user/view'),('super_admin','/user/view'),('Admin','/users-level/*'),('Sales','/users-level/*'),('Staff','/users-level/*'),('super_admin','/users-level/*'),('Admin','/users-level/create'),('Sales','/users-level/create'),('super_admin','/users-level/create'),('Admin','/users-level/delete'),('Sales','/users-level/delete'),('super_admin','/users-level/delete'),('Admin','/users-level/import'),('Sales','/users-level/import'),('super_admin','/users-level/import'),('Admin','/users-level/index'),('Sales','/users-level/index'),('super_admin','/users-level/index'),('Admin','/users-level/update'),('Sales','/users-level/update'),('super_admin','/users-level/update'),('Admin','/users-level/view'),('Sales','/users-level/view'),('super_admin','/users-level/view');
/*!40000 ALTER TABLE `auth_item_child` ENABLE KEYS */;
UNLOCK TABLES;

--
-- Table structure for table `auth_rule`
--

DROP TABLE IF EXISTS `auth_rule`;
/*!40101 SET @saved_cs_client     = @@character_set_client */;
/*!40101 SET character_set_client = utf8 */;
CREATE TABLE `auth_rule` (
  `name` varchar(64) NOT NULL,
  `data` text,
  `created_at` int(11) DEFAULT NULL,
  `updated_at` int(11) DEFAULT NULL,
  PRIMARY KEY (`name`)
) ENGINE=InnoDB DEFAULT CHARSET=latin1;
/*!40101 SET character_set_client = @saved_cs_client */;

--
-- Dumping data for table `auth_rule`
--

LOCK TABLES `auth_rule` WRITE;
/*!40000 ALTER TABLE `auth_rule` DISABLE KEYS */;
/*!40000 ALTER TABLE `auth_rule` ENABLE KEYS */;
UNLOCK TABLES;

--
-- Table structure for table `branch`
--

DROP TABLE IF EXISTS `branch`;
/*!40101 SET @saved_cs_client     = @@character_set_client */;
/*!40101 SET character_set_client = utf8 */;
CREATE TABLE `branch` (
  `id` varchar(64) NOT NULL,
  `sr` int(11) DEFAULT NULL,
  `name` varchar(45) DEFAULT NULL,
  `email` varchar(45) DEFAULT NULL,
  `country` varchar(45) DEFAULT NULL,
  `state` varchar(45) DEFAULT NULL,
  `city` varchar(45) DEFAULT NULL,
  `street` varchar(45) DEFAULT NULL,
  `zip` varchar(45) DEFAULT NULL,
  `created_by` varchar(64) DEFAULT NULL,
  `updated_by` varchar(64) DEFAULT NULL,
  `created_at` varchar(64) DEFAULT NULL,
  `updated_at` varchar(64) DEFAULT NULL,
  `company_id` varchar(64) NOT NULL,
  PRIMARY KEY (`id`),
  KEY `fk_branch_company1_idx` (`company_id`),
  CONSTRAINT `fk_branch_company1` FOREIGN KEY (`company_id`) REFERENCES `company` (`id`) ON DELETE NO ACTION ON UPDATE NO ACTION
) ENGINE=InnoDB DEFAULT CHARSET=utf8;
/*!40101 SET character_set_client = @saved_cs_client */;

--
-- Dumping data for table `branch`
--

LOCK TABLES `branch` WRITE;
/*!40000 ALTER TABLE `branch` DISABLE KEYS */;
INSERT INTO `branch` VALUES ('1',1,'dfdf','rajwabarocho@gmail.com',NULL,NULL,NULL,NULL,NULL,NULL,NULL,NULL,NULL,'1'),('4373BD08-05B3-4011-BA22-ACDC6D574851',1,'Gulestan','sajid@gmail.com','Pakistan','Karachi','islamabad',NULL,'082',NULL,NULL,'2018-03-05 16:35:29','2018-03-05 16:35:29','32C96E39-EAF5-46AC-947D-BC298A04A2A9'),('464C2FFD-B0BD-4C91-B482-34B1F82EEB42',1,'Beday','admin@gmail.com','Thiland','No','thie',NULL,'082',NULL,NULL,'2018-03-05 17:20:18','2018-03-05 17:20:18','F9E7025A-47B1-4D52-A73B-C1D83E0F4DD0'),('64FFDBB4-B0FB-44C3-86E8-4196D9ED32B0',1,'Gulestan','sajid@gmail.com','Pakistan','Karachi','islamabad',NULL,'082',NULL,NULL,'2018-03-05 17:06:15','2018-03-05 17:06:15','6D38B86B-9194-4C97-9060-90B904A01C54'),('6937E561-C557-4CB0-A8AB-11BDE33F9914',1,'Gulestan','sajid@gmail.com','Pakistan','Karachi','islamabad',NULL,'082',NULL,NULL,'2018-03-05 16:46:59','2018-03-05 16:46:59','5F5D8D81-5974-4A56-B81B-2EE1E69F5F26'),('775D7F0C-ED8B-4903-B873-2BC65F32912E',1,'Gulestan','sajid@gmail.com','Pakistan','Karachi','islamabad',NULL,'082',NULL,NULL,'2018-03-05 17:02:59','2018-03-05 17:02:59','E02D343A-65CF-4E0C-91EC-1587C9489DAD'),('A3BBD9EA-051F-4E09-AB1B-E863FA682E53',1,'Gulestan','sajid@gmail.com','Pakistan','Karachi','islamabad',NULL,'082',NULL,NULL,'2018-03-05 16:40:44','2018-03-05 16:40:44','E2EA325D-A4B8-45CC-A799-4A6D404D7015'),('A76FBD2E-6AAD-444B-9F4C-A123D17CE129',1,'Gulestan','sajid@gmail.com','Pakistan','Karachi','islamabad',NULL,'082',NULL,NULL,'2018-03-05 17:02:17','2018-03-05 17:02:17','CFF5C7C0-70DA-48E6-A08A-5AB65EE70FCE'),('C864CB50-3D20-4C5B-8023-8D3A7CB4184C',1,'Gulestan','sajid@gmail.com','Pakistan','Karachi','islamabad',NULL,'082',NULL,NULL,'2018-03-05 17:09:38','2018-03-05 17:09:38','233DDC45-2110-4DD3-A97F-9AA784820672'),('D7A0F136-D2B1-4F67-B9C4-2834FE050C95',1,'Gulestan','sajid@gmail.com','Pakistan','Karachi','islamabad',NULL,'082',NULL,NULL,'2018-03-05 16:47:40','2018-03-05 16:47:40','FCC00A6B-A2F9-4484-9212-045F3B9BF5E0'),('DF79B895-0EA5-4123-ABC0-DA2DD348E46F',1,'Gulestan','sajid@gmail.com','Pakistan','Karachi','islamabad',NULL,'082',NULL,NULL,'2018-03-05 17:09:10','2018-03-05 17:09:10','46AF0BD5-465D-48F8-A7F5-FAD74C58CA51');
/*!40000 ALTER TABLE `branch` ENABLE KEYS */;
UNLOCK TABLES;

--
-- Table structure for table `category`
--

DROP TABLE IF EXISTS `category`;
/*!40101 SET @saved_cs_client     = @@character_set_client */;
/*!40101 SET character_set_client = utf8 */;
CREATE TABLE `category` (
  `id` varchar(64) NOT NULL,
  `name` varchar(45) DEFAULT NULL,
  `sr` varchar(45) DEFAULT NULL,
  `branch_id` varchar(64) NOT NULL,
  `company_id` varchar(64) NOT NULL,
  PRIMARY KEY (`id`),
  KEY `fk_category_branch1_idx` (`branch_id`),
  KEY `fk_category_company1_idx` (`company_id`),
  CONSTRAINT `fk_category_branch1` FOREIGN KEY (`branch_id`) REFERENCES `branch` (`id`) ON DELETE NO ACTION ON UPDATE NO ACTION,
  CONSTRAINT `fk_category_company1` FOREIGN KEY (`company_id`) REFERENCES `company` (`id`) ON DELETE NO ACTION ON UPDATE NO ACTION
) ENGINE=InnoDB DEFAULT CHARSET=utf8;
/*!40101 SET character_set_client = @saved_cs_client */;

--
-- Dumping data for table `category`
--

LOCK TABLES `category` WRITE;
/*!40000 ALTER TABLE `category` DISABLE KEYS */;
/*!40000 ALTER TABLE `category` ENABLE KEYS */;
UNLOCK TABLES;

--
-- Table structure for table `change_log`
--

DROP TABLE IF EXISTS `change_log`;
/*!40101 SET @saved_cs_client     = @@character_set_client */;
/*!40101 SET character_set_client = utf8 */;
CREATE TABLE `change_log` (
  `id` varchar(64) NOT NULL,
  `user_id` varchar(64) DEFAULT NULL,
  `parent_id` varchar(64) DEFAULT NULL,
  `level_id` varchar(64) DEFAULT NULL,
  `created_by` varchar(64) DEFAULT NULL,
  `updated_by` varchar(64) DEFAULT NULL,
  `created_at` timestamp NULL DEFAULT NULL,
  `updated_at` timestamp NULL DEFAULT NULL,
  `sr` int(11) DEFAULT NULL,
  `branch_id` varchar(64) NOT NULL,
  `company_id` varchar(64) NOT NULL,
  PRIMARY KEY (`id`),
  KEY `fk_change_log_branch1_idx` (`branch_id`),
  KEY `fk_change_log_company1_idx` (`company_id`),
  CONSTRAINT `fk_change_log_branch1` FOREIGN KEY (`branch_id`) REFERENCES `branch` (`id`) ON DELETE NO ACTION ON UPDATE NO ACTION,
  CONSTRAINT `fk_change_log_company1` FOREIGN KEY (`company_id`) REFERENCES `company` (`id`) ON DELETE NO ACTION ON UPDATE NO ACTION
) ENGINE=InnoDB DEFAULT CHARSET=utf8;
/*!40101 SET character_set_client = @saved_cs_client */;

--
-- Dumping data for table `change_log`
--

LOCK TABLES `change_log` WRITE;
/*!40000 ALTER TABLE `change_log` DISABLE KEYS */;
/*!40000 ALTER TABLE `change_log` ENABLE KEYS */;
UNLOCK TABLES;

--
-- Table structure for table `company`
--

DROP TABLE IF EXISTS `company`;
/*!40101 SET @saved_cs_client     = @@character_set_client */;
/*!40101 SET character_set_client = utf8 */;
CREATE TABLE `company` (
  `id` varchar(64) NOT NULL,
  `sr` int(11) DEFAULT NULL,
  `name` varchar(45) DEFAULT NULL,
  `email` varchar(45) DEFAULT NULL,
  `logo` varchar(45) DEFAULT NULL,
  `country` varchar(45) DEFAULT NULL,
  `state` varchar(45) DEFAULT NULL,
  `city` varchar(45) DEFAULT NULL,
  `zip` varchar(45) DEFAULT NULL,
  `created_by` varchar(45) DEFAULT NULL,
  `updated_by` varchar(45) DEFAULT NULL,
  `created_on` timestamp NULL DEFAULT NULL,
  `updated_on` timestamp NULL DEFAULT NULL,
  PRIMARY KEY (`id`)
) ENGINE=InnoDB DEFAULT CHARSET=utf8;
/*!40101 SET character_set_client = @saved_cs_client */;

--
-- Dumping data for table `company`
--

LOCK TABLES `company` WRITE;
/*!40000 ALTER TABLE `company` DISABLE KEYS */;
INSERT INTO `company` VALUES ('1',1,'sss','rajwabarocho@gmail.com',NULL,NULL,NULL,NULL,NULL,NULL,NULL,NULL,NULL),('233DDC45-2110-4DD3-A97F-9AA784820672',1,'Gulestan','sajid@gmail.com','rLomRTpQCPY1iaSczXZvFI7r3qzkPMaX.jpg','Pakistan','Karachi','islamabad','082',NULL,NULL,'2018-03-05 12:09:38','2018-03-05 12:09:38'),('32C96E39-EAF5-46AC-947D-BC298A04A2A9',1,'Gulestan','sajid@gmail.com','9uVBeKyj7yzp9QwsaQTLWPn4hEIw3DG9.jpg','Pakistan','Karachi','islamabad','082',NULL,NULL,'2018-03-05 11:35:29','2018-03-05 11:35:29'),('46AF0BD5-465D-48F8-A7F5-FAD74C58CA51',1,'Gulestan','sajid@gmail.com',NULL,'Pakistan','Karachi','islamabad','082',NULL,NULL,'2018-03-05 12:09:10','2018-03-05 12:09:10'),('4CD9A37D-FE1F-466A-A096-333DA079FB3E',1,'Gulestan','sajid@gmail.com','0KdsBM7fdGUxNtqmwU671RW1rnpbpq6W.jpg','Pakistan','Karachi','islamabad','082',NULL,NULL,'2018-03-05 11:24:39','2018-03-05 11:24:39'),('5F5D8D81-5974-4A56-B81B-2EE1E69F5F26',1,'Gulestan','sajid@gmail.com','7W2Ze5QBbNVq0jSTUrKOmWMdpUoOrGXH.jpg','Pakistan','Karachi','islamabad','082',NULL,NULL,'2018-03-05 11:46:58','2018-03-05 11:46:58'),('6D38B86B-9194-4C97-9060-90B904A01C54',1,'Gulestan','sajid@gmail.com',NULL,'Pakistan','Karachi','islamabad','082',NULL,NULL,'2018-03-05 12:06:15','2018-03-05 12:06:15'),('9158FAB3-CE26-4D7B-85B6-C863474EE56D',1,'Gulestan','sajid@gmail.com','rIXElQ3xIGDvPe7saXNISzaMJxeAA3qi.jpg','Pakistan','Karachi','islamabad','082',NULL,NULL,'2018-03-05 11:24:17','2018-03-05 11:24:17'),('CFF5C7C0-70DA-48E6-A08A-5AB65EE70FCE',1,'Gulestan','sajid@gmail.com','BHYV6-OsBkX-ty0_V_08p545r_WtVU5g.jpg','Pakistan','Karachi','islamabad','082',NULL,NULL,'2018-03-05 12:02:16','2018-03-05 12:02:16'),('E02D343A-65CF-4E0C-91EC-1587C9489DAD',1,'Gulestan','sajid@gmail.com',NULL,'Pakistan','Karachi','islamabad','082',NULL,NULL,'2018-03-05 12:02:59','2018-03-05 12:02:59'),('E2EA325D-A4B8-45CC-A799-4A6D404D7015',1,'Gulestan','sajid@gmail.com','S_rIchnLc2sax-iMh1dJpHxqvdd2EGYu.jpg','Pakistan','Karachi','islamabad','082',NULL,NULL,'2018-03-05 11:40:43','2018-03-05 11:40:43'),('F9E7025A-47B1-4D52-A73B-C1D83E0F4DD0',1,'Beday','admin@gmail.com','eplyUBYB2uomKynSAEwrJkoNAzX2xFVW.png','Thiland','No','thie','082',NULL,NULL,'2018-03-05 12:20:18','2018-03-05 12:20:18'),('FCC00A6B-A2F9-4484-9212-045F3B9BF5E0',1,'Gulestan','sajid@gmail.com','KZ1VpsXctyae918miqEIJWnACFNS8iJx.jpg','Pakistan','Karachi','islamabad','082',NULL,NULL,'2018-03-05 11:47:40','2018-03-05 11:47:40');
/*!40000 ALTER TABLE `company` ENABLE KEYS */;
UNLOCK TABLES;

--
-- Table structure for table `customer`
--

DROP TABLE IF EXISTS `customer`;
/*!40101 SET @saved_cs_client     = @@character_set_client */;
/*!40101 SET character_set_client = utf8 */;
CREATE TABLE `customer` (
  `id` varchar(64) NOT NULL,
  `name` varchar(45) DEFAULT NULL,
  `address` varchar(250) DEFAULT NULL,
  `post_code` varchar(45) DEFAULT NULL,
  `district` varchar(45) DEFAULT NULL,
  `province` varchar(45) DEFAULT NULL,
  `mobile` varchar(45) DEFAULT NULL,
  `phone` varchar(45) DEFAULT NULL,
  `email` varchar(45) DEFAULT NULL,
  `sr` int(11) DEFAULT NULL,
  `branch_id` varchar(64) NOT NULL,
  `company_id` varchar(64) NOT NULL,
  PRIMARY KEY (`id`),
  KEY `fk_customer_branch1_idx` (`branch_id`),
  KEY `fk_customer_company1_idx` (`company_id`),
  CONSTRAINT `fk_customer_branch1` FOREIGN KEY (`branch_id`) REFERENCES `branch` (`id`) ON DELETE NO ACTION ON UPDATE NO ACTION,
  CONSTRAINT `fk_customer_company1` FOREIGN KEY (`company_id`) REFERENCES `company` (`id`) ON DELETE NO ACTION ON UPDATE NO ACTION
) ENGINE=InnoDB DEFAULT CHARSET=utf8;
/*!40101 SET character_set_client = @saved_cs_client */;

--
-- Dumping data for table `customer`
--

LOCK TABLES `customer` WRITE;
/*!40000 ALTER TABLE `customer` DISABLE KEYS */;
/*!40000 ALTER TABLE `customer` ENABLE KEYS */;
UNLOCK TABLES;

--
-- Table structure for table `gl`
--

DROP TABLE IF EXISTS `gl`;
/*!40101 SET @saved_cs_client     = @@character_set_client */;
/*!40101 SET character_set_client = utf8 */;
CREATE TABLE `gl` (
  `id` varchar(64) NOT NULL,
  `amount` varchar(45) DEFAULT NULL,
  `created_by` varchar(64) DEFAULT NULL,
  `updated_by` varchar(64) DEFAULT NULL,
  `created_at` timestamp NULL DEFAULT NULL,
  `updated_at` timestamp NULL DEFAULT NULL,
  `hit_account_id` varchar(64) NOT NULL,
  `payment_slip` varchar(600) DEFAULT NULL,
  `sr` int(11) DEFAULT NULL,
  `branch_id` varchar(64) NOT NULL,
  `order_id` varchar(64) NOT NULL,
  `payment_detail_id` varchar(64) NOT NULL,
  `company_id` varchar(64) NOT NULL,
  `account_id` varchar(64) DEFAULT NULL,
  PRIMARY KEY (`id`),
  KEY `fk_gl_branch1_idx` (`branch_id`),
  KEY `fk_gl_order1_idx` (`order_id`),
  KEY `fk_gl_payment_detail1_idx` (`payment_detail_id`),
  KEY `fk_gl_company1_idx` (`company_id`),
  CONSTRAINT `fk_gl_branch1` FOREIGN KEY (`branch_id`) REFERENCES `branch` (`id`) ON DELETE NO ACTION ON UPDATE NO ACTION,
  CONSTRAINT `fk_gl_company1` FOREIGN KEY (`company_id`) REFERENCES `company` (`id`) ON DELETE NO ACTION ON UPDATE NO ACTION,
  CONSTRAINT `fk_gl_order1` FOREIGN KEY (`order_id`) REFERENCES `order` (`id`) ON DELETE NO ACTION ON UPDATE NO ACTION,
  CONSTRAINT `fk_gl_payment_detail1` FOREIGN KEY (`payment_detail_id`) REFERENCES `payment_detail` (`id`) ON DELETE NO ACTION ON UPDATE NO ACTION
) ENGINE=InnoDB DEFAULT CHARSET=utf8;
/*!40101 SET character_set_client = @saved_cs_client */;

--
-- Dumping data for table `gl`
--

LOCK TABLES `gl` WRITE;
/*!40000 ALTER TABLE `gl` DISABLE KEYS */;
INSERT INTO `gl` VALUES ('007FBC89-DB60-4897-8216-1BF3B8429A76','2240','72A627BA-9937-4E18-89CF-7E856068E36B','72A627BA-9937-4E18-89CF-7E856068E36B','2018-03-15 09:49:46','2018-03-15 09:49:46','CEEBF2AA-C575-4F97-99BE-215DA66A2ADB',NULL,13,'464C2FFD-B0BD-4C91-B482-34B1F82EEB42','9FA04373-572D-422A-A16E-B268BCFEE1F6','1','F9E7025A-47B1-4D52-A73B-C1D83E0F4DD0','9C1DB827-D792-4112-A561-395FB6846DDE'),('206A8921-6E6A-4830-A779-33211FB83FCC','1120000','6691BCEE-EFAF-4862-8C4D-8FC510B7547E','6691BCEE-EFAF-4862-8C4D-8FC510B7547E','2018-03-07 07:04:03','2018-03-07 07:04:03','464C2FFD-B0BD-4C91-B482-34B1F82rt653',NULL,4,'464C2FFD-B0BD-4C91-B482-34B1F82EEB42','6AD87516-899C-4018-9F7F-A79B7BE7AF99','1','F9E7025A-47B1-4D52-A73B-C1D83E0F4DD0',NULL),('21A31C4D-CC94-4857-B209-69E58125FC6F','4690','6691BCEE-EFAF-4862-8C4D-8FC510B7547E','6691BCEE-EFAF-4862-8C4D-8FC510B7547E','2018-03-09 10:37:03','2018-03-09 10:37:03','92ABDC25-BA4E-4158-9066-84CCA5CB0595',NULL,7,'464C2FFD-B0BD-4C91-B482-34B1F82EEB42','7470D911-3777-467B-994A-A47257DE1676','1','F9E7025A-47B1-4D52-A73B-C1D83E0F4DD0',NULL),('2269E289-D2DA-444A-A43E-1BC522BB3644','2800','6691BCEE-EFAF-4862-8C4D-8FC510B7547E','6691BCEE-EFAF-4862-8C4D-8FC510B7547E','2018-03-15 05:31:20','2018-03-15 05:31:20','37FD959D-42CF-4D6A-A356-8696F69ECFD5',NULL,10,'464C2FFD-B0BD-4C91-B482-34B1F82EEB42','23DADF80-526A-49A5-9FF0-F281515247E5','1','F9E7025A-47B1-4D52-A73B-C1D83E0F4DD0',NULL),('46AE7B15-0D9A-45F0-A15B-0D8083059458','2240','72A627BA-9937-4E18-89CF-7E856068E36B','72A627BA-9937-4E18-89CF-7E856068E36B','2018-03-15 09:49:46','2018-03-15 09:49:46','9C1DB827-D792-4112-A561-395FB6846DDE',NULL,14,'464C2FFD-B0BD-4C91-B482-34B1F82EEB42','9FA04373-572D-422A-A16E-B268BCFEE1F6','1','F9E7025A-47B1-4D52-A73B-C1D83E0F4DD0','CEEBF2AA-C575-4F97-99BE-215DA66A2ADB'),('6B4CB7F1-31E3-4866-9D7C-F11B1C8461DB','1120000','6691BCEE-EFAF-4862-8C4D-8FC510B7547E','6691BCEE-EFAF-4862-8C4D-8FC510B7547E','2018-03-07 07:04:03','2018-03-07 07:04:03','92ABDC25-BA4E-4158-9066-84CCA5CB0595',NULL,3,'464C2FFD-B0BD-4C91-B482-34B1F82EEB42','6AD87516-899C-4018-9F7F-A79B7BE7AF99','1','F9E7025A-47B1-4D52-A73B-C1D83E0F4DD0',NULL),('6D3A52EE-B452-4BC9-BF76-6D0374ED055F','4690','6691BCEE-EFAF-4862-8C4D-8FC510B7547E','6691BCEE-EFAF-4862-8C4D-8FC510B7547E','2018-03-09 10:37:03','2018-03-09 10:37:03','37FD959D-42CF-4D6A-A356-8696F69ECFD5',NULL,8,'464C2FFD-B0BD-4C91-B482-34B1F82EEB42','7470D911-3777-467B-994A-A47257DE1676','1','F9E7025A-47B1-4D52-A73B-C1D83E0F4DD0',NULL),('6D5AD2AD-7F72-485F-B9B2-6955E011223E','2800','6691BCEE-EFAF-4862-8C4D-8FC510B7547E','6691BCEE-EFAF-4862-8C4D-8FC510B7547E','2018-03-15 05:31:20','2018-03-15 05:31:20','5FAE65B0-82BA-4390-AA3E-C1A163FDDDE4',NULL,9,'464C2FFD-B0BD-4C91-B482-34B1F82EEB42','23DADF80-526A-49A5-9FF0-F281515247E5','1','F9E7025A-47B1-4D52-A73B-C1D83E0F4DD0',NULL),('9CB779A3-D761-4CA9-BF3C-583E9F9B0A30','637000','6691BCEE-EFAF-4862-8C4D-8FC510B7547E','6691BCEE-EFAF-4862-8C4D-8FC510B7547E','2018-03-09 10:06:23','2018-03-09 10:06:23','37FD959D-42CF-4D6A-A356-8696F69ECFD5',NULL,6,'464C2FFD-B0BD-4C91-B482-34B1F82EEB42','E0DF1FF1-A464-4930-9A23-53EC0ABD073E','1','F9E7025A-47B1-4D52-A73B-C1D83E0F4DD0',NULL),('AB215C91-B324-497C-91E2-3DCC89A36F28','2800','6691BCEE-EFAF-4862-8C4D-8FC510B7547E','6691BCEE-EFAF-4862-8C4D-8FC510B7547E','2018-03-15 09:37:37','2018-03-15 09:37:37','37FD959D-42CF-4D6A-A356-8696F69ECFD5',NULL,12,'464C2FFD-B0BD-4C91-B482-34B1F82EEB42','56E399C1-25FF-46ED-972B-95777E21451D','1','F9E7025A-47B1-4D52-A73B-C1D83E0F4DD0','77E96BB6-1B49-47E5-AF5F-E8322FA341FE'),('BE886609-E6BD-4147-86F7-6BA8DD7E1159','2800','6691BCEE-EFAF-4862-8C4D-8FC510B7547E','6691BCEE-EFAF-4862-8C4D-8FC510B7547E','2018-03-15 09:37:37','2018-03-15 09:37:37','77E96BB6-1B49-47E5-AF5F-E8322FA341FE',NULL,11,'464C2FFD-B0BD-4C91-B482-34B1F82EEB42','56E399C1-25FF-46ED-972B-95777E21451D','1','F9E7025A-47B1-4D52-A73B-C1D83E0F4DD0','37FD959D-42CF-4D6A-A356-8696F69ECFD5'),('E3380BE3-2AF6-41D9-B726-9897E420FD35','56000','6691BCEE-EFAF-4862-8C4D-8FC510B7547E','6691BCEE-EFAF-4862-8C4D-8FC510B7547E','2018-03-07 07:04:03','2018-03-07 07:04:03','464C2FFD-B0BD-4C91-B482-34B1F8erw23q',NULL,1,'464C2FFD-B0BD-4C91-B482-34B1F82EEB42','6AD87516-899C-4018-9F7F-A79B7BE7AF99','1','F9E7025A-47B1-4D52-A73B-C1D83E0F4DD0',NULL),('E79F03AD-3365-4FE7-BE66-1873C459668E','637000','6691BCEE-EFAF-4862-8C4D-8FC510B7547E','6691BCEE-EFAF-4862-8C4D-8FC510B7547E','2018-03-09 10:06:23','2018-03-09 10:06:23','4A968C6D-DB9C-499F-9F19-E9DDC024D758',NULL,5,'464C2FFD-B0BD-4C91-B482-34B1F82EEB42','E0DF1FF1-A464-4930-9A23-53EC0ABD073E','1','F9E7025A-47B1-4D52-A73B-C1D83E0F4DD0',NULL),('FB219847-52D5-4CF1-AF54-544267576A0E','56000','6691BCEE-EFAF-4862-8C4D-8FC510B7547E','6691BCEE-EFAF-4862-8C4D-8FC510B7547E','2018-03-07 07:04:03','2018-03-07 07:04:03','11469035-84B8-4E0C-900D-787976E3DFF7',NULL,2,'464C2FFD-B0BD-4C91-B482-34B1F82EEB42','6AD87516-899C-4018-9F7F-A79B7BE7AF99','1','F9E7025A-47B1-4D52-A73B-C1D83E0F4DD0',NULL);
/*!40000 ALTER TABLE `gl` ENABLE KEYS */;
UNLOCK TABLES;

--
-- Table structure for table `image`
--

DROP TABLE IF EXISTS `image`;
/*!40101 SET @saved_cs_client     = @@character_set_client */;
/*!40101 SET character_set_client = utf8 */;
CREATE TABLE `image` (
  `id` varchar(64) NOT NULL,
  `name` varchar(450) DEFAULT NULL,
  `sr` int(11) DEFAULT NULL,
  `branch_id` varchar(64) NOT NULL,
  `product_id` varchar(64) NOT NULL,
  `company_id` varchar(64) NOT NULL,
  PRIMARY KEY (`id`),
  KEY `fk_image_branch1_idx` (`branch_id`),
  KEY `fk_image_product1_idx` (`product_id`),
  KEY `fk_image_company1_idx` (`company_id`),
  CONSTRAINT `fk_image_branch1` FOREIGN KEY (`branch_id`) REFERENCES `branch` (`id`) ON DELETE NO ACTION ON UPDATE NO ACTION,
  CONSTRAINT `fk_image_company1` FOREIGN KEY (`company_id`) REFERENCES `company` (`id`) ON DELETE NO ACTION ON UPDATE NO ACTION,
  CONSTRAINT `fk_image_product1` FOREIGN KEY (`product_id`) REFERENCES `product` (`id`) ON DELETE NO ACTION ON UPDATE NO ACTION
) ENGINE=InnoDB DEFAULT CHARSET=utf8;
/*!40101 SET character_set_client = @saved_cs_client */;

--
-- Dumping data for table `image`
--

LOCK TABLES `image` WRITE;
/*!40000 ALTER TABLE `image` DISABLE KEYS */;
/*!40000 ALTER TABLE `image` ENABLE KEYS */;
UNLOCK TABLES;

--
-- Table structure for table `level_percentage`
--

DROP TABLE IF EXISTS `level_percentage`;
/*!40101 SET @saved_cs_client     = @@character_set_client */;
/*!40101 SET character_set_client = utf8 */;
CREATE TABLE `level_percentage` (
  `id` varchar(64) NOT NULL,
  `level_id` varchar(64) NOT NULL,
  `parent_id` varchar(64) NOT NULL,
  `is_company_wide` bit(1) DEFAULT NULL,
  `percentage` varchar(45) DEFAULT NULL,
  `sr` int(11) DEFAULT NULL,
  `branch_id` varchar(64) NOT NULL,
  `company_id` varchar(64) NOT NULL,
  PRIMARY KEY (`id`),
  KEY `fk_level_percentage_branch1_idx` (`branch_id`),
  KEY `fk_level_percentage_company1_idx` (`company_id`),
  CONSTRAINT `fk_level_percentage_branch1` FOREIGN KEY (`branch_id`) REFERENCES `branch` (`id`) ON DELETE NO ACTION ON UPDATE NO ACTION,
  CONSTRAINT `fk_level_percentage_company1` FOREIGN KEY (`company_id`) REFERENCES `company` (`id`) ON DELETE NO ACTION ON UPDATE NO ACTION
) ENGINE=InnoDB DEFAULT CHARSET=utf8;
/*!40101 SET character_set_client = @saved_cs_client */;

--
-- Dumping data for table `level_percentage`
--

LOCK TABLES `level_percentage` WRITE;
/*!40000 ALTER TABLE `level_percentage` DISABLE KEYS */;
/*!40000 ALTER TABLE `level_percentage` ENABLE KEYS */;
UNLOCK TABLES;

--
-- Table structure for table `migration`
--

DROP TABLE IF EXISTS `migration`;
/*!40101 SET @saved_cs_client     = @@character_set_client */;
/*!40101 SET character_set_client = utf8 */;
CREATE TABLE `migration` (
  `version` varchar(180) NOT NULL,
  `apply_time` int(11) DEFAULT NULL,
  PRIMARY KEY (`version`)
) ENGINE=MyISAM DEFAULT CHARSET=utf8;
/*!40101 SET character_set_client = @saved_cs_client */;

--
-- Dumping data for table `migration`
--

LOCK TABLES `migration` WRITE;
/*!40000 ALTER TABLE `migration` DISABLE KEYS */;
INSERT INTO `migration` VALUES ('m000000_000000_base',1513230445),('m130524_201442_init',1513230450);
/*!40000 ALTER TABLE `migration` ENABLE KEYS */;
UNLOCK TABLES;

--
-- Table structure for table `order`
--

DROP TABLE IF EXISTS `order`;
/*!40101 SET @saved_cs_client     = @@character_set_client */;
/*!40101 SET character_set_client = utf8 */;
CREATE TABLE `order` (
  `id` varchar(64) NOT NULL,
  `order_ref_no` varchar(45) DEFAULT NULL,
  `shipper` varchar(45) DEFAULT NULL,
  `cod` varchar(45) DEFAULT NULL,
  `additional_requirements` varchar(45) DEFAULT NULL,
  `file` varchar(250) DEFAULT NULL,
  `status` int(11) DEFAULT '0',
  `order_request_id` varchar(64) NOT NULL,
  `requested_date` timestamp NULL DEFAULT NULL,
  `created_by` varchar(64) DEFAULT NULL,
  `updated_by` varchar(64) DEFAULT NULL,
  `created_at` timestamp NULL DEFAULT NULL,
  `updated_at` timestamp NULL DEFAULT NULL,
  `payment_method` int(11) DEFAULT NULL,
  `payment_slip` varchar(500) DEFAULT NULL,
  `order_external_code` varchar(250) DEFAULT NULL,
  `order_tracking_code` varchar(250) DEFAULT NULL,
  `shipping_status` varchar(250) DEFAULT NULL,
  `sr` int(11) DEFAULT NULL,
  `branch_id` varchar(64) NOT NULL,
  `user_id` varchar(64) NOT NULL,
  `company_id` varchar(64) NOT NULL,
  PRIMARY KEY (`id`),
  KEY `fk_order_branch1_idx` (`branch_id`),
  KEY `fk_order_user1_idx` (`user_id`),
  KEY `fk_order_company1_idx` (`company_id`),
  CONSTRAINT `fk_order_branch1` FOREIGN KEY (`branch_id`) REFERENCES `branch` (`id`) ON DELETE NO ACTION ON UPDATE NO ACTION,
  CONSTRAINT `fk_order_company1` FOREIGN KEY (`company_id`) REFERENCES `company` (`id`) ON DELETE NO ACTION ON UPDATE NO ACTION,
  CONSTRAINT `fk_order_user1` FOREIGN KEY (`user_id`) REFERENCES `user` (`id`) ON DELETE NO ACTION ON UPDATE NO ACTION
) ENGINE=InnoDB DEFAULT CHARSET=utf8;
/*!40101 SET character_set_client = @saved_cs_client */;

--
-- Dumping data for table `order`
--

LOCK TABLES `order` WRITE;
/*!40000 ALTER TABLE `order` DISABLE KEYS */;
INSERT INTO `order` VALUES ('0B128CF6-C90D-41E0-97E9-527711CA0187','7',NULL,NULL,NULL,NULL,1,'6691BCEE-EFAF-4862-8C4D-8FC510B7547E','2018-03-06 19:00:00','6691BCEE-EFAF-4862-8C4D-8FC510B7547E','6691BCEE-EFAF-4862-8C4D-8FC510B7547E','2018-03-07 10:27:46','2018-03-07 10:27:46',NULL,'',NULL,NULL,NULL,NULL,'464C2FFD-B0BD-4C91-B482-34B1F82EEB42','D7131FFF-6F25-4479-BC53-57BFBC41A6F6','F9E7025A-47B1-4D52-A73B-C1D83E0F4DD0'),('23DADF80-526A-49A5-9FF0-F281515247E5','1',NULL,NULL,NULL,NULL,1,'6691BCEE-EFAF-4862-8C4D-8FC510B7547E','2018-03-14 19:00:00','6691BCEE-EFAF-4862-8C4D-8FC510B7547E','6691BCEE-EFAF-4862-8C4D-8FC510B7547E','2018-03-15 05:31:19','2018-03-15 05:31:19',NULL,NULL,NULL,NULL,NULL,9,'464C2FFD-B0BD-4C91-B482-34B1F82EEB42','1A4FA379-13B9-4EA7-BE7C-1C80E41DB74E','F9E7025A-47B1-4D52-A73B-C1D83E0F4DD0'),('3ED9ECD2-7593-4130-BD1B-293054AD94B5','7',NULL,NULL,NULL,NULL,1,'6691BCEE-EFAF-4862-8C4D-8FC510B7547E','2018-03-07 19:00:00','6691BCEE-EFAF-4862-8C4D-8FC510B7547E','6691BCEE-EFAF-4862-8C4D-8FC510B7547E','2018-03-08 06:17:14','2018-03-08 06:17:14',NULL,'',NULL,NULL,NULL,1,'464C2FFD-B0BD-4C91-B482-34B1F82EEB42','D7131FFF-6F25-4479-BC53-57BFBC41A6F6','F9E7025A-47B1-4D52-A73B-C1D83E0F4DD0'),('56E399C1-25FF-46ED-972B-95777E21451D','1',NULL,NULL,NULL,NULL,1,'6691BCEE-EFAF-4862-8C4D-8FC510B7547E','2018-03-14 19:00:00','6691BCEE-EFAF-4862-8C4D-8FC510B7547E','6691BCEE-EFAF-4862-8C4D-8FC510B7547E','2018-03-15 09:37:36','2018-03-15 09:37:36',NULL,NULL,NULL,NULL,NULL,10,'464C2FFD-B0BD-4C91-B482-34B1F82EEB42','72A627BA-9937-4E18-89CF-7E856068E36B','F9E7025A-47B1-4D52-A73B-C1D83E0F4DD0'),('59C351A8-7C2E-42EB-A1EC-9BAD791BE956','77633',NULL,NULL,NULL,NULL,1,'6691BCEE-EFAF-4862-8C4D-8FC510B7547E','2018-03-08 19:00:00','6691BCEE-EFAF-4862-8C4D-8FC510B7547E','6691BCEE-EFAF-4862-8C4D-8FC510B7547E','2018-03-09 05:47:58','2018-03-09 05:47:58',NULL,'',NULL,NULL,NULL,3,'464C2FFD-B0BD-4C91-B482-34B1F82EEB42','D7131FFF-6F25-4479-BC53-57BFBC41A6F6','F9E7025A-47B1-4D52-A73B-C1D83E0F4DD0'),('609F681F-FA89-4733-8233-5310941C31BC','1',NULL,NULL,NULL,NULL,0,'6691BCEE-EFAF-4862-8C4D-8FC510B7547E','2018-03-09 19:00:00','6691BCEE-EFAF-4862-8C4D-8FC510B7547E','6691BCEE-EFAF-4862-8C4D-8FC510B7547E','2018-03-10 19:17:01','2018-03-12 18:03:18',NULL,'',NULL,NULL,NULL,8,'464C2FFD-B0BD-4C91-B482-34B1F82EEB42','D7131FFF-6F25-4479-BC53-57BFBC41A6F6','F9E7025A-47B1-4D52-A73B-C1D83E0F4DD0'),('6AD87516-899C-4018-9F7F-A79B7BE7AF99','1',NULL,NULL,NULL,NULL,1,'6691BCEE-EFAF-4862-8C4D-8FC510B7547E','2018-03-06 19:00:00','6691BCEE-EFAF-4862-8C4D-8FC510B7547E','6691BCEE-EFAF-4862-8C4D-8FC510B7547E','2018-03-07 07:04:02','2018-03-07 07:04:02',NULL,NULL,NULL,NULL,NULL,NULL,'464C2FFD-B0BD-4C91-B482-34B1F82EEB42','D7131FFF-6F25-4479-BC53-57BFBC41A6F6','F9E7025A-47B1-4D52-A73B-C1D83E0F4DD0'),('7470D911-3777-467B-994A-A47257DE1676','1',NULL,NULL,NULL,NULL,1,'6691BCEE-EFAF-4862-8C4D-8FC510B7547E','2018-03-08 19:00:00','6691BCEE-EFAF-4862-8C4D-8FC510B7547E','6691BCEE-EFAF-4862-8C4D-8FC510B7547E','2018-03-09 10:18:30','2018-03-09 10:18:30',NULL,'',NULL,NULL,NULL,5,'464C2FFD-B0BD-4C91-B482-34B1F82EEB42','D7131FFF-6F25-4479-BC53-57BFBC41A6F6','F9E7025A-47B1-4D52-A73B-C1D83E0F4DD0'),('77632A68-A820-44F4-BC8E-C95E225A5596','7',NULL,NULL,NULL,NULL,1,'6691BCEE-EFAF-4862-8C4D-8FC510B7547E','2018-03-07 19:00:00','6691BCEE-EFAF-4862-8C4D-8FC510B7547E','6691BCEE-EFAF-4862-8C4D-8FC510B7547E','2018-03-08 10:41:55','2018-03-08 10:41:55',NULL,'',NULL,NULL,NULL,2,'464C2FFD-B0BD-4C91-B482-34B1F82EEB42','D7131FFF-6F25-4479-BC53-57BFBC41A6F6','F9E7025A-47B1-4D52-A73B-C1D83E0F4DD0'),('77B17B24-E6AA-4E6A-88F5-975CD080C463','1',NULL,NULL,NULL,NULL,0,'6691BCEE-EFAF-4862-8C4D-8FC510B7547E','2018-03-14 19:00:00','72A627BA-9937-4E18-89CF-7E856068E36B','72A627BA-9937-4E18-89CF-7E856068E36B','2018-03-15 11:06:00','2018-03-15 11:06:00',NULL,'',NULL,NULL,NULL,14,'464C2FFD-B0BD-4C91-B482-34B1F82EEB42','72A627BA-9937-4E18-89CF-7E856068E36B','F9E7025A-47B1-4D52-A73B-C1D83E0F4DD0'),('902DA630-AA38-4C7D-9487-BABA3F6208CD','1',NULL,NULL,NULL,NULL,5,'0D569696-C021-4924-9F1B-B95C066474FE','2018-03-08 19:00:00','6691BCEE-EFAF-4862-8C4D-8FC510B7547E','6691BCEE-EFAF-4862-8C4D-8FC510B7547E','2018-03-09 11:42:27','2018-03-09 11:42:27',NULL,'',NULL,NULL,NULL,6,'464C2FFD-B0BD-4C91-B482-34B1F82EEB42','D7131FFF-6F25-4479-BC53-57BFBC41A6F6','F9E7025A-47B1-4D52-A73B-C1D83E0F4DD0'),('9FA04373-572D-422A-A16E-B268BCFEE1F6','1',NULL,NULL,NULL,NULL,1,'72A627BA-9937-4E18-89CF-7E856068E36B','2018-03-14 19:00:00','72A627BA-9937-4E18-89CF-7E856068E36B','72A627BA-9937-4E18-89CF-7E856068E36B','2018-03-15 09:49:45','2018-03-15 09:49:45',NULL,NULL,NULL,NULL,NULL,11,'464C2FFD-B0BD-4C91-B482-34B1F82EEB42','7BDFA3FC-675C-47E4-BFA1-F4F625910F2B','F9E7025A-47B1-4D52-A73B-C1D83E0F4DD0'),('B2176E91-C68E-4C8B-B100-DC97D2684127','1',NULL,NULL,NULL,NULL,5,'72A627BA-9937-4E18-89CF-7E856068E36B','2018-03-14 19:00:00','72A627BA-9937-4E18-89CF-7E856068E36B','72A627BA-9937-4E18-89CF-7E856068E36B','2018-03-15 10:26:45','2018-03-15 10:26:45',NULL,'',NULL,NULL,NULL,13,'464C2FFD-B0BD-4C91-B482-34B1F82EEB42','0D569696-C021-4924-9F1B-B95C066474FE','F9E7025A-47B1-4D52-A73B-C1D83E0F4DD0'),('BC9D675B-E8B7-4EB9-AC95-C1500F84197A','1',NULL,NULL,NULL,NULL,3,'6691BCEE-EFAF-4862-8C4D-8FC510B7547E','2018-03-08 19:00:00','6691BCEE-EFAF-4862-8C4D-8FC510B7547E','6691BCEE-EFAF-4862-8C4D-8FC510B7547E','2018-03-09 11:43:15','2018-03-09 11:43:15',NULL,'',NULL,NULL,NULL,7,'464C2FFD-B0BD-4C91-B482-34B1F82EEB42','0D569696-C021-4924-9F1B-B95C066474FE','F9E7025A-47B1-4D52-A73B-C1D83E0F4DD0'),('CE987625-B0CC-4595-8794-37DC1A646AAE','1',NULL,NULL,NULL,NULL,3,'6691BCEE-EFAF-4862-8C4D-8FC510B7547E','2018-03-14 19:00:00','72A627BA-9937-4E18-89CF-7E856068E36B','72A627BA-9937-4E18-89CF-7E856068E36B','2018-03-15 10:25:58','2018-03-15 10:25:58',NULL,'',NULL,NULL,NULL,12,'464C2FFD-B0BD-4C91-B482-34B1F82EEB42','72A627BA-9937-4E18-89CF-7E856068E36B','F9E7025A-47B1-4D52-A73B-C1D83E0F4DD0'),('E0DF1FF1-A464-4930-9A23-53EC0ABD073E','77633',NULL,NULL,NULL,NULL,1,'6691BCEE-EFAF-4862-8C4D-8FC510B7547E','2018-03-08 19:00:00','6691BCEE-EFAF-4862-8C4D-8FC510B7547E','6691BCEE-EFAF-4862-8C4D-8FC510B7547E','2018-03-09 10:06:22','2018-03-09 10:06:22',NULL,NULL,NULL,NULL,NULL,4,'464C2FFD-B0BD-4C91-B482-34B1F82EEB42','0D569696-C021-4924-9F1B-B95C066474FE','F9E7025A-47B1-4D52-A73B-C1D83E0F4DD0');
/*!40000 ALTER TABLE `order` ENABLE KEYS */;
UNLOCK TABLES;

--
-- Table structure for table `payment_detail`
--

DROP TABLE IF EXISTS `payment_detail`;
/*!40101 SET @saved_cs_client     = @@character_set_client */;
/*!40101 SET character_set_client = utf8 */;
CREATE TABLE `payment_detail` (
  `id` varchar(64) NOT NULL,
  `payment_method` int(11) DEFAULT NULL,
  `sr` int(11) DEFAULT NULL,
  `branch_id` varchar(64) NOT NULL,
  `company_id` varchar(64) NOT NULL,
  PRIMARY KEY (`id`),
  KEY `fk_payment_detail_branch1_idx` (`branch_id`),
  KEY `fk_payment_detail_company1_idx` (`company_id`),
  CONSTRAINT `fk_payment_detail_branch1` FOREIGN KEY (`branch_id`) REFERENCES `branch` (`id`) ON DELETE NO ACTION ON UPDATE NO ACTION,
  CONSTRAINT `fk_payment_detail_company1` FOREIGN KEY (`company_id`) REFERENCES `company` (`id`) ON DELETE NO ACTION ON UPDATE NO ACTION
) ENGINE=InnoDB DEFAULT CHARSET=utf8;
/*!40101 SET character_set_client = @saved_cs_client */;

--
-- Dumping data for table `payment_detail`
--

LOCK TABLES `payment_detail` WRITE;
/*!40000 ALTER TABLE `payment_detail` DISABLE KEYS */;
INSERT INTO `payment_detail` VALUES ('1',1,1,'464C2FFD-B0BD-4C91-B482-34B1F82EEB42','F9E7025A-47B1-4D52-A73B-C1D83E0F4DD0');
/*!40000 ALTER TABLE `payment_detail` ENABLE KEYS */;
UNLOCK TABLES;

--
-- Table structure for table `postcode`
--

DROP TABLE IF EXISTS `postcode`;
/*!40101 SET @saved_cs_client     = @@character_set_client */;
/*!40101 SET character_set_client = utf8 */;
CREATE TABLE `postcode` (
  `id` varchar(64) NOT NULL,
  `province` varchar(255) NOT NULL,
  `district` varchar(255) NOT NULL,
  `zip` varchar(255) NOT NULL,
  `sr` int(11) DEFAULT NULL,
  `branch_id` varchar(64) NOT NULL,
  `company_id` varchar(64) NOT NULL,
  PRIMARY KEY (`id`),
  KEY `fk_postcode_branch1_idx` (`branch_id`),
  KEY `fk_postcode_company1_idx` (`company_id`),
  CONSTRAINT `fk_postcode_branch1` FOREIGN KEY (`branch_id`) REFERENCES `branch` (`id`) ON DELETE NO ACTION ON UPDATE NO ACTION,
  CONSTRAINT `fk_postcode_company1` FOREIGN KEY (`company_id`) REFERENCES `company` (`id`) ON DELETE NO ACTION ON UPDATE NO ACTION
) ENGINE=InnoDB DEFAULT CHARSET=utf8;
/*!40101 SET character_set_client = @saved_cs_client */;

--
-- Dumping data for table `postcode`
--

LOCK TABLES `postcode` WRITE;
/*!40000 ALTER TABLE `postcode` DISABLE KEYS */;
INSERT INTO `postcode` VALUES ('00659863-94B4-4ED4-BA1D-FE5E678F93FB','','','54110',683,'464C2FFD-B0BD-4C91-B482-34B1F82EEB42','F9E7025A-47B1-4D52-A73B-C1D83E0F4DD0'),('00843402-B5EE-43B3-8EA8-6CAD24CD0D41','','','22210',202,'464C2FFD-B0BD-4C91-B482-34B1F82EEB42','F9E7025A-47B1-4D52-A73B-C1D83E0F4DD0'),('0100E04A-2C4E-43CB-B513-38FF21935BB4','','','81150',985,'464C2FFD-B0BD-4C91-B482-34B1F82EEB42','F9E7025A-47B1-4D52-A73B-C1D83E0F4DD0'),('01276A00-E51E-47CC-BA4D-DFF7B37A68BE','','','13210',91,'464C2FFD-B0BD-4C91-B482-34B1F82EEB42','F9E7025A-47B1-4D52-A73B-C1D83E0F4DD0'),('01369297-7004-4D88-BEB1-C41DEB0D555C','','','49120',600,'464C2FFD-B0BD-4C91-B482-34B1F82EEB42','F9E7025A-47B1-4D52-A73B-C1D83E0F4DD0'),('01C909D5-A25F-41A0-89D5-D3EC6E6DAE76','','','66150',829,'464C2FFD-B0BD-4C91-B482-34B1F82EEB42','F9E7025A-47B1-4D52-A73B-C1D83E0F4DD0'),('01DD76BC-9198-44A1-A2AA-63A2241E9F78','','','53210',676,'464C2FFD-B0BD-4C91-B482-34B1F82EEB42','F9E7025A-47B1-4D52-A73B-C1D83E0F4DD0'),('02148C5F-8912-4016-974E-98502D4A0E0B','','','71140',886,'464C2FFD-B0BD-4C91-B482-34B1F82EEB42','F9E7025A-47B1-4D52-A73B-C1D83E0F4DD0'),('0218C917-15FD-4156-AC59-6F1E54497B82','','','13240',93,'464C2FFD-B0BD-4C91-B482-34B1F82EEB42','F9E7025A-47B1-4D52-A73B-C1D83E0F4DD0'),('02387D68-F877-4969-B5DF-A55527E35281','','','30430',287,'464C2FFD-B0BD-4C91-B482-34B1F82EEB42','F9E7025A-47B1-4D52-A73B-C1D83E0F4DD0'),('0251EC4D-DD77-41F1-9FAA-D6586CD3847E','','','72240',906,'464C2FFD-B0BD-4C91-B482-34B1F82EEB42','F9E7025A-47B1-4D52-A73B-C1D83E0F4DD0'),('02832488-1215-4F99-A2E1-1CC5BFF546A9','','','86180',1056,'464C2FFD-B0BD-4C91-B482-34B1F82EEB42','F9E7025A-47B1-4D52-A73B-C1D83E0F4DD0'),('02BAFD2B-8DF9-442D-BAC3-53E345753EA2','','','42220',498,'464C2FFD-B0BD-4C91-B482-34B1F82EEB42','F9E7025A-47B1-4D52-A73B-C1D83E0F4DD0'),('02EBE622-7182-4E19-A32F-B3FF8085D859','','','80240',984,'464C2FFD-B0BD-4C91-B482-34B1F82EEB42','F9E7025A-47B1-4D52-A73B-C1D83E0F4DD0'),('0305E58D-DF5D-4E17-8DF0-53E5FE29C4F6','','','90210',1066,'464C2FFD-B0BD-4C91-B482-34B1F82EEB42','F9E7025A-47B1-4D52-A73B-C1D83E0F4DD0'),('03474288-8B40-4790-827A-4D47C56862CD','','','92170',1092,'464C2FFD-B0BD-4C91-B482-34B1F82EEB42','F9E7025A-47B1-4D52-A73B-C1D83E0F4DD0'),('0360C79D-1275-4291-BCBA-E7EB42230A83','','','21100',176,'464C2FFD-B0BD-4C91-B482-34B1F82EEB42','F9E7025A-47B1-4D52-A73B-C1D83E0F4DD0'),('03A74701-BE4F-4B48-872D-96252E527AF3','','','10160',40,'464C2FFD-B0BD-4C91-B482-34B1F82EEB42','F9E7025A-47B1-4D52-A73B-C1D83E0F4DD0'),('03AA48C6-C19F-4C9B-9ECE-640F5684D086','','','15130',120,'464C2FFD-B0BD-4C91-B482-34B1F82EEB42','F9E7025A-47B1-4D52-A73B-C1D83E0F4DD0'),('0414AD32-1219-4BDD-BDC7-32571C4E57D3','','','18170',146,'464C2FFD-B0BD-4C91-B482-34B1F82EEB42','F9E7025A-47B1-4D52-A73B-C1D83E0F4DD0'),('041A08BC-6E32-4956-BE9D-A08D0C2CBD4F','','','10600',16,'464C2FFD-B0BD-4C91-B482-34B1F82EEB42','F9E7025A-47B1-4D52-A73B-C1D83E0F4DD0'),('045E4A53-D433-497C-A7F4-AA581AC82866','','','46140',553,'464C2FFD-B0BD-4C91-B482-34B1F82EEB42','F9E7025A-47B1-4D52-A73B-C1D83E0F4DD0'),('0480BDE6-71C6-4B37-952D-1A060979628B','','','80340',970,'464C2FFD-B0BD-4C91-B482-34B1F82EEB42','F9E7025A-47B1-4D52-A73B-C1D83E0F4DD0'),('04869B4A-5C69-44BE-82D6-CE5A4BCAE7CA','','','66190',827,'464C2FFD-B0BD-4C91-B482-34B1F82EEB42','F9E7025A-47B1-4D52-A73B-C1D83E0F4DD0'),('048705BF-E9D7-4FB3-A955-31D4458738E7','','','10120',31,'464C2FFD-B0BD-4C91-B482-34B1F82EEB42','F9E7025A-47B1-4D52-A73B-C1D83E0F4DD0'),('052C8090-EB72-42E0-9E47-6BCA1342E5A0','','','53140',666,'464C2FFD-B0BD-4C91-B482-34B1F82EEB42','F9E7025A-47B1-4D52-A73B-C1D83E0F4DD0'),('05BBA62C-C8D6-4667-8991-7B01531295B1','','','24000',224,'464C2FFD-B0BD-4C91-B482-34B1F82EEB42','F9E7025A-47B1-4D52-A73B-C1D83E0F4DD0'),('05E81244-791B-4387-A358-DB95D122E717','','','43120',507,'464C2FFD-B0BD-4C91-B482-34B1F82EEB42','F9E7025A-47B1-4D52-A73B-C1D83E0F4DD0'),('069833D5-ECCB-4760-B7AF-1D3559B80607','','','41340',480,'464C2FFD-B0BD-4C91-B482-34B1F82EEB42','F9E7025A-47B1-4D52-A73B-C1D83E0F4DD0'),('06BCB461-ECB3-4885-8D78-C6544206B0F9','','','50330',615,'464C2FFD-B0BD-4C91-B482-34B1F82EEB42','F9E7025A-47B1-4D52-A73B-C1D83E0F4DD0'),('072A18C4-ABEE-4873-AECE-49BD453F8A3D','','','66130',832,'464C2FFD-B0BD-4C91-B482-34B1F82EEB42','F9E7025A-47B1-4D52-A73B-C1D83E0F4DD0'),('074FDCA8-E410-41C2-BB30-5B3205D8075C','','','41130',483,'464C2FFD-B0BD-4C91-B482-34B1F82EEB42','F9E7025A-47B1-4D52-A73B-C1D83E0F4DD0'),('0824F7EA-14AA-45F4-AF8A-363FFD8C345B','','','41320',470,'464C2FFD-B0BD-4C91-B482-34B1F82EEB42','F9E7025A-47B1-4D52-A73B-C1D83E0F4DD0'),('084CF372-1643-45AA-AB0B-0431FE2FC8B2','','','30220',260,'464C2FFD-B0BD-4C91-B482-34B1F82EEB42','F9E7025A-47B1-4D52-A73B-C1D83E0F4DD0'),('0871AD8E-2672-4DE0-AB50-0FD493EE588D','','','31260',309,'464C2FFD-B0BD-4C91-B482-34B1F82EEB42','F9E7025A-47B1-4D52-A73B-C1D83E0F4DD0'),('08869489-EF4D-4E34-8364-EC56B4562A75','','','16000',122,'464C2FFD-B0BD-4C91-B482-34B1F82EEB42','F9E7025A-47B1-4D52-A73B-C1D83E0F4DD0'),('088ABFC6-6A36-4E4A-BFC2-54DE1304529B','','','30120',286,'464C2FFD-B0BD-4C91-B482-34B1F82EEB42','F9E7025A-47B1-4D52-A73B-C1D83E0F4DD0'),('08BD8DB3-0662-43B3-A0C0-1F261DAD35B5','','','25110',228,'464C2FFD-B0BD-4C91-B482-34B1F82EEB42','F9E7025A-47B1-4D52-A73B-C1D83E0F4DD0'),('094593E0-6804-4F29-941B-89365DBB402C','','','45000',538,'464C2FFD-B0BD-4C91-B482-34B1F82EEB42','F9E7025A-47B1-4D52-A73B-C1D83E0F4DD0'),('099C8EAD-949B-47D3-BF48-0A8D34521BC6','','','71110',882,'464C2FFD-B0BD-4C91-B482-34B1F82EEB42','F9E7025A-47B1-4D52-A73B-C1D83E0F4DD0'),('0A185281-9905-4A25-9CE1-4A0425FE58D2','','','46130',547,'464C2FFD-B0BD-4C91-B482-34B1F82EEB42','F9E7025A-47B1-4D52-A73B-C1D83E0F4DD0'),('0A4631E0-31F7-4D5E-A0FA-F020D3BADF49','','','84170',1023,'464C2FFD-B0BD-4C91-B482-34B1F82EEB42','F9E7025A-47B1-4D52-A73B-C1D83E0F4DD0'),('0A92A2FF-8575-4E97-8E69-65B92A70746A','','','41160',476,'464C2FFD-B0BD-4C91-B482-34B1F82EEB42','F9E7025A-47B1-4D52-A73B-C1D83E0F4DD0'),('0A9DD05E-6A3B-4588-AB51-B810AEC917AC','','','10560',53,'464C2FFD-B0BD-4C91-B482-34B1F82EEB42','F9E7025A-47B1-4D52-A73B-C1D83E0F4DD0'),('0AA35889-2FF4-438A-8F5C-7D4AA571EA36','','','94190',1130,'464C2FFD-B0BD-4C91-B482-34B1F82EEB42','F9E7025A-47B1-4D52-A73B-C1D83E0F4DD0'),('0AD47666-C5FA-4410-9FD0-EACED7A38C68','','','18210',149,'464C2FFD-B0BD-4C91-B482-34B1F82EEB42','F9E7025A-47B1-4D52-A73B-C1D83E0F4DD0'),('0B082000-0C8F-4A40-B9B2-81CC4F3A3D2A','','','34330',369,'464C2FFD-B0BD-4C91-B482-34B1F82EEB42','F9E7025A-47B1-4D52-A73B-C1D83E0F4DD0'),('0B1F2C15-A172-45A5-A7A6-BF41F38FBA93','','','32130',330,'464C2FFD-B0BD-4C91-B482-34B1F82EEB42','F9E7025A-47B1-4D52-A73B-C1D83E0F4DD0'),('0B771CBD-9353-4A1E-B045-AB8AD582BC57','','','10250',34,'464C2FFD-B0BD-4C91-B482-34B1F82EEB42','F9E7025A-47B1-4D52-A73B-C1D83E0F4DD0'),('0BA6FCB0-E7A3-42A0-B9C8-CE625927736A','','','31150',300,'464C2FFD-B0BD-4C91-B482-34B1F82EEB42','F9E7025A-47B1-4D52-A73B-C1D83E0F4DD0'),('0BD3944A-FE20-4E91-977A-68662B973850','','','36220',259,'464C2FFD-B0BD-4C91-B482-34B1F82EEB42','F9E7025A-47B1-4D52-A73B-C1D83E0F4DD0'),('0BDA83B5-FD01-432F-9D2B-61D6D885F13A','','','90250',1074,'464C2FFD-B0BD-4C91-B482-34B1F82EEB42','F9E7025A-47B1-4D52-A73B-C1D83E0F4DD0'),('0BE3A637-578D-4FAB-B49E-167995F0600F','','','65140',814,'464C2FFD-B0BD-4C91-B482-34B1F82EEB42','F9E7025A-47B1-4D52-A73B-C1D83E0F4DD0'),('0BF3B653-6BBA-49C9-BAD2-AC99B906B3A7','','','32120',316,'464C2FFD-B0BD-4C91-B482-34B1F82EEB42','F9E7025A-47B1-4D52-A73B-C1D83E0F4DD0'),('0BFBF9CD-50EE-407B-85B6-E5DBE427EF98','','','52240',663,'464C2FFD-B0BD-4C91-B482-34B1F82EEB42','F9E7025A-47B1-4D52-A73B-C1D83E0F4DD0'),('0C1A8999-7316-4B56-92DC-A7A1F8589C65','','','96130',1154,'464C2FFD-B0BD-4C91-B482-34B1F82EEB42','F9E7025A-47B1-4D52-A73B-C1D83E0F4DD0'),('0C530DD3-084D-4C8D-A952-B06C12467063','','','86100',1047,'464C2FFD-B0BD-4C91-B482-34B1F82EEB42','F9E7025A-47B1-4D52-A73B-C1D83E0F4DD0'),('0C68B257-E73B-4A22-BB75-19C081F5B109','','','30220',284,'464C2FFD-B0BD-4C91-B482-34B1F82EEB42','F9E7025A-47B1-4D52-A73B-C1D83E0F4DD0'),('0C894D24-5997-49E1-B98A-56E03608E46E','','','25230',227,'464C2FFD-B0BD-4C91-B482-34B1F82EEB42','F9E7025A-47B1-4D52-A73B-C1D83E0F4DD0'),('0C8ABD3D-FF48-4C5C-A6BD-B90E6EA8C6F9','','','53110',670,'464C2FFD-B0BD-4C91-B482-34B1F82EEB42','F9E7025A-47B1-4D52-A73B-C1D83E0F4DD0'),('0CA29088-7109-4D3F-B02B-E643828773A8','','','36130',407,'464C2FFD-B0BD-4C91-B482-34B1F82EEB42','F9E7025A-47B1-4D52-A73B-C1D83E0F4DD0'),('0CB2654E-AB1C-43E9-8838-2D7B435D6052','','','43110',502,'464C2FFD-B0BD-4C91-B482-34B1F82EEB42','F9E7025A-47B1-4D52-A73B-C1D83E0F4DD0'),('0D0B8A14-D94D-451D-A720-9857857F456B','','','16150',124,'464C2FFD-B0BD-4C91-B482-34B1F82EEB42','F9E7025A-47B1-4D52-A73B-C1D83E0F4DD0'),('0D980F0F-A428-42E1-A9B0-1E4844BD036F','','','50260',630,'464C2FFD-B0BD-4C91-B482-34B1F82EEB42','F9E7025A-47B1-4D52-A73B-C1D83E0F4DD0'),('0E1496F4-5B85-45B5-908F-08A7F8E76E95','','','25140',233,'464C2FFD-B0BD-4C91-B482-34B1F82EEB42','F9E7025A-47B1-4D52-A73B-C1D83E0F4DD0'),('0E17061B-7BDF-41B6-B48D-890197EEEC09','','','80250',979,'464C2FFD-B0BD-4C91-B482-34B1F82EEB42','F9E7025A-47B1-4D52-A73B-C1D83E0F4DD0'),('0E35A589-3CEE-49E8-8A82-6A930C19D7EE','','','54170',686,'464C2FFD-B0BD-4C91-B482-34B1F82EEB42','F9E7025A-47B1-4D52-A73B-C1D83E0F4DD0'),('0E5C1738-B279-4259-8B10-7B67326E1DEF','','','57180',727,'464C2FFD-B0BD-4C91-B482-34B1F82EEB42','F9E7025A-47B1-4D52-A73B-C1D83E0F4DD0'),('0E5C5627-E595-4712-86A6-4EAE8848DCF6','','','22140',193,'464C2FFD-B0BD-4C91-B482-34B1F82EEB42','F9E7025A-47B1-4D52-A73B-C1D83E0F4DD0'),('0E8727D2-7C64-4D66-8561-FA0C0E935532','','','51000',639,'464C2FFD-B0BD-4C91-B482-34B1F82EEB42','F9E7025A-47B1-4D52-A73B-C1D83E0F4DD0'),('0E8F3849-79F6-495F-B183-B6FD20D06BA2','','','55130',701,'464C2FFD-B0BD-4C91-B482-34B1F82EEB42','F9E7025A-47B1-4D52-A73B-C1D83E0F4DD0'),('0EA0DA4F-7CFC-4424-AE83-9C893F661929','','','74120',922,'464C2FFD-B0BD-4C91-B482-34B1F82EEB42','F9E7025A-47B1-4D52-A73B-C1D83E0F4DD0'),('0F07525E-E322-4DCF-AFF4-F40D8A8218B3','','','70130',863,'464C2FFD-B0BD-4C91-B482-34B1F82EEB42','F9E7025A-47B1-4D52-A73B-C1D83E0F4DD0'),('0F24C9F3-A3AA-4827-9312-C0A7419E2EF1','','','50320',634,'464C2FFD-B0BD-4C91-B482-34B1F82EEB42','F9E7025A-47B1-4D52-A73B-C1D83E0F4DD0'),('0F49E5BD-1540-4729-A8FA-FB3984447B4D','','','51130',643,'464C2FFD-B0BD-4C91-B482-34B1F82EEB42','F9E7025A-47B1-4D52-A73B-C1D83E0F4DD0'),('0F4EAECF-C636-4598-80EC-F72897B007E1','','','65120',812,'464C2FFD-B0BD-4C91-B482-34B1F82EEB42','F9E7025A-47B1-4D52-A73B-C1D83E0F4DD0'),('0F574316-3780-4DB2-BFDA-892110C9E974','','','43100',506,'464C2FFD-B0BD-4C91-B482-34B1F82EEB42','F9E7025A-47B1-4D52-A73B-C1D83E0F4DD0'),('0F71CE71-A18C-482F-B36A-9971DEEE4CF9','','','25190',234,'464C2FFD-B0BD-4C91-B482-34B1F82EEB42','F9E7025A-47B1-4D52-A73B-C1D83E0F4DD0'),('10125D39-09D0-42BF-AC23-8376EECA3057','','','60220',758,'464C2FFD-B0BD-4C91-B482-34B1F82EEB42','F9E7025A-47B1-4D52-A73B-C1D83E0F4DD0'),('1062134B-3923-49F2-AF8A-B90C7721BA2A','','','94190',1136,'464C2FFD-B0BD-4C91-B482-34B1F82EEB42','F9E7025A-47B1-4D52-A73B-C1D83E0F4DD0'),('10951851-9CEC-4DF2-88C2-E6C63558A8B0','','','36130',408,'464C2FFD-B0BD-4C91-B482-34B1F82EEB42','F9E7025A-47B1-4D52-A73B-C1D83E0F4DD0'),('10BE9F43-F9B2-4DD2-9AE9-989EAFA6ADB0','','','47000',563,'464C2FFD-B0BD-4C91-B482-34B1F82EEB42','F9E7025A-47B1-4D52-A73B-C1D83E0F4DD0'),('10D5CC01-DBA9-4E9E-B496-BC59DB9736A2','','','93110',1115,'464C2FFD-B0BD-4C91-B482-34B1F82EEB42','F9E7025A-47B1-4D52-A73B-C1D83E0F4DD0'),('10DD2B8B-D9B9-4715-A877-3A6517BEEC62','','','57310',731,'464C2FFD-B0BD-4C91-B482-34B1F82EEB42','F9E7025A-47B1-4D52-A73B-C1D83E0F4DD0'),('11064EB1-A82B-462F-8893-5548DB88BC26','','','54150',680,'464C2FFD-B0BD-4C91-B482-34B1F82EEB42','F9E7025A-47B1-4D52-A73B-C1D83E0F4DD0'),('114FFD13-3F8B-4A9A-83B4-4FF36F4E18AC','','','50000',608,'464C2FFD-B0BD-4C91-B482-34B1F82EEB42','F9E7025A-47B1-4D52-A73B-C1D83E0F4DD0'),('118D86D0-7434-45A6-9942-16A6D1712F97','','','67130',849,'464C2FFD-B0BD-4C91-B482-34B1F82EEB42','F9E7025A-47B1-4D52-A73B-C1D83E0F4DD0'),('12384622-FD8F-420D-BAFC-EEBC972F707E','','','95140',1147,'464C2FFD-B0BD-4C91-B482-34B1F82EEB42','F9E7025A-47B1-4D52-A73B-C1D83E0F4DD0'),('127801F1-F600-4127-B6D1-2F42028B43ED','','','93000',1122,'464C2FFD-B0BD-4C91-B482-34B1F82EEB42','F9E7025A-47B1-4D52-A73B-C1D83E0F4DD0'),('13162580-BD22-4951-A320-26E631F38B1D','','','16110',128,'464C2FFD-B0BD-4C91-B482-34B1F82EEB42','F9E7025A-47B1-4D52-A73B-C1D83E0F4DD0'),('13313B6A-CCC7-4D85-AC5F-75BCA35D1797','','','23150',206,'464C2FFD-B0BD-4C91-B482-34B1F82EEB42','F9E7025A-47B1-4D52-A73B-C1D83E0F4DD0'),('1343FC1E-EE39-4AB7-8D75-49F065A9FEC9','','','71000',872,'464C2FFD-B0BD-4C91-B482-34B1F82EEB42','F9E7025A-47B1-4D52-A73B-C1D83E0F4DD0'),('136E68BC-EC98-435F-AF67-653FC2918983','','','93140',1120,'464C2FFD-B0BD-4C91-B482-34B1F82EEB42','F9E7025A-47B1-4D52-A73B-C1D83E0F4DD0'),('1394F1DB-4678-417B-8BCD-3EE699781063','','','13140',86,'464C2FFD-B0BD-4C91-B482-34B1F82EEB42','F9E7025A-47B1-4D52-A73B-C1D83E0F4DD0'),('13AE039E-FFE7-4D42-8455-2792AB4DD6DF','','','36260',406,'464C2FFD-B0BD-4C91-B482-34B1F82EEB42','F9E7025A-47B1-4D52-A73B-C1D83E0F4DD0'),('13B0D548-3898-4BD8-86D0-81BD18D9C8A7','','','62130',779,'464C2FFD-B0BD-4C91-B482-34B1F82EEB42','F9E7025A-47B1-4D52-A73B-C1D83E0F4DD0'),('14216A81-F5C8-4A21-B7A2-8E7CFB1208AF','','','43130',509,'464C2FFD-B0BD-4C91-B482-34B1F82EEB42','F9E7025A-47B1-4D52-A73B-C1D83E0F4DD0'),('14669D3F-1FFB-4C7D-8078-DF003BA918DB','','','67120',848,'464C2FFD-B0BD-4C91-B482-34B1F82EEB42','F9E7025A-47B1-4D52-A73B-C1D83E0F4DD0'),('14728934-63BD-46D1-AF42-B407E512BA0C','','','93150',1116,'464C2FFD-B0BD-4C91-B482-34B1F82EEB42','F9E7025A-47B1-4D52-A73B-C1D83E0F4DD0'),('148991BC-C28B-4DC0-8CAA-B75F2A86A15B','','','81000',982,'464C2FFD-B0BD-4C91-B482-34B1F82EEB42','F9E7025A-47B1-4D52-A73B-C1D83E0F4DD0'),('14A31452-35CC-442C-B2C5-EC6B48740038','','','90100',1060,'464C2FFD-B0BD-4C91-B482-34B1F82EEB42','F9E7025A-47B1-4D52-A73B-C1D83E0F4DD0'),('150DD224-5414-4ABD-93D6-8FBE5C3D116E','','','18230',144,'464C2FFD-B0BD-4C91-B482-34B1F82EEB42','F9E7025A-47B1-4D52-A73B-C1D83E0F4DD0'),('1566D541-6181-48BF-903B-858A2FFA64A3','','','50350',633,'464C2FFD-B0BD-4C91-B482-34B1F82EEB42','F9E7025A-47B1-4D52-A73B-C1D83E0F4DD0'),('15E2B96C-18D2-42F2-9D58-77165429D21F','','','24130',216,'464C2FFD-B0BD-4C91-B482-34B1F82EEB42','F9E7025A-47B1-4D52-A73B-C1D83E0F4DD0'),('160DEFE5-97EB-4D1A-803E-DF9E5B78E6DB','','','94230',1138,'464C2FFD-B0BD-4C91-B482-34B1F82EEB42','F9E7025A-47B1-4D52-A73B-C1D83E0F4DD0'),('16C8D66F-D688-42BF-AE90-861D8E3BBB8D','','','34220',355,'464C2FFD-B0BD-4C91-B482-34B1F82EEB42','F9E7025A-47B1-4D52-A73B-C1D83E0F4DD0'),('16E6B6F8-C5A6-43FF-958E-23DC6E37B595','','','10510',10,'464C2FFD-B0BD-4C91-B482-34B1F82EEB42','F9E7025A-47B1-4D52-A73B-C1D83E0F4DD0'),('173C86B8-A344-43F7-8B7E-AC7745E1A649','','','33230',350,'464C2FFD-B0BD-4C91-B482-34B1F82EEB42','F9E7025A-47B1-4D52-A73B-C1D83E0F4DD0'),('17437D47-9D6A-4D89-82F4-6B2097D57317','','','47270',573,'464C2FFD-B0BD-4C91-B482-34B1F82EEB42','F9E7025A-47B1-4D52-A73B-C1D83E0F4DD0'),('174A88F0-75F5-46D7-8A14-DDA55DAF58CE','','','67110',847,'464C2FFD-B0BD-4C91-B482-34B1F82EEB42','F9E7025A-47B1-4D52-A73B-C1D83E0F4DD0'),('17870379-6442-4C1D-809B-B2918021790C','','','21170',182,'464C2FFD-B0BD-4C91-B482-34B1F82EEB42','F9E7025A-47B1-4D52-A73B-C1D83E0F4DD0'),('17A91BD7-3476-4671-A70C-158777D0E54F','','','75120',924,'464C2FFD-B0BD-4C91-B482-34B1F82EEB42','F9E7025A-47B1-4D52-A73B-C1D83E0F4DD0'),('17F7F535-F392-4AE8-96CC-D21BEAE990A9','','','47130',569,'464C2FFD-B0BD-4C91-B482-34B1F82EEB42','F9E7025A-47B1-4D52-A73B-C1D83E0F4DD0'),('1808929C-3F50-41A9-A4DE-DB7F23ECFAC5','','','57110',721,'464C2FFD-B0BD-4C91-B482-34B1F82EEB42','F9E7025A-47B1-4D52-A73B-C1D83E0F4DD0'),('1824DE12-F64B-4DB0-9909-1C6287397DAA','','','18220',155,'464C2FFD-B0BD-4C91-B482-34B1F82EEB42','F9E7025A-47B1-4D52-A73B-C1D83E0F4DD0'),('184E0B65-7A05-414F-987D-BDD946AE5768','','','93180',1111,'464C2FFD-B0BD-4C91-B482-34B1F82EEB42','F9E7025A-47B1-4D52-A73B-C1D83E0F4DD0'),('186BE36E-DD2C-4223-84BA-56A11FBCDC23','','','48130',597,'464C2FFD-B0BD-4C91-B482-34B1F82EEB42','F9E7025A-47B1-4D52-A73B-C1D83E0F4DD0'),('18ABE5BE-4918-41D5-8EC2-7A77BEC29B3C','','','40350',454,'464C2FFD-B0BD-4C91-B482-34B1F82EEB42','F9E7025A-47B1-4D52-A73B-C1D83E0F4DD0'),('18DF5B65-0157-4ECF-9B0A-2419320BE390','','','30320',276,'464C2FFD-B0BD-4C91-B482-34B1F82EEB42','F9E7025A-47B1-4D52-A73B-C1D83E0F4DD0'),('18F15087-4576-414C-9191-8030A68A0467','','','13230',87,'464C2FFD-B0BD-4C91-B482-34B1F82EEB42','F9E7025A-47B1-4D52-A73B-C1D83E0F4DD0'),('18F9FF77-D407-49E3-AB6D-5DEF7BC1104E','','','84350',1036,'464C2FFD-B0BD-4C91-B482-34B1F82EEB42','F9E7025A-47B1-4D52-A73B-C1D83E0F4DD0'),('191361D9-5B2E-48DF-B34E-9F7DA1DFB035','','','11140',61,'464C2FFD-B0BD-4C91-B482-34B1F82EEB42','F9E7025A-47B1-4D52-A73B-C1D83E0F4DD0'),('191DC758-BF2E-4E81-A4B8-1BF088C76CBF','','','34000',353,'464C2FFD-B0BD-4C91-B482-34B1F82EEB42','F9E7025A-47B1-4D52-A73B-C1D83E0F4DD0'),('1924E32B-4D94-4101-84CF-0F9B3B13EA95','','','84180',1024,'464C2FFD-B0BD-4C91-B482-34B1F82EEB42','F9E7025A-47B1-4D52-A73B-C1D83E0F4DD0'),('192BE3D4-3A4B-49EC-B308-203776114B03','','','82170',996,'464C2FFD-B0BD-4C91-B482-34B1F82EEB42','F9E7025A-47B1-4D52-A73B-C1D83E0F4DD0'),('1949B44A-A61D-41DA-B192-12E1F1773B24','','','44140',512,'464C2FFD-B0BD-4C91-B482-34B1F82EEB42','F9E7025A-47B1-4D52-A73B-C1D83E0F4DD0'),('196F691D-2004-412E-8ED6-532CC7F8BE39','','','30150',281,'464C2FFD-B0BD-4C91-B482-34B1F82EEB42','F9E7025A-47B1-4D52-A73B-C1D83E0F4DD0'),('19848A1B-A640-48E7-BF13-721B5A70298C','','','22120',197,'464C2FFD-B0BD-4C91-B482-34B1F82EEB42','F9E7025A-47B1-4D52-A73B-C1D83E0F4DD0'),('19876384-3AA2-48DC-BE8A-2A5316E58AA3','','','80210',971,'464C2FFD-B0BD-4C91-B482-34B1F82EEB42','F9E7025A-47B1-4D52-A73B-C1D83E0F4DD0'),('19B6835D-E094-4782-9E69-D5EBA3714F02','','','84150',1027,'464C2FFD-B0BD-4C91-B482-34B1F82EEB42','F9E7025A-47B1-4D52-A73B-C1D83E0F4DD0'),('19F86532-97F6-4016-A21C-B6242CDDE058','','','76100',934,'464C2FFD-B0BD-4C91-B482-34B1F82EEB42','F9E7025A-47B1-4D52-A73B-C1D83E0F4DD0'),('1A01586F-4280-4936-BB30-933298DF07DC','','','50180',616,'464C2FFD-B0BD-4C91-B482-34B1F82EEB42','F9E7025A-47B1-4D52-A73B-C1D83E0F4DD0'),('1A67E145-C7BA-4FF2-97A1-50C032CD21EF','','','54130',681,'464C2FFD-B0BD-4C91-B482-34B1F82EEB42','F9E7025A-47B1-4D52-A73B-C1D83E0F4DD0'),('1A74D1A7-9D8A-4FDB-9222-8D35645533C6','','','23000',203,'464C2FFD-B0BD-4C91-B482-34B1F82EEB42','F9E7025A-47B1-4D52-A73B-C1D83E0F4DD0'),('1A92075F-FEEE-45C5-97F4-26A88EE47CFD','','','42120',490,'464C2FFD-B0BD-4C91-B482-34B1F82EEB42','F9E7025A-47B1-4D52-A73B-C1D83E0F4DD0'),('1A97B245-5001-4B2D-B05D-D9A6BCD76A32','','','90170',1071,'464C2FFD-B0BD-4C91-B482-34B1F82EEB42','F9E7025A-47B1-4D52-A73B-C1D83E0F4DD0'),('1A9CC647-4C6D-4649-A86E-FD5D6BC6DD9D','','','84120',1028,'464C2FFD-B0BD-4C91-B482-34B1F82EEB42','F9E7025A-47B1-4D52-A73B-C1D83E0F4DD0'),('1AC4A53C-C18A-4B14-9F45-0287E6672E0D','','','49000',598,'464C2FFD-B0BD-4C91-B482-34B1F82EEB42','F9E7025A-47B1-4D52-A73B-C1D83E0F4DD0'),('1B361243-5DCA-47C5-9883-DEBAF8F625E5','','','52230',658,'464C2FFD-B0BD-4C91-B482-34B1F82EEB42','F9E7025A-47B1-4D52-A73B-C1D83E0F4DD0'),('1B4358D9-832C-4C5B-9BA9-F8B2E6A208FA','','','77000',936,'464C2FFD-B0BD-4C91-B482-34B1F82EEB42','F9E7025A-47B1-4D52-A73B-C1D83E0F4DD0'),('1B61FC48-10CE-4210-98C6-8D578B73204F','','','24000',211,'464C2FFD-B0BD-4C91-B482-34B1F82EEB42','F9E7025A-47B1-4D52-A73B-C1D83E0F4DD0'),('1BB6A0DD-F0C4-4AB4-942D-4AD251BCB5DF','','','34170',358,'464C2FFD-B0BD-4C91-B482-34B1F82EEB42','F9E7025A-47B1-4D52-A73B-C1D83E0F4DD0'),('1BCE8709-0BA7-4D28-8D6B-93D519283D0A','','','54000',678,'464C2FFD-B0BD-4C91-B482-34B1F82EEB42','F9E7025A-47B1-4D52-A73B-C1D83E0F4DD0'),('1C06F2E7-2980-473B-A895-0D17483BF92B','','','30000',289,'464C2FFD-B0BD-4C91-B482-34B1F82EEB42','F9E7025A-47B1-4D52-A73B-C1D83E0F4DD0'),('1C0E1E4A-A2FF-43C0-96F9-F47A99E2A726','','','31110',312,'464C2FFD-B0BD-4C91-B482-34B1F82EEB42','F9E7025A-47B1-4D52-A73B-C1D83E0F4DD0'),('1C2F500F-AB7C-4ED2-826A-958D61E8A0DC','','','90160',1063,'464C2FFD-B0BD-4C91-B482-34B1F82EEB42','F9E7025A-47B1-4D52-A73B-C1D83E0F4DD0'),('1C8ACEBD-A86D-4163-8879-3DDD46264DFE','','','80160',960,'464C2FFD-B0BD-4C91-B482-34B1F82EEB42','F9E7025A-47B1-4D52-A73B-C1D83E0F4DD0'),('1CD960AD-3ED7-4A37-B300-6B41F6125225','','','50120',623,'464C2FFD-B0BD-4C91-B482-34B1F82EEB42','F9E7025A-47B1-4D52-A73B-C1D83E0F4DD0'),('1D0B6D93-6539-41F3-A7B3-AF59BD665D8C','','','24170',214,'464C2FFD-B0BD-4C91-B482-34B1F82EEB42','F9E7025A-47B1-4D52-A73B-C1D83E0F4DD0'),('1D5362D9-2530-40AF-8590-CC15954CD1BF','','','62000',775,'464C2FFD-B0BD-4C91-B482-34B1F82EEB42','F9E7025A-47B1-4D52-A73B-C1D83E0F4DD0'),('1D9B19B4-1DD2-432A-BAE4-3F26DA3213FA','','','10260',47,'464C2FFD-B0BD-4C91-B482-34B1F82EEB42','F9E7025A-47B1-4D52-A73B-C1D83E0F4DD0'),('1DB1765B-7CD1-4DD0-ACCC-DACB093578EE','','','80270',957,'464C2FFD-B0BD-4C91-B482-34B1F82EEB42','F9E7025A-47B1-4D52-A73B-C1D83E0F4DD0'),('1DB45F25-4B7D-4CE4-B641-77D91187BA3D','','','38180',417,'464C2FFD-B0BD-4C91-B482-34B1F82EEB42','F9E7025A-47B1-4D52-A73B-C1D83E0F4DD0'),('1DCDCD81-20F9-428B-92AE-8EAEEB35FD10','','','80130',967,'464C2FFD-B0BD-4C91-B482-34B1F82EEB42','F9E7025A-47B1-4D52-A73B-C1D83E0F4DD0'),('1DD299CB-196E-4F85-90AC-5EF8739B65E5','','','86120',1045,'464C2FFD-B0BD-4C91-B482-34B1F82EEB42','F9E7025A-47B1-4D52-A73B-C1D83E0F4DD0'),('1E39F5B9-087C-4D61-989B-B535D30DB2F6','','','31180',297,'464C2FFD-B0BD-4C91-B482-34B1F82EEB42','F9E7025A-47B1-4D52-A73B-C1D83E0F4DD0'),('1E507DC6-C8B1-4F8F-A8A6-110F31796C33','','','48190',595,'464C2FFD-B0BD-4C91-B482-34B1F82EEB42','F9E7025A-47B1-4D52-A73B-C1D83E0F4DD0'),('1F2E73CB-B16D-42A1-B13D-163AE3186866','','','50130',624,'464C2FFD-B0BD-4C91-B482-34B1F82EEB42','F9E7025A-47B1-4D52-A73B-C1D83E0F4DD0'),('1F4FAFB2-DE00-43AF-ADA9-653B65478A32','','','33130',333,'464C2FFD-B0BD-4C91-B482-34B1F82EEB42','F9E7025A-47B1-4D52-A73B-C1D83E0F4DD0'),('1F500F1F-D877-4A17-964F-711322EA8844','','','10240',6,'464C2FFD-B0BD-4C91-B482-34B1F82EEB42','F9E7025A-47B1-4D52-A73B-C1D83E0F4DD0'),('1F647C02-6ACE-4EF7-BCE3-F0521FBE67DA','','','91120',1089,'464C2FFD-B0BD-4C91-B482-34B1F82EEB42','F9E7025A-47B1-4D52-A73B-C1D83E0F4DD0'),('1F70D2B6-4805-4BDD-8C4E-A6AC7870DCFB','','','52190',662,'464C2FFD-B0BD-4C91-B482-34B1F82EEB42','F9E7025A-47B1-4D52-A73B-C1D83E0F4DD0'),('1FC46578-019D-4BC0-9013-BEA13C44E7BE','','','35110',383,'464C2FFD-B0BD-4C91-B482-34B1F82EEB42','F9E7025A-47B1-4D52-A73B-C1D83E0F4DD0'),('1FD0AEDF-0B2D-4A75-9A45-7FDE77F90633','','','80260',974,'464C2FFD-B0BD-4C91-B482-34B1F82EEB42','F9E7025A-47B1-4D52-A73B-C1D83E0F4DD0'),('201405D7-5F27-4F15-AEA4-40FEDD5B6FCF','','','45210',531,'464C2FFD-B0BD-4C91-B482-34B1F82EEB42','F9E7025A-47B1-4D52-A73B-C1D83E0F4DD0'),('20256367-196E-4EF9-A909-AA48101B8F83','','','15180',113,'464C2FFD-B0BD-4C91-B482-34B1F82EEB42','F9E7025A-47B1-4D52-A73B-C1D83E0F4DD0'),('2081A532-6972-43AC-BDC2-8FA70400E873','','','48120',588,'464C2FFD-B0BD-4C91-B482-34B1F82EEB42','F9E7025A-47B1-4D52-A73B-C1D83E0F4DD0'),('20865F00-19FF-4D24-A4C0-C505250E35F1','','','24140',218,'464C2FFD-B0BD-4C91-B482-34B1F82EEB42','F9E7025A-47B1-4D52-A73B-C1D83E0F4DD0'),('208A5EE3-3AC7-4CB7-8BB8-7A869A1D7204','','','10160',23,'464C2FFD-B0BD-4C91-B482-34B1F82EEB42','F9E7025A-47B1-4D52-A73B-C1D83E0F4DD0'),('20B9ED9A-54B8-458D-935A-E2CF200F76B8','','','12130',71,'464C2FFD-B0BD-4C91-B482-34B1F82EEB42','F9E7025A-47B1-4D52-A73B-C1D83E0F4DD0'),('219649EB-90DD-4E26-8FAF-884594AB080B','','','37000',409,'464C2FFD-B0BD-4C91-B482-34B1F82EEB42','F9E7025A-47B1-4D52-A73B-C1D83E0F4DD0'),('21A17D34-24BC-4E6C-A41A-047BF8B579CB','','','33130',345,'464C2FFD-B0BD-4C91-B482-34B1F82EEB42','F9E7025A-47B1-4D52-A73B-C1D83E0F4DD0'),('21ABA753-0B41-40E2-BCA5-72AD8B8A4703','','','55120',691,'464C2FFD-B0BD-4C91-B482-34B1F82EEB42','F9E7025A-47B1-4D52-A73B-C1D83E0F4DD0'),('21AE83D1-6559-4AF7-8064-EE1B965E83E6','','','45170',544,'464C2FFD-B0BD-4C91-B482-34B1F82EEB42','F9E7025A-47B1-4D52-A73B-C1D83E0F4DD0'),('21BCFCCC-0B7A-4F8C-B077-CDA42826D9C8','','','10800',29,'464C2FFD-B0BD-4C91-B482-34B1F82EEB42','F9E7025A-47B1-4D52-A73B-C1D83E0F4DD0'),('21C579AB-E5CE-467D-B98B-25431EED0A21','','','33120',351,'464C2FFD-B0BD-4C91-B482-34B1F82EEB42','F9E7025A-47B1-4D52-A73B-C1D83E0F4DD0'),('21E6C911-199F-4C03-B5F6-379837AA86C6','','','15250',118,'464C2FFD-B0BD-4C91-B482-34B1F82EEB42','F9E7025A-47B1-4D52-A73B-C1D83E0F4DD0'),('22375962-86CF-400B-B1F1-1412759E426D','','','96190',1159,'464C2FFD-B0BD-4C91-B482-34B1F82EEB42','F9E7025A-47B1-4D52-A73B-C1D83E0F4DD0'),('2285C5E6-02B6-4D44-879C-1518F51F8372','','','50240',629,'464C2FFD-B0BD-4C91-B482-34B1F82EEB42','F9E7025A-47B1-4D52-A73B-C1D83E0F4DD0'),('22ECD0A8-D9AD-486A-8A58-403BC5E6EC10','','','32180',317,'464C2FFD-B0BD-4C91-B482-34B1F82EEB42','F9E7025A-47B1-4D52-A73B-C1D83E0F4DD0'),('22F7B338-0DF1-4400-AD73-6F769DDBB222','','','93120',1117,'464C2FFD-B0BD-4C91-B482-34B1F82EEB42','F9E7025A-47B1-4D52-A73B-C1D83E0F4DD0'),('22FDE42E-0392-4618-B5D3-7D46C6673F67','','','39180',428,'464C2FFD-B0BD-4C91-B482-34B1F82EEB42','F9E7025A-47B1-4D52-A73B-C1D83E0F4DD0'),('23C9875A-AF29-4F9D-922B-EB26C72B3954','','','25240',229,'464C2FFD-B0BD-4C91-B482-34B1F82EEB42','F9E7025A-47B1-4D52-A73B-C1D83E0F4DD0'),('23E8A472-9A45-4850-B277-90727E4EAF7B','','','13110',89,'464C2FFD-B0BD-4C91-B482-34B1F82EEB42','F9E7025A-47B1-4D52-A73B-C1D83E0F4DD0'),('23FE4FD6-4343-4A5D-BC8F-0E94012FDA17','','','73000',907,'464C2FFD-B0BD-4C91-B482-34B1F82EEB42','F9E7025A-47B1-4D52-A73B-C1D83E0F4DD0'),('24056D91-5D55-4E85-8C44-ECEB9190B051','','','44180',519,'464C2FFD-B0BD-4C91-B482-34B1F82EEB42','F9E7025A-47B1-4D52-A73B-C1D83E0F4DD0'),('245A2876-5E9E-4210-B8B8-3A0AE6E435E3','','','45140',543,'464C2FFD-B0BD-4C91-B482-34B1F82EEB42','F9E7025A-47B1-4D52-A73B-C1D83E0F4DD0'),('24983B5F-816B-4BAB-B0DA-AC5F319B34ED','','','20160',165,'464C2FFD-B0BD-4C91-B482-34B1F82EEB42','F9E7025A-47B1-4D52-A73B-C1D83E0F4DD0'),('249C705A-D7D2-4CB3-9E2F-77563D7D671D','','','42130',494,'464C2FFD-B0BD-4C91-B482-34B1F82EEB42','F9E7025A-47B1-4D52-A73B-C1D83E0F4DD0'),('24C9433A-D5A6-424A-9320-CB950D543898','','','21160',175,'464C2FFD-B0BD-4C91-B482-34B1F82EEB42','F9E7025A-47B1-4D52-A73B-C1D83E0F4DD0'),('24F1540E-064E-4D57-A63A-0716E227BFE0','','','42000',485,'464C2FFD-B0BD-4C91-B482-34B1F82EEB42','F9E7025A-47B1-4D52-A73B-C1D83E0F4DD0'),('2506AD58-19F0-42D3-92CC-B0F836BA7C89','','','60140',754,'464C2FFD-B0BD-4C91-B482-34B1F82EEB42','F9E7025A-47B1-4D52-A73B-C1D83E0F4DD0'),('251974F7-A7FA-4043-8DE7-127E084FCAC2','','','57340',732,'464C2FFD-B0BD-4C91-B482-34B1F82EEB42','F9E7025A-47B1-4D52-A73B-C1D83E0F4DD0'),('25270045-8CDF-4C36-95C1-FA2432EFAF37','','','81130',992,'464C2FFD-B0BD-4C91-B482-34B1F82EEB42','F9E7025A-47B1-4D52-A73B-C1D83E0F4DD0'),('2541A9B7-2494-4238-9B23-B3E7C816820E','','','45230',530,'464C2FFD-B0BD-4C91-B482-34B1F82EEB42','F9E7025A-47B1-4D52-A73B-C1D83E0F4DD0'),('2545314F-A150-4CC0-8E2B-194290DCFE78','','','82160',994,'464C2FFD-B0BD-4C91-B482-34B1F82EEB42','F9E7025A-47B1-4D52-A73B-C1D83E0F4DD0'),('25632D4F-0513-4D7C-8331-C896CD12458B','','','65240',815,'464C2FFD-B0BD-4C91-B482-34B1F82EEB42','F9E7025A-47B1-4D52-A73B-C1D83E0F4DD0'),('25A7D440-3E9C-4FDD-8F8A-0FD86EA9012F','','','54140',679,'464C2FFD-B0BD-4C91-B482-34B1F82EEB42','F9E7025A-47B1-4D52-A73B-C1D83E0F4DD0'),('26B6AD3D-A34A-4970-8304-D3AF377F35AC','','','31210',294,'464C2FFD-B0BD-4C91-B482-34B1F82EEB42','F9E7025A-47B1-4D52-A73B-C1D83E0F4DD0'),('26C8021A-8310-4867-8101-93BE54F0F01F','','','91140',1084,'464C2FFD-B0BD-4C91-B482-34B1F82EEB42','F9E7025A-47B1-4D52-A73B-C1D83E0F4DD0'),('26EE3003-A644-4471-8D1B-3608E4506065','','','91160',1085,'464C2FFD-B0BD-4C91-B482-34B1F82EEB42','F9E7025A-47B1-4D52-A73B-C1D83E0F4DD0'),('2709BE31-4DA9-4FC5-8339-3100AA9BBFC6','','','13240',102,'464C2FFD-B0BD-4C91-B482-34B1F82EEB42','F9E7025A-47B1-4D52-A73B-C1D83E0F4DD0'),('271D6B74-DF26-4A45-AA61-CB43643CA5EE','','','53130',675,'464C2FFD-B0BD-4C91-B482-34B1F82EEB42','F9E7025A-47B1-4D52-A73B-C1D83E0F4DD0'),('2735D2FF-B8EF-4192-A7F6-35CD378393E5','','','39270',429,'464C2FFD-B0BD-4C91-B482-34B1F82EEB42','F9E7025A-47B1-4D52-A73B-C1D83E0F4DD0'),('277A4F92-E66C-439C-A9F4-6422104D5A19','','','32130',320,'464C2FFD-B0BD-4C91-B482-34B1F82EEB42','F9E7025A-47B1-4D52-A73B-C1D83E0F4DD0'),('27AE1785-1BC5-4643-B83A-C8CDC80BE76C','','','73220',916,'464C2FFD-B0BD-4C91-B482-34B1F82EEB42','F9E7025A-47B1-4D52-A73B-C1D83E0F4DD0'),('27BE4AFE-84FF-442A-B9E0-2C7D2AFFF11C','','','47210',566,'464C2FFD-B0BD-4C91-B482-34B1F82EEB42','F9E7025A-47B1-4D52-A73B-C1D83E0F4DD0'),('28294256-D357-49C7-8213-187E3B7262EA','','','15000',101,'464C2FFD-B0BD-4C91-B482-34B1F82EEB42','F9E7025A-47B1-4D52-A73B-C1D83E0F4DD0'),('28C1AD66-682A-4C1A-852A-F9546083E891','','','60150',764,'464C2FFD-B0BD-4C91-B482-34B1F82EEB42','F9E7025A-47B1-4D52-A73B-C1D83E0F4DD0'),('28D7D193-D784-4AD2-BBFF-0918764EAD05','','','30240',268,'464C2FFD-B0BD-4C91-B482-34B1F82EEB42','F9E7025A-47B1-4D52-A73B-C1D83E0F4DD0'),('28F67FE4-C4BC-4A76-A40E-AA998E000807','','','83130',1005,'464C2FFD-B0BD-4C91-B482-34B1F82EEB42','F9E7025A-47B1-4D52-A73B-C1D83E0F4DD0'),('2910B478-A790-4780-9844-9BC4842CACB2','','','30210',258,'464C2FFD-B0BD-4C91-B482-34B1F82EEB42','F9E7025A-47B1-4D52-A73B-C1D83E0F4DD0'),('2914E531-FB88-457D-9603-589F43138038','','','57220',726,'464C2FFD-B0BD-4C91-B482-34B1F82EEB42','F9E7025A-47B1-4D52-A73B-C1D83E0F4DD0'),('29271949-3E75-4EE5-A015-A91AF9F5C77C','','','92170',1106,'464C2FFD-B0BD-4C91-B482-34B1F82EEB42','F9E7025A-47B1-4D52-A73B-C1D83E0F4DD0'),('294F7959-AE17-4D2B-927A-F4749D5EA451','','','13220',83,'464C2FFD-B0BD-4C91-B482-34B1F82EEB42','F9E7025A-47B1-4D52-A73B-C1D83E0F4DD0'),('295AF119-238C-4844-AFD7-DD36945CE17A','','','18240',158,'464C2FFD-B0BD-4C91-B482-34B1F82EEB42','F9E7025A-47B1-4D52-A73B-C1D83E0F4DD0'),('29F85F4C-37B7-4DA7-A238-DD506A2207E5','','','10150',50,'464C2FFD-B0BD-4C91-B482-34B1F82EEB42','F9E7025A-47B1-4D52-A73B-C1D83E0F4DD0'),('2A0655F3-7ED0-4633-86AE-5C64F676F15E','','','35130',386,'464C2FFD-B0BD-4C91-B482-34B1F82EEB42','F9E7025A-47B1-4D52-A73B-C1D83E0F4DD0'),('2A1A53A9-9122-4081-ADA5-D4A814B5AB68','','','63120',789,'464C2FFD-B0BD-4C91-B482-34B1F82EEB42','F9E7025A-47B1-4D52-A73B-C1D83E0F4DD0'),('2A42BFC1-F8E8-4F93-9F04-51C09B40C53F','','','84290',1012,'464C2FFD-B0BD-4C91-B482-34B1F82EEB42','F9E7025A-47B1-4D52-A73B-C1D83E0F4DD0'),('2A5EE92C-AABB-4387-AF44-AE5AEC2AA85A','','','96220',1155,'464C2FFD-B0BD-4C91-B482-34B1F82EEB42','F9E7025A-47B1-4D52-A73B-C1D83E0F4DD0'),('2A905850-2277-426A-BDDA-4E2A015BC37B','','','42100',486,'464C2FFD-B0BD-4C91-B482-34B1F82EEB42','F9E7025A-47B1-4D52-A73B-C1D83E0F4DD0'),('2A9A9C1B-0F95-4D72-B1D1-DECF288FC60A','','','76100',927,'464C2FFD-B0BD-4C91-B482-34B1F82EEB42','F9E7025A-47B1-4D52-A73B-C1D83E0F4DD0'),('2ADEC236-283D-408B-90DA-1A255571FA10','','','26120',238,'464C2FFD-B0BD-4C91-B482-34B1F82EEB42','F9E7025A-47B1-4D52-A73B-C1D83E0F4DD0'),('2AE75240-7331-4E6D-B0BF-96F2412DA00A','','','33140',335,'464C2FFD-B0BD-4C91-B482-34B1F82EEB42','F9E7025A-47B1-4D52-A73B-C1D83E0F4DD0'),('2B402FAC-1115-4EE8-97B0-476F2CF981C6','','','24160',223,'464C2FFD-B0BD-4C91-B482-34B1F82EEB42','F9E7025A-47B1-4D52-A73B-C1D83E0F4DD0'),('2B7EB89B-687F-4831-9FFE-56FA209B904D','','','10250',32,'464C2FFD-B0BD-4C91-B482-34B1F82EEB42','F9E7025A-47B1-4D52-A73B-C1D83E0F4DD0'),('2C069013-88A9-4EF1-A1E1-02DCBCD6B8DD','','','30250',252,'464C2FFD-B0BD-4C91-B482-34B1F82EEB42','F9E7025A-47B1-4D52-A73B-C1D83E0F4DD0'),('2C0D7FDA-38D3-4D70-8D43-FF78B2C55E5F','','','22110',189,'464C2FFD-B0BD-4C91-B482-34B1F82EEB42','F9E7025A-47B1-4D52-A73B-C1D83E0F4DD0'),('2C28A2CA-2977-4BB5-85D6-62FDF40FAE6D','','','85120',1043,'464C2FFD-B0BD-4C91-B482-34B1F82EEB42','F9E7025A-47B1-4D52-A73B-C1D83E0F4DD0'),('2CBC6295-E0B9-432B-90B9-5FBE0488AA08','','','46130',562,'464C2FFD-B0BD-4C91-B482-34B1F82EEB42','F9E7025A-47B1-4D52-A73B-C1D83E0F4DD0'),('2CF334C6-ECA6-4C71-9245-0AA9223DA2BB','','','13280',85,'464C2FFD-B0BD-4C91-B482-34B1F82EEB42','F9E7025A-47B1-4D52-A73B-C1D83E0F4DD0'),('2D09A1D9-5524-4FEE-8DF7-B2713B77AC51','','','62210',786,'464C2FFD-B0BD-4C91-B482-34B1F82EEB42','F9E7025A-47B1-4D52-A73B-C1D83E0F4DD0'),('2D8870BB-F6FC-4E1C-AAB5-80182F5F2106','','','32110',322,'464C2FFD-B0BD-4C91-B482-34B1F82EEB42','F9E7025A-47B1-4D52-A73B-C1D83E0F4DD0'),('2D9AA190-D136-4F51-BC35-9075F08096A2','','','20110',167,'464C2FFD-B0BD-4C91-B482-34B1F82EEB42','F9E7025A-47B1-4D52-A73B-C1D83E0F4DD0'),('2E2747C4-D2D7-47BC-AE6A-62EF69040BB5','','','40290',438,'464C2FFD-B0BD-4C91-B482-34B1F82EEB42','F9E7025A-47B1-4D52-A73B-C1D83E0F4DD0'),('2E2C7B6F-BCA2-4A3B-8A00-E0518FAE6A18','','','40210',435,'464C2FFD-B0BD-4C91-B482-34B1F82EEB42','F9E7025A-47B1-4D52-A73B-C1D83E0F4DD0'),('2F40854C-8DED-4B70-A040-1F5CC25BEA01','','','10540',55,'464C2FFD-B0BD-4C91-B482-34B1F82EEB42','F9E7025A-47B1-4D52-A73B-C1D83E0F4DD0'),('2F5AADC5-41B7-416E-A892-7CE7E0AF7796','','','11150',63,'464C2FFD-B0BD-4C91-B482-34B1F82EEB42','F9E7025A-47B1-4D52-A73B-C1D83E0F4DD0'),('2FCC0C59-997D-44A2-95D4-A869E4A64C47','','','20170',161,'464C2FFD-B0BD-4C91-B482-34B1F82EEB42','F9E7025A-47B1-4D52-A73B-C1D83E0F4DD0'),('2FE2BAB6-0071-44CA-AE9D-D5887C8F67B8','','','56000',710,'464C2FFD-B0BD-4C91-B482-34B1F82EEB42','F9E7025A-47B1-4D52-A73B-C1D83E0F4DD0'),('2FE8025D-EAE5-4D3D-8E75-5427F1396CA3','','','43120',503,'464C2FFD-B0BD-4C91-B482-34B1F82EEB42','F9E7025A-47B1-4D52-A73B-C1D83E0F4DD0'),('2FE9B3C0-4709-4476-8C98-C1B7F0C1210E','','','92000',1100,'464C2FFD-B0BD-4C91-B482-34B1F82EEB42','F9E7025A-47B1-4D52-A73B-C1D83E0F4DD0'),('301BAB96-D3AC-48E2-9AB8-DEA497F776DE','','','49140',601,'464C2FFD-B0BD-4C91-B482-34B1F82EEB42','F9E7025A-47B1-4D52-A73B-C1D83E0F4DD0'),('302131A7-417A-45BC-98EC-07CACC23BCE0','','','64130',803,'464C2FFD-B0BD-4C91-B482-34B1F82EEB42','F9E7025A-47B1-4D52-A73B-C1D83E0F4DD0'),('30573926-2026-4977-A0DD-5F47C72766CA','','','16140',127,'464C2FFD-B0BD-4C91-B482-34B1F82EEB42','F9E7025A-47B1-4D52-A73B-C1D83E0F4DD0'),('307F7542-64E5-41BA-A7FB-3FBE2B9C77CE','','','76130',931,'464C2FFD-B0BD-4C91-B482-34B1F82EEB42','F9E7025A-47B1-4D52-A73B-C1D83E0F4DD0'),('309287B6-22ED-4FFF-824A-2A9B6500B77E','','','57110',734,'464C2FFD-B0BD-4C91-B482-34B1F82EEB42','F9E7025A-47B1-4D52-A73B-C1D83E0F4DD0'),('309B4D25-E899-49B9-B7A7-0722B97E336E','','','60110',751,'464C2FFD-B0BD-4C91-B482-34B1F82EEB42','F9E7025A-47B1-4D52-A73B-C1D83E0F4DD0'),('30C693A7-B949-4C73-9999-7FE55E20FBEC','','','73170',918,'464C2FFD-B0BD-4C91-B482-34B1F82EEB42','F9E7025A-47B1-4D52-A73B-C1D83E0F4DD0'),('30E40A9B-A73E-442E-B916-34EEADA4384B','','','45130',533,'464C2FFD-B0BD-4C91-B482-34B1F82EEB42','F9E7025A-47B1-4D52-A73B-C1D83E0F4DD0'),('31044639-B925-4F74-B5EA-FFEF03293D45','','','41360',464,'464C2FFD-B0BD-4C91-B482-34B1F82EEB42','F9E7025A-47B1-4D52-A73B-C1D83E0F4DD0'),('312E807C-DB85-44C6-A3D9-4BAE9BC46D65','','','45190',525,'464C2FFD-B0BD-4C91-B482-34B1F82EEB42','F9E7025A-47B1-4D52-A73B-C1D83E0F4DD0'),('3142B155-4FD3-4864-81A5-09625855B455','','','55160',695,'464C2FFD-B0BD-4C91-B482-34B1F82EEB42','F9E7025A-47B1-4D52-A73B-C1D83E0F4DD0'),('31512B90-4DCA-4DC8-873A-37B2574B9E72','','','15190',111,'464C2FFD-B0BD-4C91-B482-34B1F82EEB42','F9E7025A-47B1-4D52-A73B-C1D83E0F4DD0'),('317514D9-AEC6-4A22-A406-A480F5FE237F','','','71170',887,'464C2FFD-B0BD-4C91-B482-34B1F82EEB42','F9E7025A-47B1-4D52-A73B-C1D83E0F4DD0'),('31B5F6EF-94D7-4F79-8796-F4FEBFAF619D','','','44110',517,'464C2FFD-B0BD-4C91-B482-34B1F82EEB42','F9E7025A-47B1-4D52-A73B-C1D83E0F4DD0'),('31BE5B02-1091-4D29-A891-57FE9EB97892','','','62160',776,'464C2FFD-B0BD-4C91-B482-34B1F82EEB42','F9E7025A-47B1-4D52-A73B-C1D83E0F4DD0'),('31DB1C9B-D6E2-42EF-809D-A5E23B692CC7','','','14140',95,'464C2FFD-B0BD-4C91-B482-34B1F82EEB42','F9E7025A-47B1-4D52-A73B-C1D83E0F4DD0'),('31EC9CCE-F347-428D-A1D1-8A5EE1EA0B3C','','','27000',245,'464C2FFD-B0BD-4C91-B482-34B1F82EEB42','F9E7025A-47B1-4D52-A73B-C1D83E0F4DD0'),('31F5449A-93D8-454D-BB37-FBC7D7D1A798','','','30420',262,'464C2FFD-B0BD-4C91-B482-34B1F82EEB42','F9E7025A-47B1-4D52-A73B-C1D83E0F4DD0'),('3213AB62-E016-487D-A0B5-FD8BC3D08721','','','13180',81,'464C2FFD-B0BD-4C91-B482-34B1F82EEB42','F9E7025A-47B1-4D52-A73B-C1D83E0F4DD0'),('3232795F-B6AA-48A8-A8AC-EA5B7D68F6EA','','','94190',1128,'464C2FFD-B0BD-4C91-B482-34B1F82EEB42','F9E7025A-47B1-4D52-A73B-C1D83E0F4DD0'),('323A8F0C-7769-49D0-974B-25051B819418','','','57210',713,'464C2FFD-B0BD-4C91-B482-34B1F82EEB42','F9E7025A-47B1-4D52-A73B-C1D83E0F4DD0'),('325401BD-F119-48D0-9711-591EBE0C793A','','','77140',940,'464C2FFD-B0BD-4C91-B482-34B1F82EEB42','F9E7025A-47B1-4D52-A73B-C1D83E0F4DD0'),('32B06B18-0E8E-499A-AAFA-B06A4A492F9E','','','71120',879,'464C2FFD-B0BD-4C91-B482-34B1F82EEB42','F9E7025A-47B1-4D52-A73B-C1D83E0F4DD0'),('32C53848-4B85-4C34-BB1B-FE05A3E56023','','','10400',37,'464C2FFD-B0BD-4C91-B482-34B1F82EEB42','F9E7025A-47B1-4D52-A73B-C1D83E0F4DD0'),('32CB2362-38A7-4ABF-B387-2680F67E5CB3','','','40110',458,'464C2FFD-B0BD-4C91-B482-34B1F82EEB42','F9E7025A-47B1-4D52-A73B-C1D83E0F4DD0'),('335FA1E6-1F29-474C-AC67-42E1D005F688','','','43100',501,'464C2FFD-B0BD-4C91-B482-34B1F82EEB42','F9E7025A-47B1-4D52-A73B-C1D83E0F4DD0'),('336A7FDF-C6CC-4EA9-957B-E98194564A11','','','92000',1091,'464C2FFD-B0BD-4C91-B482-34B1F82EEB42','F9E7025A-47B1-4D52-A73B-C1D83E0F4DD0'),('3380DF50-A0EE-4257-8796-8EBBBB72073A','','','50160',609,'464C2FFD-B0BD-4C91-B482-34B1F82EEB42','F9E7025A-47B1-4D52-A73B-C1D83E0F4DD0'),('338C0B4A-52CE-4439-B6D6-D195123D3C32','','','63130',790,'464C2FFD-B0BD-4C91-B482-34B1F82EEB42','F9E7025A-47B1-4D52-A73B-C1D83E0F4DD0'),('33AFB67B-4DB3-4438-B6ED-5DAD0C32BAD8','','','16120',125,'464C2FFD-B0BD-4C91-B482-34B1F82EEB42','F9E7025A-47B1-4D52-A73B-C1D83E0F4DD0'),('33E7FA94-C8ED-48C7-90CB-76564FC52D0C','','','55110',693,'464C2FFD-B0BD-4C91-B482-34B1F82EEB42','F9E7025A-47B1-4D52-A73B-C1D83E0F4DD0'),('33FE2D90-839D-435E-94F8-E13199F5151C','','','45150',524,'464C2FFD-B0BD-4C91-B482-34B1F82EEB42','F9E7025A-47B1-4D52-A73B-C1D83E0F4DD0'),('350894AC-E4BD-4AC4-8199-618C15D02D31','','','92130',1101,'464C2FFD-B0BD-4C91-B482-34B1F82EEB42','F9E7025A-47B1-4D52-A73B-C1D83E0F4DD0'),('358AC8AB-402C-4569-A0C9-ACEDAA41F065','','','64190',804,'464C2FFD-B0BD-4C91-B482-34B1F82EEB42','F9E7025A-47B1-4D52-A73B-C1D83E0F4DD0'),('358AD3B8-A7A6-4A91-B919-F4F18518279B','','','34170',376,'464C2FFD-B0BD-4C91-B482-34B1F82EEB42','F9E7025A-47B1-4D52-A73B-C1D83E0F4DD0'),('361DFB7E-4E0F-4B1F-AD5E-C77E6AC8845D','','','66220',841,'464C2FFD-B0BD-4C91-B482-34B1F82EEB42','F9E7025A-47B1-4D52-A73B-C1D83E0F4DD0'),('36353C2C-2905-4DEB-A30A-DD549EBA321D','','','30310',250,'464C2FFD-B0BD-4C91-B482-34B1F82EEB42','F9E7025A-47B1-4D52-A73B-C1D83E0F4DD0'),('36430617-E41C-412C-8C69-62742ADA0B48','','','45140',528,'464C2FFD-B0BD-4C91-B482-34B1F82EEB42','F9E7025A-47B1-4D52-A73B-C1D83E0F4DD0'),('3646660A-8169-4CB8-BAF4-BD6ED6D0FAC3','','','15110',114,'464C2FFD-B0BD-4C91-B482-34B1F82EEB42','F9E7025A-47B1-4D52-A73B-C1D83E0F4DD0'),('36697B1B-4FA6-43F0-BB49-808B17BF9315','','','96150',1156,'464C2FFD-B0BD-4C91-B482-34B1F82EEB42','F9E7025A-47B1-4D52-A73B-C1D83E0F4DD0'),('36B2971D-AE83-4664-B97B-58A2B0AACFF0','','','17140',134,'464C2FFD-B0BD-4C91-B482-34B1F82EEB42','F9E7025A-47B1-4D52-A73B-C1D83E0F4DD0'),('370BE94D-B20E-46D5-A999-5F437BBF2605','','','40250',442,'464C2FFD-B0BD-4C91-B482-34B1F82EEB42','F9E7025A-47B1-4D52-A73B-C1D83E0F4DD0'),('37215571-B0C9-4DAB-8353-F7B9BCBE9B4B','','','94190',1133,'464C2FFD-B0BD-4C91-B482-34B1F82EEB42','F9E7025A-47B1-4D52-A73B-C1D83E0F4DD0'),('3739A52C-74AF-4BC9-AF7B-513C17ECFCE5','','','94160',1137,'464C2FFD-B0BD-4C91-B482-34B1F82EEB42','F9E7025A-47B1-4D52-A73B-C1D83E0F4DD0'),('375FAE0D-B753-42FA-BAF0-50511DC154A6','','','71260',889,'464C2FFD-B0BD-4C91-B482-34B1F82EEB42','F9E7025A-47B1-4D52-A73B-C1D83E0F4DD0'),('3796549E-820E-43DD-9A45-AF94EE6480F8','','','10210',36,'464C2FFD-B0BD-4C91-B482-34B1F82EEB42','F9E7025A-47B1-4D52-A73B-C1D83E0F4DD0'),('37A03DE0-AC43-45E0-973B-A3A65E88D6CB','','','27120',246,'464C2FFD-B0BD-4C91-B482-34B1F82EEB42','F9E7025A-47B1-4D52-A73B-C1D83E0F4DD0'),('37B1AC75-EFE7-49BA-A89A-2C0506BE2AF9','','','84160',1015,'464C2FFD-B0BD-4C91-B482-34B1F82EEB42','F9E7025A-47B1-4D52-A73B-C1D83E0F4DD0'),('37B42ABE-46CF-4BD0-A5F8-64DC2902DD4C','','','71130',880,'464C2FFD-B0BD-4C91-B482-34B1F82EEB42','F9E7025A-47B1-4D52-A73B-C1D83E0F4DD0'),('3818F4D7-7225-481D-80D8-495FEB677588','','','51140',641,'464C2FFD-B0BD-4C91-B482-34B1F82EEB42','F9E7025A-47B1-4D52-A73B-C1D83E0F4DD0'),('382BF4DF-9D85-4FAA-A017-A63EFC1A322B','','','55140',692,'464C2FFD-B0BD-4C91-B482-34B1F82EEB42','F9E7025A-47B1-4D52-A73B-C1D83E0F4DD0'),('3842E16F-40B4-4833-8242-D11AF7E7D721','','','96220',1162,'464C2FFD-B0BD-4C91-B482-34B1F82EEB42','F9E7025A-47B1-4D52-A73B-C1D83E0F4DD0'),('3851BD51-D286-4278-9776-D0C1D6C078F8','','','33110',334,'464C2FFD-B0BD-4C91-B482-34B1F82EEB42','F9E7025A-47B1-4D52-A73B-C1D83E0F4DD0'),('38637229-9E12-45AA-8E49-427920313C1D','','','95170',1145,'464C2FFD-B0BD-4C91-B482-34B1F82EEB42','F9E7025A-47B1-4D52-A73B-C1D83E0F4DD0'),('386D6F12-3DC6-4ACA-AAA7-0B1D305198F1','','','66170',825,'464C2FFD-B0BD-4C91-B482-34B1F82EEB42','F9E7025A-47B1-4D52-A73B-C1D83E0F4DD0'),('3875E3EF-6587-4E71-B0BE-3DE00A682205','','','61150',767,'464C2FFD-B0BD-4C91-B482-34B1F82EEB42','F9E7025A-47B1-4D52-A73B-C1D83E0F4DD0'),('38A39F08-7108-49A3-AA36-3E8CDD83C739','','','36130',396,'464C2FFD-B0BD-4C91-B482-34B1F82EEB42','F9E7025A-47B1-4D52-A73B-C1D83E0F4DD0'),('38ED15E5-04A4-437C-BB20-3F4A14FE38D5','','','74000',919,'464C2FFD-B0BD-4C91-B482-34B1F82EEB42','F9E7025A-47B1-4D52-A73B-C1D83E0F4DD0'),('390B4895-9790-47D2-B751-47D2963B1D63','','','38000',416,'464C2FFD-B0BD-4C91-B482-34B1F82EEB42','F9E7025A-47B1-4D52-A73B-C1D83E0F4DD0'),('3986DDDA-2D55-4A7F-9D01-66B3283F21FF','','','36220',397,'464C2FFD-B0BD-4C91-B482-34B1F82EEB42','F9E7025A-47B1-4D52-A73B-C1D83E0F4DD0'),('398F9433-6E76-49A7-B67F-4D6F31BA32C2','','','92220',1104,'464C2FFD-B0BD-4C91-B482-34B1F82EEB42','F9E7025A-47B1-4D52-A73B-C1D83E0F4DD0'),('39A5BC5D-E4B4-421C-BE7A-A1E32CCE0AF1','','','52140',656,'464C2FFD-B0BD-4C91-B482-34B1F82EEB42','F9E7025A-47B1-4D52-A73B-C1D83E0F4DD0'),('39E0BB09-BE84-466A-B344-1452BA12A9C5','','','56160',705,'464C2FFD-B0BD-4C91-B482-34B1F82EEB42','F9E7025A-47B1-4D52-A73B-C1D83E0F4DD0'),('3A08F822-37E8-417B-AA79-B611E6F55216','','','93130',1113,'464C2FFD-B0BD-4C91-B482-34B1F82EEB42','F9E7025A-47B1-4D52-A73B-C1D83E0F4DD0'),('3A1F9460-482F-40F4-A10F-81133AC84123','','','64150',809,'464C2FFD-B0BD-4C91-B482-34B1F82EEB42','F9E7025A-47B1-4D52-A73B-C1D83E0F4DD0'),('3A602FBA-B1E9-46BB-AD6D-FEAE88BA9F68','','','41250',463,'464C2FFD-B0BD-4C91-B482-34B1F82EEB42','F9E7025A-47B1-4D52-A73B-C1D83E0F4DD0'),('3A654C15-37B2-48A4-93FB-ED417B4F4870','','','46000',561,'464C2FFD-B0BD-4C91-B482-34B1F82EEB42','F9E7025A-47B1-4D52-A73B-C1D83E0F4DD0'),('3A83CDA2-1759-45D4-B43A-5E22146C85E1','','','43120',508,'464C2FFD-B0BD-4C91-B482-34B1F82EEB42','F9E7025A-47B1-4D52-A73B-C1D83E0F4DD0'),('3AF22A1F-76AA-4D24-9EF0-08E33FFA0AEF','','','60120',749,'464C2FFD-B0BD-4C91-B482-34B1F82EEB42','F9E7025A-47B1-4D52-A73B-C1D83E0F4DD0'),('3AF89263-4BB8-4C9A-978F-2BBEBAC545F5','','','48130',592,'464C2FFD-B0BD-4C91-B482-34B1F82EEB42','F9E7025A-47B1-4D52-A73B-C1D83E0F4DD0'),('3B2BBCDE-FA01-4C0F-A8B5-D12F05665209','','','34160',374,'464C2FFD-B0BD-4C91-B482-34B1F82EEB42','F9E7025A-47B1-4D52-A73B-C1D83E0F4DD0'),('3BAFA47F-E054-4125-A1AB-A37B68955F2C','','','15230',116,'464C2FFD-B0BD-4C91-B482-34B1F82EEB42','F9E7025A-47B1-4D52-A73B-C1D83E0F4DD0'),('3BB4AAA4-626E-44AB-861C-37865B5BA4D6','','','58130',741,'464C2FFD-B0BD-4C91-B482-34B1F82EEB42','F9E7025A-47B1-4D52-A73B-C1D83E0F4DD0'),('3BC0ABA4-3F88-44AA-AA43-AE7590CB4949','','','32170',325,'464C2FFD-B0BD-4C91-B482-34B1F82EEB42','F9E7025A-47B1-4D52-A73B-C1D83E0F4DD0'),('3BCBC2BC-9B03-4771-8BB6-25F92E468868','','','92140',1098,'464C2FFD-B0BD-4C91-B482-34B1F82EEB42','F9E7025A-47B1-4D52-A73B-C1D83E0F4DD0'),('3BCD657B-2684-4986-9590-B04BEE2D3C82','','','39000',424,'464C2FFD-B0BD-4C91-B482-34B1F82EEB42','F9E7025A-47B1-4D52-A73B-C1D83E0F4DD0'),('3BEB31E2-4895-48CE-800A-46A5A9CD7B93','','','34280',360,'464C2FFD-B0BD-4C91-B482-34B1F82EEB42','F9E7025A-47B1-4D52-A73B-C1D83E0F4DD0'),('3C5BF29C-0686-49FA-8C24-493A1BE233AE','','','14110',99,'464C2FFD-B0BD-4C91-B482-34B1F82EEB42','F9E7025A-47B1-4D52-A73B-C1D83E0F4DD0'),('3C6462A2-1B06-479B-BE3D-0CF9F149D686','','','34000',377,'464C2FFD-B0BD-4C91-B482-34B1F82EEB42','F9E7025A-47B1-4D52-A73B-C1D83E0F4DD0'),('3CA99B4D-E35F-4490-BA7B-861C1D8DC712','','','42150',489,'464C2FFD-B0BD-4C91-B482-34B1F82EEB42','F9E7025A-47B1-4D52-A73B-C1D83E0F4DD0'),('3CB2367F-5BB3-47EF-BA2B-A769DA4398A4','','','72170',899,'464C2FFD-B0BD-4C91-B482-34B1F82EEB42','F9E7025A-47B1-4D52-A73B-C1D83E0F4DD0'),('3CBC288C-71ED-426F-905F-BFA59E3478E4','','','80280',950,'464C2FFD-B0BD-4C91-B482-34B1F82EEB42','F9E7025A-47B1-4D52-A73B-C1D83E0F4DD0'),('3CD7FF5D-C52C-40CD-8CA9-216A0FECE84C','','','50270',611,'464C2FFD-B0BD-4C91-B482-34B1F82EEB42','F9E7025A-47B1-4D52-A73B-C1D83E0F4DD0'),('3CF0E955-B578-4153-8918-B5CD510CB764','','','71250',877,'464C2FFD-B0BD-4C91-B482-34B1F82EEB42','F9E7025A-47B1-4D52-A73B-C1D83E0F4DD0'),('3CF2D077-1F99-40D9-8E67-FE029177CFFC','','','36190',403,'464C2FFD-B0BD-4C91-B482-34B1F82EEB42','F9E7025A-47B1-4D52-A73B-C1D83E0F4DD0'),('3D0DB16E-E018-4CCB-A3F3-3DAE9D5E9CBF','','','30000',249,'464C2FFD-B0BD-4C91-B482-34B1F82EEB42','F9E7025A-47B1-4D52-A73B-C1D83E0F4DD0'),('3D872964-5BDE-4725-8DDC-2E14FB22900C','','','57120',717,'464C2FFD-B0BD-4C91-B482-34B1F82EEB42','F9E7025A-47B1-4D52-A73B-C1D83E0F4DD0'),('3DAC4D61-43E1-4FF1-89DD-91BCE5E02B71','','','65170',813,'464C2FFD-B0BD-4C91-B482-34B1F82EEB42','F9E7025A-47B1-4D52-A73B-C1D83E0F4DD0'),('3E0363C5-6367-4C38-962E-F6B8EF9634B7','','','41230',473,'464C2FFD-B0BD-4C91-B482-34B1F82EEB42','F9E7025A-47B1-4D52-A73B-C1D83E0F4DD0'),('3E40E5C7-C489-4067-952E-B122B94808C2','','','77230',941,'464C2FFD-B0BD-4C91-B482-34B1F82EEB42','F9E7025A-47B1-4D52-A73B-C1D83E0F4DD0'),('3E4E2231-3779-4F07-B4DD-760F298AF417','','','42190',499,'464C2FFD-B0BD-4C91-B482-34B1F82EEB42','F9E7025A-47B1-4D52-A73B-C1D83E0F4DD0'),('3E56F36C-ECBA-4936-A65F-77AE393E1792','','','40180',452,'464C2FFD-B0BD-4C91-B482-34B1F82EEB42','F9E7025A-47B1-4D52-A73B-C1D83E0F4DD0'),('3ED9EE11-5516-463E-9AEA-2E034D7EC7AC','','','10220',42,'464C2FFD-B0BD-4C91-B482-34B1F82EEB42','F9E7025A-47B1-4D52-A73B-C1D83E0F4DD0'),('3EF54233-8C1E-4B3D-B8A3-11C0EE2CA73A','','','31120',308,'464C2FFD-B0BD-4C91-B482-34B1F82EEB42','F9E7025A-47B1-4D52-A73B-C1D83E0F4DD0'),('3EFB2513-1F93-4ABA-9553-FD036F47B2B7','','','40170',443,'464C2FFD-B0BD-4C91-B482-34B1F82EEB42','F9E7025A-47B1-4D52-A73B-C1D83E0F4DD0'),('3FD669A2-6FA5-44D9-B12B-B8BB5DE58B57','','','41000',461,'464C2FFD-B0BD-4C91-B482-34B1F82EEB42','F9E7025A-47B1-4D52-A73B-C1D83E0F4DD0'),('400B9B0F-8E85-45BD-8254-16165813E5E2','','','73210',915,'464C2FFD-B0BD-4C91-B482-34B1F82EEB42','F9E7025A-47B1-4D52-A73B-C1D83E0F4DD0'),('403D1985-C359-4A72-A5CB-23B50A6EB62C','','','15150',112,'464C2FFD-B0BD-4C91-B482-34B1F82EEB42','F9E7025A-47B1-4D52-A73B-C1D83E0F4DD0'),('406E24BC-2D25-4588-BACF-C478CF200E8D','','','56120',706,'464C2FFD-B0BD-4C91-B482-34B1F82EEB42','F9E7025A-47B1-4D52-A73B-C1D83E0F4DD0'),('4090117E-3E5B-49C0-919D-E955EDC57C13','','','18270',148,'464C2FFD-B0BD-4C91-B482-34B1F82EEB42','F9E7025A-47B1-4D52-A73B-C1D83E0F4DD0'),('417E099A-38C6-4637-BBC6-94308340B530','','','44160',522,'464C2FFD-B0BD-4C91-B482-34B1F82EEB42','F9E7025A-47B1-4D52-A73B-C1D83E0F4DD0'),('42871DBC-03E4-4D4F-A5CF-1A1F091B4C00','','','22160',200,'464C2FFD-B0BD-4C91-B482-34B1F82EEB42','F9E7025A-47B1-4D52-A73B-C1D83E0F4DD0'),('428F2F1E-CFB8-4478-99D6-F3E6E4442EC7','','','96160',1158,'464C2FFD-B0BD-4C91-B482-34B1F82EEB42','F9E7025A-47B1-4D52-A73B-C1D83E0F4DD0'),('42BFDE66-1EAE-4AA4-BC09-359EA5CDAE6F','','','22150',190,'464C2FFD-B0BD-4C91-B482-34B1F82EEB42','F9E7025A-47B1-4D52-A73B-C1D83E0F4DD0'),('430AFE79-8A1A-4F13-AABA-B35B1FBC9893','','','54000',682,'464C2FFD-B0BD-4C91-B482-34B1F82EEB42','F9E7025A-47B1-4D52-A73B-C1D83E0F4DD0'),('433DB92D-A429-4B5D-94D6-821E9CDA31DD','','','30290',263,'464C2FFD-B0BD-4C91-B482-34B1F82EEB42','F9E7025A-47B1-4D52-A73B-C1D83E0F4DD0'),('4371DCCF-E325-47E1-99FD-250C6F9AC966','','','16160',126,'464C2FFD-B0BD-4C91-B482-34B1F82EEB42','F9E7025A-47B1-4D52-A73B-C1D83E0F4DD0'),('43FC71D4-5D9D-483F-8385-A46843834B3D','','','10140',49,'464C2FFD-B0BD-4C91-B482-34B1F82EEB42','F9E7025A-47B1-4D52-A73B-C1D83E0F4DD0'),('440E40DF-190B-492C-815C-77D6B9983C1D','','','61120',766,'464C2FFD-B0BD-4C91-B482-34B1F82EEB42','F9E7025A-47B1-4D52-A73B-C1D83E0F4DD0'),('4451CC17-1CFB-4FEE-A15B-3DA8DC3A9AE9','','','40150',457,'464C2FFD-B0BD-4C91-B482-34B1F82EEB42','F9E7025A-47B1-4D52-A73B-C1D83E0F4DD0'),('4467289C-7836-4490-99CE-DF623DA34936','','','10170',19,'464C2FFD-B0BD-4C91-B482-34B1F82EEB42','F9E7025A-47B1-4D52-A73B-C1D83E0F4DD0'),('44A91154-7E45-48D0-82A7-4D9BC8A5508A','','','40130',437,'464C2FFD-B0BD-4C91-B482-34B1F82EEB42','F9E7025A-47B1-4D52-A73B-C1D83E0F4DD0'),('44C86AC4-7680-4E15-AF82-2AC827068174','','','10310',17,'464C2FFD-B0BD-4C91-B482-34B1F82EEB42','F9E7025A-47B1-4D52-A73B-C1D83E0F4DD0'),('44D70A4B-5C8D-42AA-853B-8D1337902BFA','','','56000',702,'464C2FFD-B0BD-4C91-B482-34B1F82EEB42','F9E7025A-47B1-4D52-A73B-C1D83E0F4DD0'),('44DA7A91-C365-4A66-B6AF-1468242A35B5','','','17130',135,'464C2FFD-B0BD-4C91-B482-34B1F82EEB42','F9E7025A-47B1-4D52-A73B-C1D83E0F4DD0'),('45366FCB-A8D4-4C4C-B64B-0B0EAAD41BBE','','','42160',492,'464C2FFD-B0BD-4C91-B482-34B1F82EEB42','F9E7025A-47B1-4D52-A73B-C1D83E0F4DD0'),('4548AE82-BEB3-4AD0-944B-1799C895E1CA','','','22160',181,'464C2FFD-B0BD-4C91-B482-34B1F82EEB42','F9E7025A-47B1-4D52-A73B-C1D83E0F4DD0'),('457EB9A7-A09A-4958-AEBF-70B6809B5A42','','','84130',1035,'464C2FFD-B0BD-4C91-B482-34B1F82EEB42','F9E7025A-47B1-4D52-A73B-C1D83E0F4DD0'),('458BD522-E4DF-4FDF-868F-CF2CA479B095','','','62150',777,'464C2FFD-B0BD-4C91-B482-34B1F82EEB42','F9E7025A-47B1-4D52-A73B-C1D83E0F4DD0'),('458CECD0-29E2-4155-8D9E-8AE0513683EC','','','66210',839,'464C2FFD-B0BD-4C91-B482-34B1F82EEB42','F9E7025A-47B1-4D52-A73B-C1D83E0F4DD0'),('45E58F6F-7802-4C41-9D57-16B71A9DAA0B','','','84100',1011,'464C2FFD-B0BD-4C91-B482-34B1F82EEB42','F9E7025A-47B1-4D52-A73B-C1D83E0F4DD0'),('460FADBE-EC7F-441C-A2C7-040954958A95','','','90150',1064,'464C2FFD-B0BD-4C91-B482-34B1F82EEB42','F9E7025A-47B1-4D52-A73B-C1D83E0F4DD0'),('464E0EE2-2D92-4E0D-994E-492476D876C4','','','48000',586,'464C2FFD-B0BD-4C91-B482-34B1F82EEB42','F9E7025A-47B1-4D52-A73B-C1D83E0F4DD0'),('4804CC05-510C-44E4-8A9C-EC8C2053F768','','','10150',21,'464C2FFD-B0BD-4C91-B482-34B1F82EEB42','F9E7025A-47B1-4D52-A73B-C1D83E0F4DD0'),('4838A854-70FC-4891-B959-3542EBB199A5','','','76140',928,'464C2FFD-B0BD-4C91-B482-34B1F82EEB42','F9E7025A-47B1-4D52-A73B-C1D83E0F4DD0'),('487ED638-F9E4-4DC3-958D-70CC40A2C9F1','','','41110',484,'464C2FFD-B0BD-4C91-B482-34B1F82EEB42','F9E7025A-47B1-4D52-A73B-C1D83E0F4DD0'),('4894A45B-A965-4C49-B100-F5B24B6C0486','','','67260',856,'464C2FFD-B0BD-4C91-B482-34B1F82EEB42','F9E7025A-47B1-4D52-A73B-C1D83E0F4DD0'),('4897B276-4A58-4A5A-86D4-B3A92299DF3B','','','60130',759,'464C2FFD-B0BD-4C91-B482-34B1F82EEB42','F9E7025A-47B1-4D52-A73B-C1D83E0F4DD0'),('48AABD8F-06DC-4FF3-A8FE-00B369311435','','','34190',378,'464C2FFD-B0BD-4C91-B482-34B1F82EEB42','F9E7025A-47B1-4D52-A73B-C1D83E0F4DD0'),('48C0E761-F9B4-4340-A317-4ABD1663134F','','','21110',186,'464C2FFD-B0BD-4C91-B482-34B1F82EEB42','F9E7025A-47B1-4D52-A73B-C1D83E0F4DD0'),('48C145A1-24DA-4C25-87AD-9FCA45FB4D19','','','60000',746,'464C2FFD-B0BD-4C91-B482-34B1F82EEB42','F9E7025A-47B1-4D52-A73B-C1D83E0F4DD0'),('48CEB52B-D7C9-4621-A009-DEE06571BCB2','','','50280',621,'464C2FFD-B0BD-4C91-B482-34B1F82EEB42','F9E7025A-47B1-4D52-A73B-C1D83E0F4DD0'),('48E1324D-D83E-4091-B0A0-65B11711A877','','','10220',5,'464C2FFD-B0BD-4C91-B482-34B1F82EEB42','F9E7025A-47B1-4D52-A73B-C1D83E0F4DD0'),('49707991-85C3-473D-BF64-06D1F4650C19','','','74110',920,'464C2FFD-B0BD-4C91-B482-34B1F82EEB42','F9E7025A-47B1-4D52-A73B-C1D83E0F4DD0'),('49DFBFE5-1657-4EAF-9FA7-086A2B9C4B51','','','46230',546,'464C2FFD-B0BD-4C91-B482-34B1F82EEB42','F9E7025A-47B1-4D52-A73B-C1D83E0F4DD0'),('49F1F6E2-F528-49CF-99BC-C094F3532CA5','','','34150',356,'464C2FFD-B0BD-4C91-B482-34B1F82EEB42','F9E7025A-47B1-4D52-A73B-C1D83E0F4DD0'),('4A01D869-457E-4073-941C-21A31F5E0F6A','','','61170',774,'464C2FFD-B0BD-4C91-B482-34B1F82EEB42','F9E7025A-47B1-4D52-A73B-C1D83E0F4DD0'),('4A23C404-13C0-4002-90C0-574E29941019','','','39170',425,'464C2FFD-B0BD-4C91-B482-34B1F82EEB42','F9E7025A-47B1-4D52-A73B-C1D83E0F4DD0'),('4A2B9D88-3A69-47F6-A724-BF12CF553613','','','39350',426,'464C2FFD-B0BD-4C91-B482-34B1F82EEB42','F9E7025A-47B1-4D52-A73B-C1D83E0F4DD0'),('4A4B4458-D4BE-4194-BB34-B6DE71E965E1','','','31150',311,'464C2FFD-B0BD-4C91-B482-34B1F82EEB42','F9E7025A-47B1-4D52-A73B-C1D83E0F4DD0'),('4A9D3F23-7566-4E6D-9613-74E4D0BC654C','','','40160',456,'464C2FFD-B0BD-4C91-B482-34B1F82EEB42','F9E7025A-47B1-4D52-A73B-C1D83E0F4DD0'),('4AA6432E-3C2B-4AFE-B173-84233F249D71','','','24120',219,'464C2FFD-B0BD-4C91-B482-34B1F82EEB42','F9E7025A-47B1-4D52-A73B-C1D83E0F4DD0'),('4B0BE509-72D7-48A3-AF34-16FF84D1C2D6','','','11130',60,'464C2FFD-B0BD-4C91-B482-34B1F82EEB42','F9E7025A-47B1-4D52-A73B-C1D83E0F4DD0'),('4B4E0B28-30CE-4956-9C03-7676B633776A','','','50230',627,'464C2FFD-B0BD-4C91-B482-34B1F82EEB42','F9E7025A-47B1-4D52-A73B-C1D83E0F4DD0'),('4B69779D-C113-41B0-B9B8-0ADF6F294EA3','','','47170',577,'464C2FFD-B0BD-4C91-B482-34B1F82EEB42','F9E7025A-47B1-4D52-A73B-C1D83E0F4DD0'),('4B6F63C2-0103-4AE6-9411-3405FF0E9F95','','','72000',892,'464C2FFD-B0BD-4C91-B482-34B1F82EEB42','F9E7025A-47B1-4D52-A73B-C1D83E0F4DD0'),('4C048382-3879-417F-9FA8-80A15C9DFD6E','','','22130',195,'464C2FFD-B0BD-4C91-B482-34B1F82EEB42','F9E7025A-47B1-4D52-A73B-C1D83E0F4DD0'),('4C1E1CC2-4836-4C04-939A-D589EC917B22','','','24150',213,'464C2FFD-B0BD-4C91-B482-34B1F82EEB42','F9E7025A-47B1-4D52-A73B-C1D83E0F4DD0'),('4C4A3B1E-9D09-4150-9B94-93FAE4FB6AC6','','','65210',817,'464C2FFD-B0BD-4C91-B482-34B1F82EEB42','F9E7025A-47B1-4D52-A73B-C1D83E0F4DD0'),('4C769174-0550-4CC7-BC43-1F8D4ED0D041','','','18160',152,'464C2FFD-B0BD-4C91-B482-34B1F82EEB42','F9E7025A-47B1-4D52-A73B-C1D83E0F4DD0'),('4C9B53E6-8F8E-41F1-BA13-A65D11EB97BB','','','62120',785,'464C2FFD-B0BD-4C91-B482-34B1F82EEB42','F9E7025A-47B1-4D52-A73B-C1D83E0F4DD0'),('4CA1DE7D-1860-45C0-B3AB-0BA65D52E4D6','','','96140',1161,'464C2FFD-B0BD-4C91-B482-34B1F82EEB42','F9E7025A-47B1-4D52-A73B-C1D83E0F4DD0'),('4CDAE630-5CA6-4F72-AB4F-439E409B723D','','','94130',1127,'464C2FFD-B0BD-4C91-B482-34B1F82EEB42','F9E7025A-47B1-4D52-A73B-C1D83E0F4DD0'),('4CF3F8EC-DDB4-40D3-B6E7-A0260246E857','','','44160',514,'464C2FFD-B0BD-4C91-B482-34B1F82EEB42','F9E7025A-47B1-4D52-A73B-C1D83E0F4DD0'),('4D059A84-850F-40FE-85D4-2F77780398B0','','','40340',445,'464C2FFD-B0BD-4C91-B482-34B1F82EEB42','F9E7025A-47B1-4D52-A73B-C1D83E0F4DD0'),('4D1B442C-516E-435E-BD22-B9FC21AB65CA','','','51170',642,'464C2FFD-B0BD-4C91-B482-34B1F82EEB42','F9E7025A-47B1-4D52-A73B-C1D83E0F4DD0'),('4D5932DC-822B-4A71-A68A-6553EE286347','','','40330',447,'464C2FFD-B0BD-4C91-B482-34B1F82EEB42','F9E7025A-47B1-4D52-A73B-C1D83E0F4DD0'),('4D6A04E8-04DB-45B5-B8EA-75E0AA1DE7C1','','','57130',725,'464C2FFD-B0BD-4C91-B482-34B1F82EEB42','F9E7025A-47B1-4D52-A73B-C1D83E0F4DD0'),('4D7F30CD-B15B-4019-9255-775022CE2C8C','','','40320',434,'464C2FFD-B0BD-4C91-B482-34B1F82EEB42','F9E7025A-47B1-4D52-A73B-C1D83E0F4DD0'),('4DE6806A-BA83-47E5-8BBB-E18BBEE6EA4F','','','41310',471,'464C2FFD-B0BD-4C91-B482-34B1F82EEB42','F9E7025A-47B1-4D52-A73B-C1D83E0F4DD0'),('4DFADE40-DBD5-4595-BDD0-A6C16312E01D','','','77130',939,'464C2FFD-B0BD-4C91-B482-34B1F82EEB42','F9E7025A-47B1-4D52-A73B-C1D83E0F4DD0'),('4E48FE7B-D813-49A4-86A8-9E80D7C21775','','','15130',109,'464C2FFD-B0BD-4C91-B482-34B1F82EEB42','F9E7025A-47B1-4D52-A73B-C1D83E0F4DD0'),('4E549C0F-AF67-4B30-81DB-99ED9FA6529E','','','84320',1019,'464C2FFD-B0BD-4C91-B482-34B1F82EEB42','F9E7025A-47B1-4D52-A73B-C1D83E0F4DD0'),('4E7921BA-BD27-4821-853B-F615AAF59784','','','10100',13,'464C2FFD-B0BD-4C91-B482-34B1F82EEB42','F9E7025A-47B1-4D52-A73B-C1D83E0F4DD0'),('4ED47772-2E31-4272-B118-792AD147F066','','','36210',395,'464C2FFD-B0BD-4C91-B482-34B1F82EEB42','F9E7025A-47B1-4D52-A73B-C1D83E0F4DD0'),('4F12E5C4-1FB6-4306-8E7F-0F9F5FC59EC8','','','94220',1134,'464C2FFD-B0BD-4C91-B482-34B1F82EEB42','F9E7025A-47B1-4D52-A73B-C1D83E0F4DD0'),('4F408671-159F-430C-B507-2AEAFF37AF09','','','35000',380,'464C2FFD-B0BD-4C91-B482-34B1F82EEB42','F9E7025A-47B1-4D52-A73B-C1D83E0F4DD0'),('4F4200F0-CE5A-4034-922E-56D7F31738F3','','','47220',570,'464C2FFD-B0BD-4C91-B482-34B1F82EEB42','F9E7025A-47B1-4D52-A73B-C1D83E0F4DD0'),('4F45AA77-0B03-4B99-AFA7-BF6C30C92457','','','50200',605,'464C2FFD-B0BD-4C91-B482-34B1F82EEB42','F9E7025A-47B1-4D52-A73B-C1D83E0F4DD0'),('4FA109E0-3ED6-4C39-8F74-B9937211F3CC','','','10110',39,'464C2FFD-B0BD-4C91-B482-34B1F82EEB42','F9E7025A-47B1-4D52-A73B-C1D83E0F4DD0'),('4FA7CF26-028D-4F6F-974B-F0798A26403D','','','82130',997,'464C2FFD-B0BD-4C91-B482-34B1F82EEB42','F9E7025A-47B1-4D52-A73B-C1D83E0F4DD0'),('4FF29B85-C96E-4135-BE19-423F62A7661C','','','48140',589,'464C2FFD-B0BD-4C91-B482-34B1F82EEB42','F9E7025A-47B1-4D52-A73B-C1D83E0F4DD0'),('507717FB-2CF7-4933-9833-A23AEC9BFC29','','','42180',495,'464C2FFD-B0BD-4C91-B482-34B1F82EEB42','F9E7025A-47B1-4D52-A73B-C1D83E0F4DD0'),('509BB15D-47BA-41A5-AF8E-99DF19A93A53','','','33000',331,'464C2FFD-B0BD-4C91-B482-34B1F82EEB42','F9E7025A-47B1-4D52-A73B-C1D83E0F4DD0'),('509CD3E7-61D7-4C85-A537-E0BF4944CA50','','','90000',1059,'464C2FFD-B0BD-4C91-B482-34B1F82EEB42','F9E7025A-47B1-4D52-A73B-C1D83E0F4DD0'),('50FF1562-5265-4F51-A463-AC6566101EB9','','','80260',956,'464C2FFD-B0BD-4C91-B482-34B1F82EEB42','F9E7025A-47B1-4D52-A73B-C1D83E0F4DD0'),('5140E97B-16E7-4DC8-91D7-940DE94F4D0F','','','27180',241,'464C2FFD-B0BD-4C91-B482-34B1F82EEB42','F9E7025A-47B1-4D52-A73B-C1D83E0F4DD0'),('51A153C5-041C-4F2D-AC6C-D803F02298D3','','','67210',844,'464C2FFD-B0BD-4C91-B482-34B1F82EEB42','F9E7025A-47B1-4D52-A73B-C1D83E0F4DD0'),('51B1CD93-58F0-4A32-91DC-C862366A6A62','','','71190',873,'464C2FFD-B0BD-4C91-B482-34B1F82EEB42','F9E7025A-47B1-4D52-A73B-C1D83E0F4DD0'),('51BA000A-22A8-496B-B48B-2F58C22B09E7','','','37290',413,'464C2FFD-B0BD-4C91-B482-34B1F82EEB42','F9E7025A-47B1-4D52-A73B-C1D83E0F4DD0'),('52060E9C-F409-4AEC-97A4-2D0FF1FE58E4','','','63110',793,'464C2FFD-B0BD-4C91-B482-34B1F82EEB42','F9E7025A-47B1-4D52-A73B-C1D83E0F4DD0'),('52124987-CBAF-4959-8E35-4FA03DC0007F','','','47230',567,'464C2FFD-B0BD-4C91-B482-34B1F82EEB42','F9E7025A-47B1-4D52-A73B-C1D83E0F4DD0'),('521D7067-2DB3-4631-8D90-FC8943A6ED40','','','80330',966,'464C2FFD-B0BD-4C91-B482-34B1F82EEB42','F9E7025A-47B1-4D52-A73B-C1D83E0F4DD0'),('5242BDB5-44A9-46B2-8F64-072A7F498810','','','95150',1144,'464C2FFD-B0BD-4C91-B482-34B1F82EEB42','F9E7025A-47B1-4D52-A73B-C1D83E0F4DD0'),('52F92BE9-A647-4BDF-BAC0-05A2A1E4B629','','','30190',257,'464C2FFD-B0BD-4C91-B482-34B1F82EEB42','F9E7025A-47B1-4D52-A73B-C1D83E0F4DD0'),('534A9D0E-991B-4235-B1F3-B4D3CF246691','','','10500',4,'464C2FFD-B0BD-4C91-B482-34B1F82EEB42','F9E7025A-47B1-4D52-A73B-C1D83E0F4DD0'),('534DFD37-3D24-4BAA-B9E8-7569A559B155','','','90190',1061,'464C2FFD-B0BD-4C91-B482-34B1F82EEB42','F9E7025A-47B1-4D52-A73B-C1D83E0F4DD0'),('535987BD-EA11-40F9-B0FB-592E6FE8D8CC','','','52120',655,'464C2FFD-B0BD-4C91-B482-34B1F82EEB42','F9E7025A-47B1-4D52-A73B-C1D83E0F4DD0'),('538C8C89-07A5-48A1-A66B-F0078C6D54F8','','','31120',298,'464C2FFD-B0BD-4C91-B482-34B1F82EEB42','F9E7025A-47B1-4D52-A73B-C1D83E0F4DD0'),('538E2160-9A69-4B4B-95C8-1199C11F9705','','','77220',945,'464C2FFD-B0BD-4C91-B482-34B1F82EEB42','F9E7025A-47B1-4D52-A73B-C1D83E0F4DD0'),('53DA7BCB-3D42-4233-A518-9D1FBA43E22F','','','30230',256,'464C2FFD-B0BD-4C91-B482-34B1F82EEB42','F9E7025A-47B1-4D52-A73B-C1D83E0F4DD0'),('53F6825F-72E6-421F-8590-A11308D16BCD','','','45160',536,'464C2FFD-B0BD-4C91-B482-34B1F82EEB42','F9E7025A-47B1-4D52-A73B-C1D83E0F4DD0'),('54199DCD-E1F0-472B-9FAC-74ACA1EF98E1','','','67230',855,'464C2FFD-B0BD-4C91-B482-34B1F82EEB42','F9E7025A-47B1-4D52-A73B-C1D83E0F4DD0'),('5421B468-BCD6-4A69-BCF8-8E0DBF321E01','','','36150',404,'464C2FFD-B0BD-4C91-B482-34B1F82EEB42','F9E7025A-47B1-4D52-A73B-C1D83E0F4DD0'),('542D1D3C-82EC-45A2-A074-01207E081383','','','27120',244,'464C2FFD-B0BD-4C91-B482-34B1F82EEB42','F9E7025A-47B1-4D52-A73B-C1D83E0F4DD0'),('546A3E94-0AE8-4300-A4A5-843B14B4B366','','','57160',715,'464C2FFD-B0BD-4C91-B482-34B1F82EEB42','F9E7025A-47B1-4D52-A73B-C1D83E0F4DD0'),('5487B8FE-2C8E-4749-8540-830031DD9A80','','','18220',156,'464C2FFD-B0BD-4C91-B482-34B1F82EEB42','F9E7025A-47B1-4D52-A73B-C1D83E0F4DD0'),('5569084F-1A92-426F-A2BD-1AE02579D999','','','73180',909,'464C2FFD-B0BD-4C91-B482-34B1F82EEB42','F9E7025A-47B1-4D52-A73B-C1D83E0F4DD0'),('557EC267-DC3A-404E-A62C-DBA667EC7DBA','','','84210',1032,'464C2FFD-B0BD-4C91-B482-34B1F82EEB42','F9E7025A-47B1-4D52-A73B-C1D83E0F4DD0'),('55C1FA45-70B8-4DFE-9483-D68A0EBE9D1E','','','48140',596,'464C2FFD-B0BD-4C91-B482-34B1F82EEB42','F9E7025A-47B1-4D52-A73B-C1D83E0F4DD0'),('55E24708-817F-45A6-94C4-66F71690353B','','','58140',740,'464C2FFD-B0BD-4C91-B482-34B1F82EEB42','F9E7025A-47B1-4D52-A73B-C1D83E0F4DD0'),('55E8648A-464D-4EBA-81B7-4BA05D03698E','','','40150',460,'464C2FFD-B0BD-4C91-B482-34B1F82EEB42','F9E7025A-47B1-4D52-A73B-C1D83E0F4DD0'),('56370617-8AD6-4F03-BDBF-1C809643519F','','','95130',1143,'464C2FFD-B0BD-4C91-B482-34B1F82EEB42','F9E7025A-47B1-4D52-A73B-C1D83E0F4DD0'),('563FFA17-FCBB-4DFF-B113-D0006D5C27B8','','','32140',327,'464C2FFD-B0BD-4C91-B482-34B1F82EEB42','F9E7025A-47B1-4D52-A73B-C1D83E0F4DD0'),('56F46D78-8675-4C2C-AAE6-31C8777496ED','','','73110',914,'464C2FFD-B0BD-4C91-B482-34B1F82EEB42','F9E7025A-47B1-4D52-A73B-C1D83E0F4DD0'),('56FF166A-B6BC-4213-8691-7C55181376F0','','','30110',267,'464C2FFD-B0BD-4C91-B482-34B1F82EEB42','F9E7025A-47B1-4D52-A73B-C1D83E0F4DD0'),('5725E54E-26C4-4EBE-91A8-81D42F46CD17','','','63170',795,'464C2FFD-B0BD-4C91-B482-34B1F82EEB42','F9E7025A-47B1-4D52-A73B-C1D83E0F4DD0'),('5741F5AF-8878-4EF0-8595-6BC9D5813897','','','83150',1008,'464C2FFD-B0BD-4C91-B482-34B1F82EEB42','F9E7025A-47B1-4D52-A73B-C1D83E0F4DD0'),('57627DF6-A7A1-44AE-A46A-38A0397739E0','','','46160',560,'464C2FFD-B0BD-4C91-B482-34B1F82EEB42','F9E7025A-47B1-4D52-A73B-C1D83E0F4DD0'),('576BBBE6-AA97-4040-9AA0-ED48C676F05C','','','60150',760,'464C2FFD-B0BD-4C91-B482-34B1F82EEB42','F9E7025A-47B1-4D52-A73B-C1D83E0F4DD0'),('57A05D0E-6805-4A7E-BAAC-C0510DDBBAFD','','','57250',735,'464C2FFD-B0BD-4C91-B482-34B1F82EEB42','F9E7025A-47B1-4D52-A73B-C1D83E0F4DD0'),('57B32674-BF5B-420E-94E4-C333601BDEEC','','','55000',700,'464C2FFD-B0BD-4C91-B482-34B1F82EEB42','F9E7025A-47B1-4D52-A73B-C1D83E0F4DD0'),('57DE7CC4-753B-47AC-B2BB-BCEEC3EC81BC','','','50360',635,'464C2FFD-B0BD-4C91-B482-34B1F82EEB42','F9E7025A-47B1-4D52-A73B-C1D83E0F4DD0'),('57E36E93-57A8-4C43-ABF6-060B14E75C18','','','10330',7,'464C2FFD-B0BD-4C91-B482-34B1F82EEB42','F9E7025A-47B1-4D52-A73B-C1D83E0F4DD0'),('57E69ECD-CE4C-4634-AAE8-70B1F2298765','','','21140',185,'464C2FFD-B0BD-4C91-B482-34B1F82EEB42','F9E7025A-47B1-4D52-A73B-C1D83E0F4DD0'),('58020C1C-63E0-444C-8FAA-E3A612E23F40','','','13000',74,'464C2FFD-B0BD-4C91-B482-34B1F82EEB42','F9E7025A-47B1-4D52-A73B-C1D83E0F4DD0'),('58297474-6190-4BF9-A03A-4DF4DC944994','','','92120',1096,'464C2FFD-B0BD-4C91-B482-34B1F82EEB42','F9E7025A-47B1-4D52-A73B-C1D83E0F4DD0'),('587B4B3E-0C17-4D94-9C22-A53C6E9327DB','','','76120',930,'464C2FFD-B0BD-4C91-B482-34B1F82EEB42','F9E7025A-47B1-4D52-A73B-C1D83E0F4DD0'),('588FC34D-30EC-4DA5-A546-752AF5464D54','','','10400',14,'464C2FFD-B0BD-4C91-B482-34B1F82EEB42','F9E7025A-47B1-4D52-A73B-C1D83E0F4DD0'),('58B0A96C-9FA4-472D-98F7-279BF666755C','','','30180',265,'464C2FFD-B0BD-4C91-B482-34B1F82EEB42','F9E7025A-47B1-4D52-A73B-C1D83E0F4DD0'),('58B28CE5-5CEA-4F1C-BA5B-3A5ED4863220','','','63140',791,'464C2FFD-B0BD-4C91-B482-34B1F82EEB42','F9E7025A-47B1-4D52-A73B-C1D83E0F4DD0'),('58C4CA79-BABC-42FC-ADE9-B6E462E47380','','','77180',948,'464C2FFD-B0BD-4C91-B482-34B1F82EEB42','F9E7025A-47B1-4D52-A73B-C1D83E0F4DD0'),('58FEDFFA-4C09-4D5C-88BE-D84CCF48C03F','','','37110',411,'464C2FFD-B0BD-4C91-B482-34B1F82EEB42','F9E7025A-47B1-4D52-A73B-C1D83E0F4DD0'),('59102CA3-E73F-489C-8121-BCC059228036','','','50100',606,'464C2FFD-B0BD-4C91-B482-34B1F82EEB42','F9E7025A-47B1-4D52-A73B-C1D83E0F4DD0'),('591C18D7-6D24-469D-B6C6-2854962B182B','','','94140',1131,'464C2FFD-B0BD-4C91-B482-34B1F82EEB42','F9E7025A-47B1-4D52-A73B-C1D83E0F4DD0'),('5969D572-C839-4A72-9E4A-92F268B161FB','','','27260',240,'464C2FFD-B0BD-4C91-B482-34B1F82EEB42','F9E7025A-47B1-4D52-A73B-C1D83E0F4DD0'),('596FC0D2-CB8A-4C6C-AF03-152C4EB0226E','','','70140',869,'464C2FFD-B0BD-4C91-B482-34B1F82EEB42','F9E7025A-47B1-4D52-A73B-C1D83E0F4DD0'),('59AAE6C8-73E2-4788-A8A4-D8F3DF68CC7E','','','84260',1031,'464C2FFD-B0BD-4C91-B482-34B1F82EEB42','F9E7025A-47B1-4D52-A73B-C1D83E0F4DD0'),('59AF4F79-E422-4A77-8B52-04C20015353A','','','94000',1123,'464C2FFD-B0BD-4C91-B482-34B1F82EEB42','F9E7025A-47B1-4D52-A73B-C1D83E0F4DD0'),('59D874CB-83B9-4381-B282-E3B401BA035A','','','53000',664,'464C2FFD-B0BD-4C91-B482-34B1F82EEB42','F9E7025A-47B1-4D52-A73B-C1D83E0F4DD0'),('5ABEABA4-655C-42BF-AD51-E44CD6749572','','','80240',964,'464C2FFD-B0BD-4C91-B482-34B1F82EEB42','F9E7025A-47B1-4D52-A73B-C1D83E0F4DD0'),('5B2E05BD-7002-4AE9-8456-CFB539DB79FC','','','46120',551,'464C2FFD-B0BD-4C91-B482-34B1F82EEB42','F9E7025A-47B1-4D52-A73B-C1D83E0F4DD0'),('5B4C3988-D84F-4509-913F-1B57515F6F01','','','18180',153,'464C2FFD-B0BD-4C91-B482-34B1F82EEB42','F9E7025A-47B1-4D52-A73B-C1D83E0F4DD0'),('5B4DB6F4-46D5-46C7-8B74-71AC91F82D85','','','32160',321,'464C2FFD-B0BD-4C91-B482-34B1F82EEB42','F9E7025A-47B1-4D52-A73B-C1D83E0F4DD0'),('5C032576-CA78-4EE3-B4B3-07ACF7AED306','','','92190',1103,'464C2FFD-B0BD-4C91-B482-34B1F82EEB42','F9E7025A-47B1-4D52-A73B-C1D83E0F4DD0'),('5C6C1EAB-245F-4385-BE61-9299E3C81D13','','','38170',418,'464C2FFD-B0BD-4C91-B482-34B1F82EEB42','F9E7025A-47B1-4D52-A73B-C1D83E0F4DD0'),('5CB84962-F439-41B2-B7D3-713437D90A54','','','10540',58,'464C2FFD-B0BD-4C91-B482-34B1F82EEB42','F9E7025A-47B1-4D52-A73B-C1D83E0F4DD0'),('5CF8A3FE-53F6-4297-AC24-6A84F01B624B','','','21190',180,'464C2FFD-B0BD-4C91-B482-34B1F82EEB42','F9E7025A-47B1-4D52-A73B-C1D83E0F4DD0'),('5D7D3C72-738C-44E2-81E2-CB6768A2749B','','','14150',98,'464C2FFD-B0BD-4C91-B482-34B1F82EEB42','F9E7025A-47B1-4D52-A73B-C1D83E0F4DD0'),('5E44665A-D6D6-42E9-BF81-814F95E42318','','','10240',44,'464C2FFD-B0BD-4C91-B482-34B1F82EEB42','F9E7025A-47B1-4D52-A73B-C1D83E0F4DD0'),('5E7A7545-DB43-4DBB-BAD7-948C30CC7CDB','','','27000',239,'464C2FFD-B0BD-4C91-B482-34B1F82EEB42','F9E7025A-47B1-4D52-A73B-C1D83E0F4DD0'),('5F17FAD7-DDC4-4486-918F-0D36DCD6BB86','','','48160',587,'464C2FFD-B0BD-4C91-B482-34B1F82EEB42','F9E7025A-47B1-4D52-A73B-C1D83E0F4DD0'),('5F8D8BE3-CBD0-418F-A2E0-D393E16A7AC3','','','17160',136,'464C2FFD-B0BD-4C91-B482-34B1F82EEB42','F9E7025A-47B1-4D52-A73B-C1D83E0F4DD0'),('5F946EA3-28C5-4313-A7A7-438B6F1640BE','','','40260',432,'464C2FFD-B0BD-4C91-B482-34B1F82EEB42','F9E7025A-47B1-4D52-A73B-C1D83E0F4DD0'),('5F9EC49A-F401-4FE6-939F-9CF484C489C9','','','57280',719,'464C2FFD-B0BD-4C91-B482-34B1F82EEB42','F9E7025A-47B1-4D52-A73B-C1D83E0F4DD0'),('5FA80FDC-862A-4679-8706-CC02E357A361','','','10110',33,'464C2FFD-B0BD-4C91-B482-34B1F82EEB42','F9E7025A-47B1-4D52-A73B-C1D83E0F4DD0'),('5FB657AF-1E90-4EAD-A96E-AA094896D7A3','','','54120',684,'464C2FFD-B0BD-4C91-B482-34B1F82EEB42','F9E7025A-47B1-4D52-A73B-C1D83E0F4DD0'),('5FBC5377-220C-45E1-95FF-A26C819ACA20','','','31170',295,'464C2FFD-B0BD-4C91-B482-34B1F82EEB42','F9E7025A-47B1-4D52-A73B-C1D83E0F4DD0'),('60253FAB-10AD-432F-B212-AEA197169B8C','','','81120',986,'464C2FFD-B0BD-4C91-B482-34B1F82EEB42','F9E7025A-47B1-4D52-A73B-C1D83E0F4DD0'),('6043A63C-AFB4-408F-A23F-6114DB2A8D0E','','','47220',564,'464C2FFD-B0BD-4C91-B482-34B1F82EEB42','F9E7025A-47B1-4D52-A73B-C1D83E0F4DD0'),('605A5119-A8A2-494B-AB55-7D73F288D62F','','','11110',62,'464C2FFD-B0BD-4C91-B482-34B1F82EEB42','F9E7025A-47B1-4D52-A73B-C1D83E0F4DD0'),('609CF603-7FBE-4AFB-A9CC-E5C84D07B6E8','','','86230',1051,'464C2FFD-B0BD-4C91-B482-34B1F82EEB42','F9E7025A-47B1-4D52-A73B-C1D83E0F4DD0'),('612718F0-EC1C-46C9-A27A-21CA11323AF4','','','72150',897,'464C2FFD-B0BD-4C91-B482-34B1F82EEB42','F9E7025A-47B1-4D52-A73B-C1D83E0F4DD0'),('61555BA5-44E5-4814-B5DD-A9F7015F2341','','','76000',926,'464C2FFD-B0BD-4C91-B482-34B1F82EEB42','F9E7025A-47B1-4D52-A73B-C1D83E0F4DD0'),('6182A5B9-E91E-4F43-8FDD-CFC8299B6C19','','','20150',164,'464C2FFD-B0BD-4C91-B482-34B1F82EEB42','F9E7025A-47B1-4D52-A73B-C1D83E0F4DD0'),('61D656E3-2C8C-4ED1-AE8C-CEDA3F318FF0','','','30440',278,'464C2FFD-B0BD-4C91-B482-34B1F82EEB42','F9E7025A-47B1-4D52-A73B-C1D83E0F4DD0'),('61D6A94F-0BCA-4BA2-9A37-5DA2E8B6DFAD','','','76160',929,'464C2FFD-B0BD-4C91-B482-34B1F82EEB42','F9E7025A-47B1-4D52-A73B-C1D83E0F4DD0'),('62EBEFD5-BFE2-4CCD-819F-AE273076E2FA','','','71210',888,'464C2FFD-B0BD-4C91-B482-34B1F82EEB42','F9E7025A-47B1-4D52-A73B-C1D83E0F4DD0'),('6365E7EA-CDEE-4AE4-B6AB-CDC23D701C1B','','','31110',306,'464C2FFD-B0BD-4C91-B482-34B1F82EEB42','F9E7025A-47B1-4D52-A73B-C1D83E0F4DD0'),('64419643-609B-479C-B8B1-95CDFE7395C2','','','10240',27,'464C2FFD-B0BD-4C91-B482-34B1F82EEB42','F9E7025A-47B1-4D52-A73B-C1D83E0F4DD0'),('64D89553-314B-4381-9B7B-F8CF7082AF18','','','16130',123,'464C2FFD-B0BD-4C91-B482-34B1F82EEB42','F9E7025A-47B1-4D52-A73B-C1D83E0F4DD0'),('64E13CCA-9AB3-4B3E-AFA3-AA3970CB8E49','','','42240',497,'464C2FFD-B0BD-4C91-B482-34B1F82EEB42','F9E7025A-47B1-4D52-A73B-C1D83E0F4DD0'),('65A90035-3045-436C-BC6A-FC68BF830078','','','65230',811,'464C2FFD-B0BD-4C91-B482-34B1F82EEB42','F9E7025A-47B1-4D52-A73B-C1D83E0F4DD0'),('66156D84-A82B-46CB-9B70-14D115FB99E0','','','61110',768,'464C2FFD-B0BD-4C91-B482-34B1F82EEB42','F9E7025A-47B1-4D52-A73B-C1D83E0F4DD0'),('6656587D-F13B-40B0-B889-7D4FA94C5FA9','','','31190',291,'464C2FFD-B0BD-4C91-B482-34B1F82EEB42','F9E7025A-47B1-4D52-A73B-C1D83E0F4DD0'),('66AEDFCB-171D-4748-8AF3-432B0FB5D744','','','58120',743,'464C2FFD-B0BD-4C91-B482-34B1F82EEB42','F9E7025A-47B1-4D52-A73B-C1D83E0F4DD0'),('66D815B4-9EB7-4BB7-AFE9-7E7907B58687','','','30330',253,'464C2FFD-B0BD-4C91-B482-34B1F82EEB42','F9E7025A-47B1-4D52-A73B-C1D83E0F4DD0'),('66E77C65-D869-4AD4-A54D-41C528F30BE9','','','58000',739,'464C2FFD-B0BD-4C91-B482-34B1F82EEB42','F9E7025A-47B1-4D52-A73B-C1D83E0F4DD0'),('66F944B1-336B-493F-A774-D43771210580','','','44190',511,'464C2FFD-B0BD-4C91-B482-34B1F82EEB42','F9E7025A-47B1-4D52-A73B-C1D83E0F4DD0'),('675DBBD3-6B96-4AC7-AF52-0D0C4CEE61A7','','','49130',599,'464C2FFD-B0BD-4C91-B482-34B1F82EEB42','F9E7025A-47B1-4D52-A73B-C1D83E0F4DD0'),('67FCE5A1-0184-41D9-A1D2-3F30FF51DD64','','','20140',166,'464C2FFD-B0BD-4C91-B482-34B1F82EEB42','F9E7025A-47B1-4D52-A73B-C1D83E0F4DD0'),('680BA434-0AC2-4FE8-B27C-7B5E845F0308','','','57240',733,'464C2FFD-B0BD-4C91-B482-34B1F82EEB42','F9E7025A-47B1-4D52-A73B-C1D83E0F4DD0'),('6828E4BD-D1DD-4DA5-B147-54AC36532F6E','','','33250',343,'464C2FFD-B0BD-4C91-B482-34B1F82EEB42','F9E7025A-47B1-4D52-A73B-C1D83E0F4DD0'),('68BA27B6-3C7F-469E-8047-978DC7290A43','','','56130',708,'464C2FFD-B0BD-4C91-B482-34B1F82EEB42','F9E7025A-47B1-4D52-A73B-C1D83E0F4DD0'),('69342708-3D66-4E98-A569-F94A02E65B43','','','72220',905,'464C2FFD-B0BD-4C91-B482-34B1F82EEB42','F9E7025A-47B1-4D52-A73B-C1D83E0F4DD0'),('69497B7A-9926-4C0F-AF9F-A3F9E8D4994C','','','80250',955,'464C2FFD-B0BD-4C91-B482-34B1F82EEB42','F9E7025A-47B1-4D52-A73B-C1D83E0F4DD0'),('69EAED20-0AB7-4DD4-85E1-1993B93703DB','','','15120',108,'464C2FFD-B0BD-4C91-B482-34B1F82EEB42','F9E7025A-47B1-4D52-A73B-C1D83E0F4DD0'),('6A125AE2-8607-4923-B08A-2D225AEF299D','','','36220',399,'464C2FFD-B0BD-4C91-B482-34B1F82EEB42','F9E7025A-47B1-4D52-A73B-C1D83E0F4DD0'),('6A5126D4-5EFB-443B-AED1-962E6F42BEDF','','','72250',900,'464C2FFD-B0BD-4C91-B482-34B1F82EEB42','F9E7025A-47B1-4D52-A73B-C1D83E0F4DD0'),('6A53ADE5-CC33-4C04-A074-FCAC7A32930C','','','80130',976,'464C2FFD-B0BD-4C91-B482-34B1F82EEB42','F9E7025A-47B1-4D52-A73B-C1D83E0F4DD0'),('6A6EFC17-DDCF-4AF8-A47D-E77678FDFCE3','','','23120',208,'464C2FFD-B0BD-4C91-B482-34B1F82EEB42','F9E7025A-47B1-4D52-A73B-C1D83E0F4DD0'),('6A86F6F4-3606-4688-B148-E76BF852CB63','','','17120',132,'464C2FFD-B0BD-4C91-B482-34B1F82EEB42','F9E7025A-47B1-4D52-A73B-C1D83E0F4DD0'),('6A8E3B3F-B2EC-44EA-A81B-F6BFE1E03155','','','67280',859,'464C2FFD-B0BD-4C91-B482-34B1F82EEB42','F9E7025A-47B1-4D52-A73B-C1D83E0F4DD0'),('6AB4B12C-5DF5-4CE5-8498-520F9BC7058C','','','52100',650,'464C2FFD-B0BD-4C91-B482-34B1F82EEB42','F9E7025A-47B1-4D52-A73B-C1D83E0F4DD0'),('6ACD1CF9-E3B1-4037-8925-3467B96F2FAA','','','37000',415,'464C2FFD-B0BD-4C91-B482-34B1F82EEB42','F9E7025A-47B1-4D52-A73B-C1D83E0F4DD0'),('6B1076DC-F5F6-4AED-9F3A-4B6C0D8AB527','','','20270',172,'464C2FFD-B0BD-4C91-B482-34B1F82EEB42','F9E7025A-47B1-4D52-A73B-C1D83E0F4DD0'),('6B6D1B54-56B8-4544-B6AD-8B042A81FB9E','','','50240',610,'464C2FFD-B0BD-4C91-B482-34B1F82EEB42','F9E7025A-47B1-4D52-A73B-C1D83E0F4DD0'),('6BFD0A51-3F74-4764-A3C3-5C9D1EE9FD42','','','51120',646,'464C2FFD-B0BD-4C91-B482-34B1F82EEB42','F9E7025A-47B1-4D52-A73B-C1D83E0F4DD0'),('6C24760B-CD46-438D-BFD3-33BAA0495881','','','10300',2,'464C2FFD-B0BD-4C91-B482-34B1F82EEB42','F9E7025A-47B1-4D52-A73B-C1D83E0F4DD0'),('6C37AD6D-CA55-45CC-B9E2-3359340BF8B1','','','36110',402,'464C2FFD-B0BD-4C91-B482-34B1F82EEB42','F9E7025A-47B1-4D52-A73B-C1D83E0F4DD0'),('6C3CEE84-E9B4-480B-AAA1-17A6F3B31A9E','','','47140',576,'464C2FFD-B0BD-4C91-B482-34B1F82EEB42','F9E7025A-47B1-4D52-A73B-C1D83E0F4DD0'),('6C6ECFC3-E5F6-4D99-A800-6FD193D04022','','','23140',207,'464C2FFD-B0BD-4C91-B482-34B1F82EEB42','F9E7025A-47B1-4D52-A73B-C1D83E0F4DD0'),('6CF87CBD-FD33-4238-96BF-A71EEA0EDE68','','','31110',293,'464C2FFD-B0BD-4C91-B482-34B1F82EEB42','F9E7025A-47B1-4D52-A73B-C1D83E0F4DD0'),('6D2096A5-39BA-41CF-AFE7-A7977A70207A','','','46110',549,'464C2FFD-B0BD-4C91-B482-34B1F82EEB42','F9E7025A-47B1-4D52-A73B-C1D83E0F4DD0'),('6D2A7CC5-5EA4-4DC5-9A54-D8764B937FC7','','','45240',535,'464C2FFD-B0BD-4C91-B482-34B1F82EEB42','F9E7025A-47B1-4D52-A73B-C1D83E0F4DD0'),('6DBEB866-74F6-421A-881E-9255D3EB6C40','','','30340',274,'464C2FFD-B0BD-4C91-B482-34B1F82EEB42','F9E7025A-47B1-4D52-A73B-C1D83E0F4DD0'),('6E242CC7-5808-4A33-AB9F-7524A6359ACA','','','82120',1003,'464C2FFD-B0BD-4C91-B482-34B1F82EEB42','F9E7025A-47B1-4D52-A73B-C1D83E0F4DD0'),('6E36EE6B-49DF-47E5-8C42-925D8DEFF504','','','41280',474,'464C2FFD-B0BD-4C91-B482-34B1F82EEB42','F9E7025A-47B1-4D52-A73B-C1D83E0F4DD0'),('6E4822B5-E6CD-4F6A-9A16-535C88B0D02E','','','83000',995,'464C2FFD-B0BD-4C91-B482-34B1F82EEB42','F9E7025A-47B1-4D52-A73B-C1D83E0F4DD0'),('6EAC1089-FDBE-432B-8F17-440AE348DC8D','','','84250',1026,'464C2FFD-B0BD-4C91-B482-34B1F82EEB42','F9E7025A-47B1-4D52-A73B-C1D83E0F4DD0'),('6F024296-AC3E-48DD-BF83-90AEDD32EF50','','','22160',199,'464C2FFD-B0BD-4C91-B482-34B1F82EEB42','F9E7025A-47B1-4D52-A73B-C1D83E0F4DD0'),('6F46D65C-900B-4E67-8355-AA2F2DA6F4A7','','','21180',187,'464C2FFD-B0BD-4C91-B482-34B1F82EEB42','F9E7025A-47B1-4D52-A73B-C1D83E0F4DD0'),('6F48120C-9A65-4A42-A5A8-6EB1BE2CAEBA','','','10120',12,'464C2FFD-B0BD-4C91-B482-34B1F82EEB42','F9E7025A-47B1-4D52-A73B-C1D83E0F4DD0'),('6F7C5D80-C418-41F6-BCFC-D2959E16EC06','','','75110',925,'464C2FFD-B0BD-4C91-B482-34B1F82EEB42','F9E7025A-47B1-4D52-A73B-C1D83E0F4DD0'),('6F95E4AD-AD3A-45BC-8DDC-33B794E7F56E','','','90120',1070,'464C2FFD-B0BD-4C91-B482-34B1F82EEB42','F9E7025A-47B1-4D52-A73B-C1D83E0F4DD0'),('6F991BA1-14D5-4B4D-96C9-22BCF9A73937','','','30270',285,'464C2FFD-B0BD-4C91-B482-34B1F82EEB42','F9E7025A-47B1-4D52-A73B-C1D83E0F4DD0'),('6FF1DB39-BF39-4449-B17A-0DFAD7408689','','','21120',184,'464C2FFD-B0BD-4C91-B482-34B1F82EEB42','F9E7025A-47B1-4D52-A73B-C1D83E0F4DD0'),('6FF96606-D620-46A4-8166-4283A407AE0D','','','14130',96,'464C2FFD-B0BD-4C91-B482-34B1F82EEB42','F9E7025A-47B1-4D52-A73B-C1D83E0F4DD0'),('70344685-504C-45CF-A316-A6EF4B75CE16','','','65000',810,'464C2FFD-B0BD-4C91-B482-34B1F82EEB42','F9E7025A-47B1-4D52-A73B-C1D83E0F4DD0'),('70E14490-38AB-4683-B88D-95358D8CCDBA','','','10270',51,'464C2FFD-B0BD-4C91-B482-34B1F82EEB42','F9E7025A-47B1-4D52-A73B-C1D83E0F4DD0'),('714C1688-CA41-4B70-AC70-8091C0FFEA5A','','','80160',978,'464C2FFD-B0BD-4C91-B482-34B1F82EEB42','F9E7025A-47B1-4D52-A73B-C1D83E0F4DD0'),('7174D37A-3DBB-4376-A32B-4DEAF39DA901','','','10520',11,'464C2FFD-B0BD-4C91-B482-34B1F82EEB42','F9E7025A-47B1-4D52-A73B-C1D83E0F4DD0'),('71B398E1-7F48-478A-B33B-7972439AAFC2','','','84000',1010,'464C2FFD-B0BD-4C91-B482-34B1F82EEB42','F9E7025A-47B1-4D52-A73B-C1D83E0F4DD0'),('71C9EC1D-D911-4E94-9942-E290C11A816F','','','80180',959,'464C2FFD-B0BD-4C91-B482-34B1F82EEB42','F9E7025A-47B1-4D52-A73B-C1D83E0F4DD0'),('71E2CEF9-8B25-4203-8897-864A43E30171','','','20220',162,'464C2FFD-B0BD-4C91-B482-34B1F82EEB42','F9E7025A-47B1-4D52-A73B-C1D83E0F4DD0'),('726102EF-85ED-48E6-B3CA-A994F4067CE2','','','65190',823,'464C2FFD-B0BD-4C91-B482-34B1F82EEB42','F9E7025A-47B1-4D52-A73B-C1D83E0F4DD0'),('72DF5E6B-E2B8-43A2-9E9A-48F0A19626F3','','','96120',1160,'464C2FFD-B0BD-4C91-B482-34B1F82EEB42','F9E7025A-47B1-4D52-A73B-C1D83E0F4DD0'),('72FD7E48-2853-4FE6-83B3-6A3B4E79862A','','','44150',513,'464C2FFD-B0BD-4C91-B482-34B1F82EEB42','F9E7025A-47B1-4D52-A73B-C1D83E0F4DD0'),('7335E3F7-B105-44A2-A7ED-EBECD2A9D3AD','','','46180',559,'464C2FFD-B0BD-4C91-B482-34B1F82EEB42','F9E7025A-47B1-4D52-A73B-C1D83E0F4DD0'),('73382458-0E2E-4BBC-B34F-0D184D7DD583','','','51150',640,'464C2FFD-B0BD-4C91-B482-34B1F82EEB42','F9E7025A-47B1-4D52-A73B-C1D83E0F4DD0'),('736679B2-B381-4750-8E91-A196AA73EB61','','','34260',361,'464C2FFD-B0BD-4C91-B482-34B1F82EEB42','F9E7025A-47B1-4D52-A73B-C1D83E0F4DD0'),('742A7CCA-99F3-427C-9FE2-568F4962F473','','','33160',352,'464C2FFD-B0BD-4C91-B482-34B1F82EEB42','F9E7025A-47B1-4D52-A73B-C1D83E0F4DD0'),('7438C3E8-4006-4F6B-A64D-C96AEF3ACE20','','','49110',602,'464C2FFD-B0BD-4C91-B482-34B1F82EEB42','F9E7025A-47B1-4D52-A73B-C1D83E0F4DD0'),('74BC1037-CD8C-4F91-B062-7C9E7D98509B','','','30210',282,'464C2FFD-B0BD-4C91-B482-34B1F82EEB42','F9E7025A-47B1-4D52-A73B-C1D83E0F4DD0'),('74CBE05D-7C1A-4519-89CB-102BB25CEA62','','','53180',672,'464C2FFD-B0BD-4C91-B482-34B1F82EEB42','F9E7025A-47B1-4D52-A73B-C1D83E0F4DD0'),('74E42607-6ABE-44E4-B98C-9A4BF8894A30','','','47110',578,'464C2FFD-B0BD-4C91-B482-34B1F82EEB42','F9E7025A-47B1-4D52-A73B-C1D83E0F4DD0'),('7551163C-4849-4ACF-B878-C4D77ACC7332','','','66120',830,'464C2FFD-B0BD-4C91-B482-34B1F82EEB42','F9E7025A-47B1-4D52-A73B-C1D83E0F4DD0'),('7574F702-0585-4B72-90D2-69B52D98BBF4','','','95160',1141,'464C2FFD-B0BD-4C91-B482-34B1F82EEB42','F9E7025A-47B1-4D52-A73B-C1D83E0F4DD0'),('75AD7007-537B-4DAD-B5A1-8250EAF1D578','','','56140',707,'464C2FFD-B0BD-4C91-B482-34B1F82EEB42','F9E7025A-47B1-4D52-A73B-C1D83E0F4DD0'),('7724EF63-DE94-41CF-BC2D-1E735A0C77EB','','','34110',368,'464C2FFD-B0BD-4C91-B482-34B1F82EEB42','F9E7025A-47B1-4D52-A73B-C1D83E0F4DD0'),('772A19D7-9D4B-4972-8CF5-9F81DBF111F1','','','40000',431,'464C2FFD-B0BD-4C91-B482-34B1F82EEB42','F9E7025A-47B1-4D52-A73B-C1D83E0F4DD0'),('778F5394-FAE2-4796-BF6F-D6369AA0EF47','','','55180',696,'464C2FFD-B0BD-4C91-B482-34B1F82EEB42','F9E7025A-47B1-4D52-A73B-C1D83E0F4DD0'),('779EB29E-2FD7-4750-811E-A78AA8E0400E','','','96000',1150,'464C2FFD-B0BD-4C91-B482-34B1F82EEB42','F9E7025A-47B1-4D52-A73B-C1D83E0F4DD0'),('77B122A5-0EF7-4376-87D0-3447DCE38615','','','72160',904,'464C2FFD-B0BD-4C91-B482-34B1F82EEB42','F9E7025A-47B1-4D52-A73B-C1D83E0F4DD0'),('77DF2F83-0770-4D7E-BDBE-82F89822D539','','','40310',441,'464C2FFD-B0BD-4C91-B482-34B1F82EEB42','F9E7025A-47B1-4D52-A73B-C1D83E0F4DD0'),('77E3A018-E53C-4C59-809F-7DF39B66962A','','','90130',1062,'464C2FFD-B0BD-4C91-B482-34B1F82EEB42','F9E7025A-47B1-4D52-A73B-C1D83E0F4DD0'),('77E4F9DB-3514-4DF2-8460-0BF15428F319','','','22150',194,'464C2FFD-B0BD-4C91-B482-34B1F82EEB42','F9E7025A-47B1-4D52-A73B-C1D83E0F4DD0'),('77F8E98B-C1CC-4F7A-9A36-381AAB8A5263','','','72180',896,'464C2FFD-B0BD-4C91-B482-34B1F82EEB42','F9E7025A-47B1-4D52-A73B-C1D83E0F4DD0'),('788D7FC4-102A-4ABD-98C0-648AB16501E8','','','23000',209,'464C2FFD-B0BD-4C91-B482-34B1F82EEB42','F9E7025A-47B1-4D52-A73B-C1D83E0F4DD0'),('7890AF8A-A004-46C8-8882-A71FADD728BD','','','82140',998,'464C2FFD-B0BD-4C91-B482-34B1F82EEB42','F9E7025A-47B1-4D52-A73B-C1D83E0F4DD0'),('78A2B83C-84B6-4083-8C01-C786E5E2D8E1','','','20250',171,'464C2FFD-B0BD-4C91-B482-34B1F82EEB42','F9E7025A-47B1-4D52-A73B-C1D83E0F4DD0'),('78B13E9A-8A35-4838-B229-54CB7B8E78EB','','','38210',422,'464C2FFD-B0BD-4C91-B482-34B1F82EEB42','F9E7025A-47B1-4D52-A73B-C1D83E0F4DD0'),('79289018-68FB-4D21-AD0D-1A54515556B1','','','40110',459,'464C2FFD-B0BD-4C91-B482-34B1F82EEB42','F9E7025A-47B1-4D52-A73B-C1D83E0F4DD0'),('794F20FC-7513-4C96-9BD9-383FB6381654','','','54160',685,'464C2FFD-B0BD-4C91-B482-34B1F82EEB42','F9E7025A-47B1-4D52-A73B-C1D83E0F4DD0'),('79635848-6FCF-44A4-A224-A5064B752BAD','','','90270',1068,'464C2FFD-B0BD-4C91-B482-34B1F82EEB42','F9E7025A-47B1-4D52-A73B-C1D83E0F4DD0'),('79826A22-EC8C-4DF6-9F77-607B771C3F9B','','','80190',958,'464C2FFD-B0BD-4C91-B482-34B1F82EEB42','F9E7025A-47B1-4D52-A73B-C1D83E0F4DD0'),('79B721D2-A465-408D-9DF9-4129FE9831F9','','','26130',236,'464C2FFD-B0BD-4C91-B482-34B1F82EEB42','F9E7025A-47B1-4D52-A73B-C1D83E0F4DD0'),('79DA9718-AB03-4A03-9728-0758A90468C2','','','66210',831,'464C2FFD-B0BD-4C91-B482-34B1F82EEB42','F9E7025A-47B1-4D52-A73B-C1D83E0F4DD0'),('79E6778D-64D0-4055-B80D-EC5A6452BCA2','','','55210',697,'464C2FFD-B0BD-4C91-B482-34B1F82EEB42','F9E7025A-47B1-4D52-A73B-C1D83E0F4DD0'),('7A02008C-498E-494E-A63D-F1E0A87C5F46','','','86220',1058,'464C2FFD-B0BD-4C91-B482-34B1F82EEB42','F9E7025A-47B1-4D52-A73B-C1D83E0F4DD0'),('7A13C2DF-1316-416E-9B40-38B1AA1CCB47','','','18140',142,'464C2FFD-B0BD-4C91-B482-34B1F82EEB42','F9E7025A-47B1-4D52-A73B-C1D83E0F4DD0'),('7AA9FBE9-290B-4A02-A5F6-EB4C8FF96BF3','','','91130',1090,'464C2FFD-B0BD-4C91-B482-34B1F82EEB42','F9E7025A-47B1-4D52-A73B-C1D83E0F4DD0'),('7AD9A8C4-091F-4F8C-B840-24C66EDB5E3F','','','71170',891,'464C2FFD-B0BD-4C91-B482-34B1F82EEB42','F9E7025A-47B1-4D52-A73B-C1D83E0F4DD0'),('7B0037F7-FA87-490C-B102-D7F9E4434F88','','','82150',1001,'464C2FFD-B0BD-4C91-B482-34B1F82EEB42','F9E7025A-47B1-4D52-A73B-C1D83E0F4DD0'),('7B131E0B-E7E5-48FF-8FBC-B1AE022198A9','','','92180',1097,'464C2FFD-B0BD-4C91-B482-34B1F82EEB42','F9E7025A-47B1-4D52-A73B-C1D83E0F4DD0'),('7B1BE1C7-287C-4086-85A9-775AD7568B2E','','','30230',288,'464C2FFD-B0BD-4C91-B482-34B1F82EEB42','F9E7025A-47B1-4D52-A73B-C1D83E0F4DD0'),('7B1D2D59-02A5-4245-AAA9-2B774279FCA3','','','55150',690,'464C2FFD-B0BD-4C91-B482-34B1F82EEB42','F9E7025A-47B1-4D52-A73B-C1D83E0F4DD0'),('7B1FEBBD-7457-4095-BB8A-C33C3E637D0A','','','50220',613,'464C2FFD-B0BD-4C91-B482-34B1F82EEB42','F9E7025A-47B1-4D52-A73B-C1D83E0F4DD0'),('7B31AD36-B187-4575-81F8-CDACDD5240AF','','','86170',1055,'464C2FFD-B0BD-4C91-B482-34B1F82EEB42','F9E7025A-47B1-4D52-A73B-C1D83E0F4DD0'),('7B7ABCCB-9863-4908-96DB-006353B10E4B','','','64220',798,'464C2FFD-B0BD-4C91-B482-34B1F82EEB42','F9E7025A-47B1-4D52-A73B-C1D83E0F4DD0'),('7BD5CE78-0107-4867-ABA0-B7A50B048F7C','','','33110',349,'464C2FFD-B0BD-4C91-B482-34B1F82EEB42','F9E7025A-47B1-4D52-A73B-C1D83E0F4DD0'),('7BEF8C05-EDA0-467C-8D2D-9B5580BD099C','','','64230',808,'464C2FFD-B0BD-4C91-B482-34B1F82EEB42','F9E7025A-47B1-4D52-A73B-C1D83E0F4DD0'),('7BF409F9-1ADD-4369-B951-F4935C70F5E4','','','52130',652,'464C2FFD-B0BD-4C91-B482-34B1F82EEB42','F9E7025A-47B1-4D52-A73B-C1D83E0F4DD0'),('7C04BDC7-61ED-4069-82DC-8A49853FBB07','','','57290',730,'464C2FFD-B0BD-4C91-B482-34B1F82EEB42','F9E7025A-47B1-4D52-A73B-C1D83E0F4DD0'),('7C32DDA5-2C39-474A-8957-BAAB27F90553','','','51160',645,'464C2FFD-B0BD-4C91-B482-34B1F82EEB42','F9E7025A-47B1-4D52-A73B-C1D83E0F4DD0'),('7C3A9EA8-4507-482D-9CA0-909F1DDB3284','','','36170',392,'464C2FFD-B0BD-4C91-B482-34B1F82EEB42','F9E7025A-47B1-4D52-A73B-C1D83E0F4DD0'),('7CA51A94-AB7D-4B7B-A510-3DEBE7E332B3','','','26110',237,'464C2FFD-B0BD-4C91-B482-34B1F82EEB42','F9E7025A-47B1-4D52-A73B-C1D83E0F4DD0'),('7CADEF45-55FD-4DFD-9B5E-1A45FB40C0CD','','','55000',687,'464C2FFD-B0BD-4C91-B482-34B1F82EEB42','F9E7025A-47B1-4D52-A73B-C1D83E0F4DD0'),('7CBBC23A-8F78-4CFF-BFDF-EB831308B1D9','','','58150',745,'464C2FFD-B0BD-4C91-B482-34B1F82EEB42','F9E7025A-47B1-4D52-A73B-C1D83E0F4DD0'),('7CF20B03-96A4-4031-B37D-27FB7495A2B6','','','65110',816,'464C2FFD-B0BD-4C91-B482-34B1F82EEB42','F9E7025A-47B1-4D52-A73B-C1D83E0F4DD0'),('7D0A7605-0E2B-420F-A8E3-0637487AAF1D','','','80290',981,'464C2FFD-B0BD-4C91-B482-34B1F82EEB42','F9E7025A-47B1-4D52-A73B-C1D83E0F4DD0'),('7D75A866-0AFC-441E-B627-D7180970D1F3','','','96180',1153,'464C2FFD-B0BD-4C91-B482-34B1F82EEB42','F9E7025A-47B1-4D52-A73B-C1D83E0F4DD0'),('7DA05D0D-B224-423A-B464-F49DFEE0F01C','','','34260',379,'464C2FFD-B0BD-4C91-B482-34B1F82EEB42','F9E7025A-47B1-4D52-A73B-C1D83E0F4DD0'),('7DDB6CCF-0040-4FC6-9F73-001215696107','','','57170',728,'464C2FFD-B0BD-4C91-B482-34B1F82EEB42','F9E7025A-47B1-4D52-A73B-C1D83E0F4DD0'),('7DF8AB6A-F9D2-401C-9026-7A797A23F28A','','','80180',975,'464C2FFD-B0BD-4C91-B482-34B1F82EEB42','F9E7025A-47B1-4D52-A73B-C1D83E0F4DD0'),('7E3044B5-72BE-4E35-9150-6BCE8A5FE69A','','','30130',275,'464C2FFD-B0BD-4C91-B482-34B1F82EEB42','F9E7025A-47B1-4D52-A73B-C1D83E0F4DD0'),('7E3BE168-9689-411B-B777-3C0076867240','','','41220',465,'464C2FFD-B0BD-4C91-B482-34B1F82EEB42','F9E7025A-47B1-4D52-A73B-C1D83E0F4DD0'),('7E467896-29BE-468D-A20E-92300DE28197','','','10700',25,'464C2FFD-B0BD-4C91-B482-34B1F82EEB42','F9E7025A-47B1-4D52-A73B-C1D83E0F4DD0'),('7E63F8FF-B9D9-4E29-BCE5-7338DC9E1144','','','30280',251,'464C2FFD-B0BD-4C91-B482-34B1F82EEB42','F9E7025A-47B1-4D52-A73B-C1D83E0F4DD0'),('7E8F2E0E-4268-44C8-917D-07BAEA9B318E','','','50290',626,'464C2FFD-B0BD-4C91-B482-34B1F82EEB42','F9E7025A-47B1-4D52-A73B-C1D83E0F4DD0'),('7EABEC73-DC26-4F7A-97B9-173237ABC4C8','','','65220',822,'464C2FFD-B0BD-4C91-B482-34B1F82EEB42','F9E7025A-47B1-4D52-A73B-C1D83E0F4DD0'),('7ECB1175-6AD9-42D2-BDA2-246E78B44325','','','40160',451,'464C2FFD-B0BD-4C91-B482-34B1F82EEB42','F9E7025A-47B1-4D52-A73B-C1D83E0F4DD0'),('7F1D4A36-E03B-4DB4-8E34-E250BAB6A262','','','84330',1020,'464C2FFD-B0BD-4C91-B482-34B1F82EEB42','F9E7025A-47B1-4D52-A73B-C1D83E0F4DD0'),('7F7204E5-2492-4719-8A39-7411A17D7CB6','','','90115',1082,'464C2FFD-B0BD-4C91-B482-34B1F82EEB42','F9E7025A-47B1-4D52-A73B-C1D83E0F4DD0'),('7F780B8B-4049-42BD-948F-5CC645055182','','','41240',468,'464C2FFD-B0BD-4C91-B482-34B1F82EEB42','F9E7025A-47B1-4D52-A73B-C1D83E0F4DD0'),('7F9F9591-76FA-4DFE-BB43-2A4218AA6392','','','52170',661,'464C2FFD-B0BD-4C91-B482-34B1F82EEB42','F9E7025A-47B1-4D52-A73B-C1D83E0F4DD0'),('7FBD500F-F772-4AE2-98B5-915DCB99B2B2','','','86190',1046,'464C2FFD-B0BD-4C91-B482-34B1F82EEB42','F9E7025A-47B1-4D52-A73B-C1D83E0F4DD0'),('7FC57281-03D4-4B3A-B1DC-12730A58F0B7','','','53190',668,'464C2FFD-B0BD-4C91-B482-34B1F82EEB42','F9E7025A-47B1-4D52-A73B-C1D83E0F4DD0'),('8081758C-4586-493A-BB6F-ED95A4FBA875','','','86000',1044,'464C2FFD-B0BD-4C91-B482-34B1F82EEB42','F9E7025A-47B1-4D52-A73B-C1D83E0F4DD0'),('80A641A4-9BC8-41D9-94C0-B73B60EB9269','','','84230',1025,'464C2FFD-B0BD-4C91-B482-34B1F82EEB42','F9E7025A-47B1-4D52-A73B-C1D83E0F4DD0'),('81190B17-E1E5-4030-AE92-CF869EFA42AF','','','83110',1009,'464C2FFD-B0BD-4C91-B482-34B1F82EEB42','F9E7025A-47B1-4D52-A73B-C1D83E0F4DD0'),('8156C766-3AA4-4B9B-9F4B-292989FBE586','','','24000',215,'464C2FFD-B0BD-4C91-B482-34B1F82EEB42','F9E7025A-47B1-4D52-A73B-C1D83E0F4DD0'),('815FD31D-D23B-4061-B961-53BCD17113BF','','','41190',475,'464C2FFD-B0BD-4C91-B482-34B1F82EEB42','F9E7025A-47B1-4D52-A73B-C1D83E0F4DD0'),('8160D5B0-99DD-43E6-A6AD-ED58CD305089','','','80350',968,'464C2FFD-B0BD-4C91-B482-34B1F82EEB42','F9E7025A-47B1-4D52-A73B-C1D83E0F4DD0'),('81B0B99C-B7CA-47D9-85A7-BEC2BD03D35E','','','10700',20,'464C2FFD-B0BD-4C91-B482-34B1F82EEB42','F9E7025A-47B1-4D52-A73B-C1D83E0F4DD0'),('81B49791-93D2-43B6-90B9-2DBDFF15E80B','','','71130',883,'464C2FFD-B0BD-4C91-B482-34B1F82EEB42','F9E7025A-47B1-4D52-A73B-C1D83E0F4DD0'),('81F1753E-5AF9-46A2-B61C-A13E34433343','','','33120',340,'464C2FFD-B0BD-4C91-B482-34B1F82EEB42','F9E7025A-47B1-4D52-A73B-C1D83E0F4DD0'),('81F376BE-386B-4FD1-A439-A25E718A031D','','','86140',1048,'464C2FFD-B0BD-4C91-B482-34B1F82EEB42','F9E7025A-47B1-4D52-A73B-C1D83E0F4DD0'),('8229D713-3F82-402B-8FF8-54092ACDE90E','','','70110',865,'464C2FFD-B0BD-4C91-B482-34B1F82EEB42','F9E7025A-47B1-4D52-A73B-C1D83E0F4DD0'),('82399D9E-D4FE-4A7C-A242-3E36A25E3F76','','','12110',68,'464C2FFD-B0BD-4C91-B482-34B1F82EEB42','F9E7025A-47B1-4D52-A73B-C1D83E0F4DD0'),('836D47F8-57CE-4300-849C-BF8A5BE522C4','','','83120',1007,'464C2FFD-B0BD-4C91-B482-34B1F82EEB42','F9E7025A-47B1-4D52-A73B-C1D83E0F4DD0'),('83B7E05E-6ECF-4014-B45E-FF7B6B198074','','','30270',269,'464C2FFD-B0BD-4C91-B482-34B1F82EEB42','F9E7025A-47B1-4D52-A73B-C1D83E0F4DD0'),('8400BD31-D861-40D9-8CF5-7B17F7999143','','','27250',248,'464C2FFD-B0BD-4C91-B482-34B1F82EEB42','F9E7025A-47B1-4D52-A73B-C1D83E0F4DD0'),('8400EA94-2A4F-469E-8C4F-ED54F3D00B59','','','46170',552,'464C2FFD-B0BD-4C91-B482-34B1F82EEB42','F9E7025A-47B1-4D52-A73B-C1D83E0F4DD0'),('84197408-293D-4A89-AA5A-E0DCF421D012','','','72190',902,'464C2FFD-B0BD-4C91-B482-34B1F82EEB42','F9E7025A-47B1-4D52-A73B-C1D83E0F4DD0'),('8441512B-69A2-40A0-868F-6DC43B8FF425','','','35140',382,'464C2FFD-B0BD-4C91-B482-34B1F82EEB42','F9E7025A-47B1-4D52-A73B-C1D83E0F4DD0'),('84A36018-BCF0-40E0-88EA-B66F812F03E4','','','41370',467,'464C2FFD-B0BD-4C91-B482-34B1F82EEB42','F9E7025A-47B1-4D52-A73B-C1D83E0F4DD0'),('84C68E24-69CE-4911-83D8-E7E3763C1ED2','','','73140',908,'464C2FFD-B0BD-4C91-B482-34B1F82EEB42','F9E7025A-47B1-4D52-A73B-C1D83E0F4DD0'),('84E62682-60B5-478A-BC9D-D9110DA6D9A7','','','22170',192,'464C2FFD-B0BD-4C91-B482-34B1F82EEB42','F9E7025A-47B1-4D52-A73B-C1D83E0F4DD0'),('84FD7F74-9611-4054-988A-2B0A00AF4F34','','','61160',773,'464C2FFD-B0BD-4C91-B482-34B1F82EEB42','F9E7025A-47B1-4D52-A73B-C1D83E0F4DD0'),('8581C248-1ADD-47BC-8865-84D662BC1875','','','92110',1094,'464C2FFD-B0BD-4C91-B482-34B1F82EEB42','F9E7025A-47B1-4D52-A73B-C1D83E0F4DD0'),('85F536E4-EA0A-4FD7-B388-9F09225329A0','','','44130',515,'464C2FFD-B0BD-4C91-B482-34B1F82EEB42','F9E7025A-47B1-4D52-A73B-C1D83E0F4DD0'),('8615CA84-BB48-4C9D-92E2-45A87651AF1E','','','40190',449,'464C2FFD-B0BD-4C91-B482-34B1F82EEB42','F9E7025A-47B1-4D52-A73B-C1D83E0F4DD0'),('8619BAAE-A1AC-42E6-86CD-166B78D43918','','','60190',761,'464C2FFD-B0BD-4C91-B482-34B1F82EEB42','F9E7025A-47B1-4D52-A73B-C1D83E0F4DD0'),('864895E5-1556-4C54-B612-754B431AF32A','','','33180',336,'464C2FFD-B0BD-4C91-B482-34B1F82EEB42','F9E7025A-47B1-4D52-A73B-C1D83E0F4DD0'),('868823D4-D3FB-4614-8EF4-7CCC4210BBF4','','','61180',772,'464C2FFD-B0BD-4C91-B482-34B1F82EEB42','F9E7025A-47B1-4D52-A73B-C1D83E0F4DD0'),('86C3B55C-1CC0-4C8D-968D-2556E1609009','','','41330',462,'464C2FFD-B0BD-4C91-B482-34B1F82EEB42','F9E7025A-47B1-4D52-A73B-C1D83E0F4DD0'),('86F97B65-9725-469F-9D4B-CD4122CF19AC','','','36240',391,'464C2FFD-B0BD-4C91-B482-34B1F82EEB42','F9E7025A-47B1-4D52-A73B-C1D83E0F4DD0'),('86FC589E-45FA-46DA-AF43-531C9A776355','','','39140',427,'464C2FFD-B0BD-4C91-B482-34B1F82EEB42','F9E7025A-47B1-4D52-A73B-C1D83E0F4DD0'),('871417D9-8842-4620-B742-048510A3C6CC','','','13150',92,'464C2FFD-B0BD-4C91-B482-34B1F82EEB42','F9E7025A-47B1-4D52-A73B-C1D83E0F4DD0'),('8737D960-9571-44CF-A016-752019C5FEDD','','','67220',853,'464C2FFD-B0BD-4C91-B482-34B1F82EEB42','F9E7025A-47B1-4D52-A73B-C1D83E0F4DD0'),('8745D59C-4A76-415E-80DF-7FD65DECBFD6','','','53170',665,'464C2FFD-B0BD-4C91-B482-34B1F82EEB42','F9E7025A-47B1-4D52-A73B-C1D83E0F4DD0'),('87686B88-ABBE-448F-A53D-37E3103FE3BC','','','38190',420,'464C2FFD-B0BD-4C91-B482-34B1F82EEB42','F9E7025A-47B1-4D52-A73B-C1D83E0F4DD0'),('88236A42-8091-4B19-B74C-A9AAA4ED3FB4','','','14000',94,'464C2FFD-B0BD-4C91-B482-34B1F82EEB42','F9E7025A-47B1-4D52-A73B-C1D83E0F4DD0'),('8826F6C5-9DCA-4248-AAC7-8183FF7434CB','','','85130',1040,'464C2FFD-B0BD-4C91-B482-34B1F82EEB42','F9E7025A-47B1-4D52-A73B-C1D83E0F4DD0'),('883DF6ED-4975-4D63-8DF8-DF186BE44B58','','','20240',173,'464C2FFD-B0BD-4C91-B482-34B1F82EEB42','F9E7025A-47B1-4D52-A73B-C1D83E0F4DD0'),('88C81839-60FF-4689-80B5-5A4D12817371','','','72110',901,'464C2FFD-B0BD-4C91-B482-34B1F82EEB42','F9E7025A-47B1-4D52-A73B-C1D83E0F4DD0'),('88C83468-1313-4255-B8DC-EF6DCA88BA51','','','50320',620,'464C2FFD-B0BD-4C91-B482-34B1F82EEB42','F9E7025A-47B1-4D52-A73B-C1D83E0F4DD0'),('88D059BA-DFA7-4B73-8FDF-4E305AEC95E2','','','10600',18,'464C2FFD-B0BD-4C91-B482-34B1F82EEB42','F9E7025A-47B1-4D52-A73B-C1D83E0F4DD0'),('88D791C7-6914-4E87-9EB0-355E39E73CB4','','','77120',947,'464C2FFD-B0BD-4C91-B482-34B1F82EEB42','F9E7025A-47B1-4D52-A73B-C1D83E0F4DD0'),('891DCA8D-8397-4754-9F17-04A3D7802E96','','','23170',210,'464C2FFD-B0BD-4C91-B482-34B1F82EEB42','F9E7025A-47B1-4D52-A73B-C1D83E0F4DD0'),('89266155-7C16-4261-978E-BA810514B247','','','90240',1072,'464C2FFD-B0BD-4C91-B482-34B1F82EEB42','F9E7025A-47B1-4D52-A73B-C1D83E0F4DD0'),('8935B118-E990-4014-AC42-9094F7F29330','','','85000',1038,'464C2FFD-B0BD-4C91-B482-34B1F82EEB42','F9E7025A-47B1-4D52-A73B-C1D83E0F4DD0'),('89B9E5A8-6DEF-4D21-B547-C06FFCD64BDF','','','42170',491,'464C2FFD-B0BD-4C91-B482-34B1F82EEB42','F9E7025A-47B1-4D52-A73B-C1D83E0F4DD0'),('89DC0BF8-E1E8-4A32-8296-BDF2EFA5DE04','','','22120',191,'464C2FFD-B0BD-4C91-B482-34B1F82EEB42','F9E7025A-47B1-4D52-A73B-C1D83E0F4DD0'),('8A20D624-84CC-4CC8-9881-44474FA91C06','','','45170',542,'464C2FFD-B0BD-4C91-B482-34B1F82EEB42','F9E7025A-47B1-4D52-A73B-C1D83E0F4DD0'),('8A511FED-D3A4-4FB1-A299-BCAA92FD9E51','','','50330',617,'464C2FFD-B0BD-4C91-B482-34B1F82EEB42','F9E7025A-47B1-4D52-A73B-C1D83E0F4DD0'),('8A97B413-AD9F-4A11-B5F4-EA0E3C019EAF','','','34310',367,'464C2FFD-B0BD-4C91-B482-34B1F82EEB42','F9E7025A-47B1-4D52-A73B-C1D83E0F4DD0'),('8AB556F9-9155-4333-BA83-F7406D5E5E21','','','84140',1017,'464C2FFD-B0BD-4C91-B482-34B1F82EEB42','F9E7025A-47B1-4D52-A73B-C1D83E0F4DD0'),('8AEE3694-6D13-4BBB-9D55-F9B2F7E3959A','','','66230',836,'464C2FFD-B0BD-4C91-B482-34B1F82EEB42','F9E7025A-47B1-4D52-A73B-C1D83E0F4DD0'),('8AFB0333-1676-4F6D-9B9D-0A80070E214B','','','49160',604,'464C2FFD-B0BD-4C91-B482-34B1F82EEB42','F9E7025A-47B1-4D52-A73B-C1D83E0F4DD0'),('8B0CB855-0F98-4F79-9721-A3485A5C59CA','','','41210',477,'464C2FFD-B0BD-4C91-B482-34B1F82EEB42','F9E7025A-47B1-4D52-A73B-C1D83E0F4DD0'),('8BADB077-CAA6-4369-A51F-7026ECB023A4','','','66220',834,'464C2FFD-B0BD-4C91-B482-34B1F82EEB42','F9E7025A-47B1-4D52-A73B-C1D83E0F4DD0'),('8C33AD5B-A7B7-4D91-948D-5473E3FFB144','','','80120',969,'464C2FFD-B0BD-4C91-B482-34B1F82EEB42','F9E7025A-47B1-4D52-A73B-C1D83E0F4DD0'),('8C7D17EE-9846-4F3B-8BC0-8B26738B2FFE','','','18000',157,'464C2FFD-B0BD-4C91-B482-34B1F82EEB42','F9E7025A-47B1-4D52-A73B-C1D83E0F4DD0'),('8D0210E3-0EB6-4E0F-A007-44C00AE1D278','','','84180',1037,'464C2FFD-B0BD-4C91-B482-34B1F82EEB42','F9E7025A-47B1-4D52-A73B-C1D83E0F4DD0'),('8D056548-3FBC-4BD2-A83D-F9DA4C6182E0','','','12160',73,'464C2FFD-B0BD-4C91-B482-34B1F82EEB42','F9E7025A-47B1-4D52-A73B-C1D83E0F4DD0'),('8D57C3D7-854F-406A-9302-3A41BAF24A28','','','56150',703,'464C2FFD-B0BD-4C91-B482-34B1F82EEB42','F9E7025A-47B1-4D52-A73B-C1D83E0F4DD0'),('8E0FBE32-C21C-43A1-9E70-24A4417D9972','','','77210',937,'464C2FFD-B0BD-4C91-B482-34B1F82EEB42','F9E7025A-47B1-4D52-A73B-C1D83E0F4DD0'),('8E6F176C-3148-4A67-A200-EA3E41BBA9F8','','','86110',1053,'464C2FFD-B0BD-4C91-B482-34B1F82EEB42','F9E7025A-47B1-4D52-A73B-C1D83E0F4DD0'),('8E9AF9EC-18B9-4728-9625-AE689732A8BE','','','71240',885,'464C2FFD-B0BD-4C91-B482-34B1F82EEB42','F9E7025A-47B1-4D52-A73B-C1D83E0F4DD0'),('8F24F6E0-8248-4D81-B293-8D0147D702E2','','','84280',1021,'464C2FFD-B0BD-4C91-B482-34B1F82EEB42','F9E7025A-47B1-4D52-A73B-C1D83E0F4DD0'),('8F4CB26E-C531-4B35-A4D4-2C10CB633710','','','96210',1157,'464C2FFD-B0BD-4C91-B482-34B1F82EEB42','F9E7025A-47B1-4D52-A73B-C1D83E0F4DD0'),('8F68824C-55E4-4662-B3FD-F79D9511918F','','','55190',689,'464C2FFD-B0BD-4C91-B482-34B1F82EEB42','F9E7025A-47B1-4D52-A73B-C1D83E0F4DD0'),('8FC37F9B-B04A-4233-A4FE-D33BF05A87E3','','','71220',890,'464C2FFD-B0BD-4C91-B482-34B1F82EEB42','F9E7025A-47B1-4D52-A73B-C1D83E0F4DD0'),('8FEA0C1C-C626-480E-8D05-F5A515C7AE4B','','','26000',235,'464C2FFD-B0BD-4C91-B482-34B1F82EEB42','F9E7025A-47B1-4D52-A73B-C1D83E0F4DD0'),('90A28EBF-38EE-4A11-9080-126281633716','','','51110',644,'464C2FFD-B0BD-4C91-B482-34B1F82EEB42','F9E7025A-47B1-4D52-A73B-C1D83E0F4DD0'),('90F0F661-934B-45FB-A476-E39D0CDD6C4D','','','31130',299,'464C2FFD-B0BD-4C91-B482-34B1F82EEB42','F9E7025A-47B1-4D52-A73B-C1D83E0F4DD0'),('90FB2F5A-81AA-4A5D-9A90-34214E933668','','','12000',65,'464C2FFD-B0BD-4C91-B482-34B1F82EEB42','F9E7025A-47B1-4D52-A73B-C1D83E0F4DD0'),('910F2460-D0A8-4F12-8180-0154EB005AB5','','','90110',1078,'464C2FFD-B0BD-4C91-B482-34B1F82EEB42','F9E7025A-47B1-4D52-A73B-C1D83E0F4DD0'),('913C253D-E379-40A8-93BF-EA0C38DA6808','','','80170',972,'464C2FFD-B0BD-4C91-B482-34B1F82EEB42','F9E7025A-47B1-4D52-A73B-C1D83E0F4DD0'),('91911B85-74BA-4F19-8115-ED8BDEF923DE','','','52000',649,'464C2FFD-B0BD-4C91-B482-34B1F82EEB42','F9E7025A-47B1-4D52-A73B-C1D83E0F4DD0'),('91AD9B6B-65BB-49F4-B486-293DD1124E53','','','31220',301,'464C2FFD-B0BD-4C91-B482-34B1F82EEB42','F9E7025A-47B1-4D52-A73B-C1D83E0F4DD0'),('91CF4131-AB50-48BB-BACB-F0CE27E26BB8','','','36000',390,'464C2FFD-B0BD-4C91-B482-34B1F82EEB42','F9E7025A-47B1-4D52-A73B-C1D83E0F4DD0'),('91DA5A86-0850-4A1C-AC61-F201872A3950','','','23130',205,'464C2FFD-B0BD-4C91-B482-34B1F82EEB42','F9E7025A-47B1-4D52-A73B-C1D83E0F4DD0'),('92205A96-5D52-4298-92EE-11BD75AF8D55','','','18190',150,'464C2FFD-B0BD-4C91-B482-34B1F82EEB42','F9E7025A-47B1-4D52-A73B-C1D83E0F4DD0'),('923DE588-77DF-4724-8831-8B916FB39B02','','','45170',527,'464C2FFD-B0BD-4C91-B482-34B1F82EEB42','F9E7025A-47B1-4D52-A73B-C1D83E0F4DD0'),('92E280B1-B864-4B90-9EB2-4D9F672A0134','','','80230',953,'464C2FFD-B0BD-4C91-B482-34B1F82EEB42','F9E7025A-47B1-4D52-A73B-C1D83E0F4DD0'),('933BEC3A-C050-40EE-B61F-C808451F1056','','','11000',59,'464C2FFD-B0BD-4C91-B482-34B1F82EEB42','F9E7025A-47B1-4D52-A73B-C1D83E0F4DD0'),('934F6E34-9577-46F3-97DA-D9F1469C46EC','','','60180',752,'464C2FFD-B0BD-4C91-B482-34B1F82EEB42','F9E7025A-47B1-4D52-A73B-C1D83E0F4DD0'),('942E57FD-4334-4FB1-BEFC-A1EB813AEE23','','','20230',168,'464C2FFD-B0BD-4C91-B482-34B1F82EEB42','F9E7025A-47B1-4D52-A73B-C1D83E0F4DD0'),('94BD81EF-DB6C-4BAE-94E7-3F6EF679A671','','','10280',52,'464C2FFD-B0BD-4C91-B482-34B1F82EEB42','F9E7025A-47B1-4D52-A73B-C1D83E0F4DD0'),('94F4B258-9146-4051-9F1C-7DECA00FBD02','','','13120',84,'464C2FFD-B0BD-4C91-B482-34B1F82EEB42','F9E7025A-47B1-4D52-A73B-C1D83E0F4DD0'),('951B2CF6-3E95-4602-A9F0-BFADC070ACF4','','','90330',1080,'464C2FFD-B0BD-4C91-B482-34B1F82EEB42','F9E7025A-47B1-4D52-A73B-C1D83E0F4DD0'),('953B4C6B-C956-4F32-8CDC-DDCB7350C170','','','24190',222,'464C2FFD-B0BD-4C91-B482-34B1F82EEB42','F9E7025A-47B1-4D52-A73B-C1D83E0F4DD0'),('95470079-F95C-4000-8E57-CE040BFB0565','','','15160',103,'464C2FFD-B0BD-4C91-B482-34B1F82EEB42','F9E7025A-47B1-4D52-A73B-C1D83E0F4DD0'),('957B8C59-E233-4CC8-9D68-347F07495F00','','','95000',1140,'464C2FFD-B0BD-4C91-B482-34B1F82EEB42','F9E7025A-47B1-4D52-A73B-C1D83E0F4DD0'),('95E89918-2501-4482-9752-3142C069B933','','','84310',1018,'464C2FFD-B0BD-4C91-B482-34B1F82EEB42','F9E7025A-47B1-4D52-A73B-C1D83E0F4DD0'),('95F0B534-9ED4-44C8-A4BA-E8623E917FDF','','','92190',1093,'464C2FFD-B0BD-4C91-B482-34B1F82EEB42','F9E7025A-47B1-4D52-A73B-C1D83E0F4DD0'),('9636ADB8-2958-4783-80DB-6AE1BB77B99A','','','22180',198,'464C2FFD-B0BD-4C91-B482-34B1F82EEB42','F9E7025A-47B1-4D52-A73B-C1D83E0F4DD0'),('965B1CE3-DACF-4D46-A2FD-4049D0D0442B','','','85120',1041,'464C2FFD-B0BD-4C91-B482-34B1F82EEB42','F9E7025A-47B1-4D52-A73B-C1D83E0F4DD0'),('967B2164-B8FB-41D5-9541-09B277F256E0','','','18130',147,'464C2FFD-B0BD-4C91-B482-34B1F82EEB42','F9E7025A-47B1-4D52-A73B-C1D83E0F4DD0'),('96F83BA9-51DB-472B-9095-CA99EF443A3D','','','84110',1022,'464C2FFD-B0BD-4C91-B482-34B1F82EEB42','F9E7025A-47B1-4D52-A73B-C1D83E0F4DD0'),('97120178-8AB7-46AB-96D3-82787B9CBE1B','','','86130',1057,'464C2FFD-B0BD-4C91-B482-34B1F82EEB42','F9E7025A-47B1-4D52-A73B-C1D83E0F4DD0'),('97309407-C632-41EE-8FD6-5057BD504D1E','','','64160',801,'464C2FFD-B0BD-4C91-B482-34B1F82EEB42','F9E7025A-47B1-4D52-A73B-C1D83E0F4DD0'),('97417DC2-7648-4781-B782-03C5D5663470','','','46000',545,'464C2FFD-B0BD-4C91-B482-34B1F82EEB42','F9E7025A-47B1-4D52-A73B-C1D83E0F4DD0'),('9786E92F-A227-4E21-B352-87BD95E0CC8C','','','47230',584,'464C2FFD-B0BD-4C91-B482-34B1F82EEB42','F9E7025A-47B1-4D52-A73B-C1D83E0F4DD0'),('9790237D-DCA6-4753-9982-6F9B2E69A873','','','60160',757,'464C2FFD-B0BD-4C91-B482-34B1F82EEB42','F9E7025A-47B1-4D52-A73B-C1D83E0F4DD0'),('97D4D314-AC15-412F-B7E7-3B7D4CDF7DEB','','','43160',505,'464C2FFD-B0BD-4C91-B482-34B1F82EEB42','F9E7025A-47B1-4D52-A73B-C1D83E0F4DD0'),('98156A68-488C-4743-BE7A-B2D9976D223C','','','66150',835,'464C2FFD-B0BD-4C91-B482-34B1F82EEB42','F9E7025A-47B1-4D52-A73B-C1D83E0F4DD0'),('98250F6C-7922-46DE-B96E-DFCA31328216','','','71160',875,'464C2FFD-B0BD-4C91-B482-34B1F82EEB42','F9E7025A-47B1-4D52-A73B-C1D83E0F4DD0'),('983272F2-1AF1-40CA-A5D8-56C3F787F92F','','','34250',354,'464C2FFD-B0BD-4C91-B482-34B1F82EEB42','F9E7025A-47B1-4D52-A73B-C1D83E0F4DD0'),('98959F05-DF00-4429-BC0E-B412C0D77CF8','','','67140',852,'464C2FFD-B0BD-4C91-B482-34B1F82EEB42','F9E7025A-47B1-4D52-A73B-C1D83E0F4DD0'),('98E101F9-54CD-418A-9661-42EC84C6829D','','','30270',283,'464C2FFD-B0BD-4C91-B482-34B1F82EEB42','F9E7025A-47B1-4D52-A73B-C1D83E0F4DD0'),('9909BE09-3C3F-482A-AB9C-0CDF0966FD0F','','','53220',674,'464C2FFD-B0BD-4C91-B482-34B1F82EEB42','F9E7025A-47B1-4D52-A73B-C1D83E0F4DD0'),('9920E30B-C7DC-4370-8A9F-4F22008A622E','','','13250',79,'464C2FFD-B0BD-4C91-B482-34B1F82EEB42','F9E7025A-47B1-4D52-A73B-C1D83E0F4DD0'),('99242064-C266-46C3-9E25-D135C3BD81DF','','','60170',748,'464C2FFD-B0BD-4C91-B482-34B1F82EEB42','F9E7025A-47B1-4D52-A73B-C1D83E0F4DD0'),('994E2B9D-7852-41AC-B1B2-6766A5895177','','','46240',558,'464C2FFD-B0BD-4C91-B482-34B1F82EEB42','F9E7025A-47B1-4D52-A73B-C1D83E0F4DD0'),('999C7CF1-D491-4D42-93C5-434C4E5BDE91','','','70210',864,'464C2FFD-B0BD-4C91-B482-34B1F82EEB42','F9E7025A-47B1-4D52-A73B-C1D83E0F4DD0'),('999E22D2-B007-43C8-A21B-330B5FB5F759','','','73160',917,'464C2FFD-B0BD-4C91-B482-34B1F82EEB42','F9E7025A-47B1-4D52-A73B-C1D83E0F4DD0'),('9A049F33-D465-4A7C-9B25-86D1993F8E27','','','66110',828,'464C2FFD-B0BD-4C91-B482-34B1F82EEB42','F9E7025A-47B1-4D52-A73B-C1D83E0F4DD0'),('9A068CC8-985D-4502-8AF1-385CDB19643D','','','10130',56,'464C2FFD-B0BD-4C91-B482-34B1F82EEB42','F9E7025A-47B1-4D52-A73B-C1D83E0F4DD0'),('9A2BE74E-A650-42EB-98A8-4DFC634B0DFF','','','94140',1129,'464C2FFD-B0BD-4C91-B482-34B1F82EEB42','F9E7025A-47B1-4D52-A73B-C1D83E0F4DD0'),('9A3E548C-FCEF-4DA1-A79E-60A6AF93E408','','','81120',991,'464C2FFD-B0BD-4C91-B482-34B1F82EEB42','F9E7025A-47B1-4D52-A73B-C1D83E0F4DD0'),('9A4CEE53-E4DA-4E25-BF1D-4A650BD0E619','','','33170',337,'464C2FFD-B0BD-4C91-B482-34B1F82EEB42','F9E7025A-47B1-4D52-A73B-C1D83E0F4DD0'),('9A612330-0511-47F4-B0BE-AF4601EF8382','','','48180',594,'464C2FFD-B0BD-4C91-B482-34B1F82EEB42','F9E7025A-47B1-4D52-A73B-C1D83E0F4DD0'),('9A6E9475-4EA9-43AA-9151-2381D72DEF7A','','','96170',1152,'464C2FFD-B0BD-4C91-B482-34B1F82EEB42','F9E7025A-47B1-4D52-A73B-C1D83E0F4DD0'),('9A782125-688F-4DB2-866C-B02BE4F6EE43','','','57190',720,'464C2FFD-B0BD-4C91-B482-34B1F82EEB42','F9E7025A-47B1-4D52-A73B-C1D83E0F4DD0'),('9A7F8889-1A12-4A42-8BB9-8DB5C1E204E3','','','36120',394,'464C2FFD-B0BD-4C91-B482-34B1F82EEB42','F9E7025A-47B1-4D52-A73B-C1D83E0F4DD0'),('9AA8309F-AECD-42E1-AC7F-41E4ADB17DFD','','','31110',307,'464C2FFD-B0BD-4C91-B482-34B1F82EEB42','F9E7025A-47B1-4D52-A73B-C1D83E0F4DD0'),('9ADED00C-7B7D-4D2B-823B-461688252A6C','','','18260',141,'464C2FFD-B0BD-4C91-B482-34B1F82EEB42','F9E7025A-47B1-4D52-A73B-C1D83E0F4DD0'),('9B2C3D22-5F2B-4839-BEEC-2A997F7DC30C','','','10200',1,'464C2FFD-B0BD-4C91-B482-34B1F82EEB42','F9E7025A-47B1-4D52-A73B-C1D83E0F4DD0'),('9B4F2663-A8DE-40BD-9B73-0D03FB615F59','','','30170',270,'464C2FFD-B0BD-4C91-B482-34B1F82EEB42','F9E7025A-47B1-4D52-A73B-C1D83E0F4DD0'),('9B6FE807-B64E-4181-BFA8-7620D8BBA6F8','','','10230',43,'464C2FFD-B0BD-4C91-B482-34B1F82EEB42','F9E7025A-47B1-4D52-A73B-C1D83E0F4DD0'),('9B8C5189-368E-414D-B46B-C2517B93A89D','','','14120',97,'464C2FFD-B0BD-4C91-B482-34B1F82EEB42','F9E7025A-47B1-4D52-A73B-C1D83E0F4DD0'),('9C1B559B-6D2F-467B-972D-F595C1D47FD8','','','70170',870,'464C2FFD-B0BD-4C91-B482-34B1F82EEB42','F9E7025A-47B1-4D52-A73B-C1D83E0F4DD0'),('9CA85D7B-5AAE-444B-B25B-28040109C376','','','33140',347,'464C2FFD-B0BD-4C91-B482-34B1F82EEB42','F9E7025A-47B1-4D52-A73B-C1D83E0F4DD0'),('9CAD7640-B4F8-4AE3-80AC-887E4BA1F2BF','','','67180',850,'464C2FFD-B0BD-4C91-B482-34B1F82EEB42','F9E7025A-47B1-4D52-A73B-C1D83E0F4DD0'),('9D5D1864-5BA3-4DF1-93B2-073456B6F73A','','','41130',482,'464C2FFD-B0BD-4C91-B482-34B1F82EEB42','F9E7025A-47B1-4D52-A73B-C1D83E0F4DD0'),('9D922AAF-FD20-405D-892C-6C1507437FA7','','','13160',80,'464C2FFD-B0BD-4C91-B482-34B1F82EEB42','F9E7025A-47B1-4D52-A73B-C1D83E0F4DD0'),('9E141870-A160-4D51-8B02-72C984733BF3','','','90280',1079,'464C2FFD-B0BD-4C91-B482-34B1F82EEB42','F9E7025A-47B1-4D52-A73B-C1D83E0F4DD0'),('9E34E9AA-127F-4E52-B7DB-3F8D16C0F264','','','94110',1132,'464C2FFD-B0BD-4C91-B482-34B1F82EEB42','F9E7025A-47B1-4D52-A73B-C1D83E0F4DD0'),('9E39BC38-B89B-4EFF-97FA-AF7AF10D3ABD','','','13290',78,'464C2FFD-B0BD-4C91-B482-34B1F82EEB42','F9E7025A-47B1-4D52-A73B-C1D83E0F4DD0'),('9F11CE20-BB4B-4397-9C5F-BC96FBE9AEBA','','','76150',932,'464C2FFD-B0BD-4C91-B482-34B1F82EEB42','F9E7025A-47B1-4D52-A73B-C1D83E0F4DD0'),('9F16DFC2-2440-4386-9E16-EA6DF147A57C','','','65160',820,'464C2FFD-B0BD-4C91-B482-34B1F82EEB42','F9E7025A-47B1-4D52-A73B-C1D83E0F4DD0'),('9FCFC268-8FC5-4C89-A400-457CF32C8481','','','62140',780,'464C2FFD-B0BD-4C91-B482-34B1F82EEB42','F9E7025A-47B1-4D52-A73B-C1D83E0F4DD0'),('9FD38A73-8636-4FBD-8A87-90E3CC48199B','','','46210',548,'464C2FFD-B0BD-4C91-B482-34B1F82EEB42','F9E7025A-47B1-4D52-A73B-C1D83E0F4DD0'),('9FF1518F-114F-42D4-9979-2ABF257ADF70','','','17130',138,'464C2FFD-B0BD-4C91-B482-34B1F82EEB42','F9E7025A-47B1-4D52-A73B-C1D83E0F4DD0'),('A0385A45-7CCB-4F0F-A88A-81EE9E66F4A6','','','65150',818,'464C2FFD-B0BD-4C91-B482-34B1F82EEB42','F9E7025A-47B1-4D52-A73B-C1D83E0F4DD0'),('A0B9FE5A-C50A-4DD7-A76D-5FF7DA2C9E52','','','32190',315,'464C2FFD-B0BD-4C91-B482-34B1F82EEB42','F9E7025A-47B1-4D52-A73B-C1D83E0F4DD0'),('A1087EA6-8D5E-48A8-8B3C-C4ED55EDFFE0','','','57260',729,'464C2FFD-B0BD-4C91-B482-34B1F82EEB42','F9E7025A-47B1-4D52-A73B-C1D83E0F4DD0'),('A18FFE47-643A-4A6F-A4B2-84597131FE66','','','30360',279,'464C2FFD-B0BD-4C91-B482-34B1F82EEB42','F9E7025A-47B1-4D52-A73B-C1D83E0F4DD0'),('A1C5A074-9B72-4A62-9A44-6DA545F05D31','','','40140',440,'464C2FFD-B0BD-4C91-B482-34B1F82EEB42','F9E7025A-47B1-4D52-A73B-C1D83E0F4DD0'),('A1D8BC5C-2CE8-447C-976C-59211A949F1C','','','46150',557,'464C2FFD-B0BD-4C91-B482-34B1F82EEB42','F9E7025A-47B1-4D52-A73B-C1D83E0F4DD0'),('A1F20CE0-8046-4500-86E2-76F0B74ABE08','','','10530',3,'464C2FFD-B0BD-4C91-B482-34B1F82EEB42','F9E7025A-47B1-4D52-A73B-C1D83E0F4DD0'),('A1F2219B-2A7D-4693-9712-E3D861558EF2','','','53160',671,'464C2FFD-B0BD-4C91-B482-34B1F82EEB42','F9E7025A-47B1-4D52-A73B-C1D83E0F4DD0'),('A2007FEB-CF91-47CB-89F6-D0AD4215361F','','','37180',412,'464C2FFD-B0BD-4C91-B482-34B1F82EEB42','F9E7025A-47B1-4D52-A73B-C1D83E0F4DD0'),('A296AF9B-9834-4348-930E-9926BE1643D0','','','45180',526,'464C2FFD-B0BD-4C91-B482-34B1F82EEB42','F9E7025A-47B1-4D52-A73B-C1D83E0F4DD0'),('A3145CFC-4353-4D3D-B029-D4367FE3D2E7','','','95110',1142,'464C2FFD-B0BD-4C91-B482-34B1F82EEB42','F9E7025A-47B1-4D52-A73B-C1D83E0F4DD0'),('A372A35D-3AEB-4215-94B0-9EEF4847D470','','','57210',737,'464C2FFD-B0BD-4C91-B482-34B1F82EEB42','F9E7025A-47B1-4D52-A73B-C1D83E0F4DD0'),('A3988B7B-AF6F-445C-BA7D-021B71B524E6','','','45220',534,'464C2FFD-B0BD-4C91-B482-34B1F82EEB42','F9E7025A-47B1-4D52-A73B-C1D83E0F4DD0'),('A3BC2162-7534-42BC-ADA0-6A5E5400515B','','','18110',140,'464C2FFD-B0BD-4C91-B482-34B1F82EEB42','F9E7025A-47B1-4D52-A73B-C1D83E0F4DD0'),('A3D0D61F-2372-4767-B2EB-7AA4B5553B7D','','','35180',384,'464C2FFD-B0BD-4C91-B482-34B1F82EEB42','F9E7025A-47B1-4D52-A73B-C1D83E0F4DD0'),('A3D3B2CF-8699-4A8C-90BF-3F57A000F59E','','','45000',541,'464C2FFD-B0BD-4C91-B482-34B1F82EEB42','F9E7025A-47B1-4D52-A73B-C1D83E0F4DD0'),('A3E99135-815C-42AE-81DD-19DA8E3D94BB','','','82110',999,'464C2FFD-B0BD-4C91-B482-34B1F82EEB42','F9E7025A-47B1-4D52-A73B-C1D83E0F4DD0'),('A4175EDC-5FC8-4E8A-8282-9F37380ED496','','','36180',405,'464C2FFD-B0BD-4C91-B482-34B1F82EEB42','F9E7025A-47B1-4D52-A73B-C1D83E0F4DD0'),('A4352113-1F33-4AEA-BDD0-8DAB26799283','','','43130',504,'464C2FFD-B0BD-4C91-B482-34B1F82EEB42','F9E7025A-47B1-4D52-A73B-C1D83E0F4DD0'),('A48B9DA6-444C-4EC8-8B7F-F28BB79AEBE8','','','33160',339,'464C2FFD-B0BD-4C91-B482-34B1F82EEB42','F9E7025A-47B1-4D52-A73B-C1D83E0F4DD0'),('A49194FE-AC9A-4069-8B2F-920426603B95','','','30260',254,'464C2FFD-B0BD-4C91-B482-34B1F82EEB42','F9E7025A-47B1-4D52-A73B-C1D83E0F4DD0'),('A4F31B1B-1ACE-4CC5-8DF7-8C5763252582','','','10400',26,'464C2FFD-B0BD-4C91-B482-34B1F82EEB42','F9E7025A-47B1-4D52-A73B-C1D83E0F4DD0'),('A54F5FFB-3510-4F18-B2AC-83FCD0AE8A9C','','','31000',290,'464C2FFD-B0BD-4C91-B482-34B1F82EEB42','F9E7025A-47B1-4D52-A73B-C1D83E0F4DD0'),('A55B50B5-F5F5-4148-AECD-A2421616AE74','','','13270',90,'464C2FFD-B0BD-4C91-B482-34B1F82EEB42','F9E7025A-47B1-4D52-A73B-C1D83E0F4DD0'),('A59EAD5D-6CDD-437D-9FEF-6FB026C2872A','','','82190',1000,'464C2FFD-B0BD-4C91-B482-34B1F82EEB42','F9E7025A-47B1-4D52-A73B-C1D83E0F4DD0'),('A65EB518-A7FB-43A0-80F0-C7D9E23218D3','','','12170',69,'464C2FFD-B0BD-4C91-B482-34B1F82EEB42','F9E7025A-47B1-4D52-A73B-C1D83E0F4DD0'),('A695A281-240F-4BCD-8C68-83EE6F214554','','','64000',797,'464C2FFD-B0BD-4C91-B482-34B1F82EEB42','F9E7025A-47B1-4D52-A73B-C1D83E0F4DD0'),('A6E80FF0-F26D-4654-A1DA-11B358BB2939','','','41380',481,'464C2FFD-B0BD-4C91-B482-34B1F82EEB42','F9E7025A-47B1-4D52-A73B-C1D83E0F4DD0'),('A6FA9C07-8A2E-4FCA-93CD-1727F8E45E9D','','','34130',363,'464C2FFD-B0BD-4C91-B482-34B1F82EEB42','F9E7025A-47B1-4D52-A73B-C1D83E0F4DD0'),('A8020562-F881-4030-A2EE-98718D9813D3','','','94180',1139,'464C2FFD-B0BD-4C91-B482-34B1F82EEB42','F9E7025A-47B1-4D52-A73B-C1D83E0F4DD0'),('A811D0E0-26F5-4E87-B222-9784497DAB40','','','31250',304,'464C2FFD-B0BD-4C91-B482-34B1F82EEB42','F9E7025A-47B1-4D52-A73B-C1D83E0F4DD0'),('A8780582-EE66-4113-950A-94608B883E2B','','','27210',242,'464C2FFD-B0BD-4C91-B482-34B1F82EEB42','F9E7025A-47B1-4D52-A73B-C1D83E0F4DD0'),('A8EFE9F0-089C-4954-AB9A-7790DA5CA0DB','','','50150',614,'464C2FFD-B0BD-4C91-B482-34B1F82EEB42','F9E7025A-47B1-4D52-A73B-C1D83E0F4DD0'),('A90316C8-534B-4766-9287-7C20717F698D','','','53120',673,'464C2FFD-B0BD-4C91-B482-34B1F82EEB42','F9E7025A-47B1-4D52-A73B-C1D83E0F4DD0'),('A9813800-173A-488D-BC5E-81A0D3B28997','','','80110',961,'464C2FFD-B0BD-4C91-B482-34B1F82EEB42','F9E7025A-47B1-4D52-A73B-C1D83E0F4DD0'),('A9A6A81B-47BD-433C-B5D9-5D9AD3D6F84D','','','17120',137,'464C2FFD-B0BD-4C91-B482-34B1F82EEB42','F9E7025A-47B1-4D52-A73B-C1D83E0F4DD0'),('A9FB8002-CCC0-4830-884F-5861EDA0F67A','','','42230',496,'464C2FFD-B0BD-4C91-B482-34B1F82EEB42','F9E7025A-47B1-4D52-A73B-C1D83E0F4DD0'),('AA4E4FFB-6B22-4485-B5A5-AC9263C66A6E','','','50210',625,'464C2FFD-B0BD-4C91-B482-34B1F82EEB42','F9E7025A-47B1-4D52-A73B-C1D83E0F4DD0'),('AA7F57AB-A946-41C9-AED5-2F20A676108A','','','94120',1124,'464C2FFD-B0BD-4C91-B482-34B1F82EEB42','F9E7025A-47B1-4D52-A73B-C1D83E0F4DD0'),('AA972BB4-3693-4007-81B3-2127E1195C78','','','34320',357,'464C2FFD-B0BD-4C91-B482-34B1F82EEB42','F9E7025A-47B1-4D52-A73B-C1D83E0F4DD0'),('AAD54B44-CE45-4A51-BB1F-87DD40A63A27','','','40220',439,'464C2FFD-B0BD-4C91-B482-34B1F82EEB42','F9E7025A-47B1-4D52-A73B-C1D83E0F4DD0'),('AB0FA8EF-8F96-40B0-A36E-4FDDECCAAC9B','','','52160',657,'464C2FFD-B0BD-4C91-B482-34B1F82EEB42','F9E7025A-47B1-4D52-A73B-C1D83E0F4DD0'),('AB3EE9A2-6FFB-47A3-ABC1-CB9E9C41AE8C','','','18000',139,'464C2FFD-B0BD-4C91-B482-34B1F82EEB42','F9E7025A-47B1-4D52-A73B-C1D83E0F4DD0'),('ABBAC1F7-1BA3-47B0-A2EE-3C939BD48B17','','','62120',781,'464C2FFD-B0BD-4C91-B482-34B1F82EEB42','F9E7025A-47B1-4D52-A73B-C1D83E0F4DD0'),('ABE8BF2C-0935-429D-A5AE-7D50D7736FAC','','','42110',488,'464C2FFD-B0BD-4C91-B482-34B1F82EEB42','F9E7025A-47B1-4D52-A73B-C1D83E0F4DD0'),('ABFD2E78-DB50-4B50-8152-BF3E6B652203','','','82180',1002,'464C2FFD-B0BD-4C91-B482-34B1F82EEB42','F9E7025A-47B1-4D52-A73B-C1D83E0F4DD0'),('AD5701FD-F0CB-48B1-A557-7EC6E5AF1C64','','','41130',469,'464C2FFD-B0BD-4C91-B482-34B1F82EEB42','F9E7025A-47B1-4D52-A73B-C1D83E0F4DD0'),('AD96DDC4-44A5-4ED3-99CB-812C52C73F9C','','','48150',593,'464C2FFD-B0BD-4C91-B482-34B1F82EEB42','F9E7025A-47B1-4D52-A73B-C1D83E0F4DD0'),('ADE7441F-6873-445D-ADD8-59A97F84B678','','','27160',243,'464C2FFD-B0BD-4C91-B482-34B1F82EEB42','F9E7025A-47B1-4D52-A73B-C1D83E0F4DD0'),('AE197870-5BA1-472C-BE75-3495638AEB0A','','','55220',698,'464C2FFD-B0BD-4C91-B482-34B1F82EEB42','F9E7025A-47B1-4D52-A73B-C1D83E0F4DD0'),('AE2B1DBE-701B-47A5-ADF7-0926D6EC167C','','','10160',22,'464C2FFD-B0BD-4C91-B482-34B1F82EEB42','F9E7025A-47B1-4D52-A73B-C1D83E0F4DD0'),('AE5EF566-D19B-43C9-B28C-76ECED999584','','','94180',1125,'464C2FFD-B0BD-4C91-B482-34B1F82EEB42','F9E7025A-47B1-4D52-A73B-C1D83E0F4DD0'),('AF08FD0C-9F85-46DE-AF84-168A9EAB9702','','','70190',881,'464C2FFD-B0BD-4C91-B482-34B1F82EEB42','F9E7025A-47B1-4D52-A73B-C1D83E0F4DD0'),('AF3C7A4A-22AE-442D-9C18-FFA1207E3EA8','','','15170',121,'464C2FFD-B0BD-4C91-B482-34B1F82EEB42','F9E7025A-47B1-4D52-A73B-C1D83E0F4DD0'),('AF56653D-CE0A-448A-AAD9-3B556F3A69AD','','','93190',1118,'464C2FFD-B0BD-4C91-B482-34B1F82EEB42','F9E7025A-47B1-4D52-A73B-C1D83E0F4DD0'),('B03597EA-D54D-4068-97F2-DBC8C20F513D','','','70190',866,'464C2FFD-B0BD-4C91-B482-34B1F82EEB42','F9E7025A-47B1-4D52-A73B-C1D83E0F4DD0'),('B08502DC-2288-4CCF-90B0-146F1AD8C6EF','','','30280',272,'464C2FFD-B0BD-4C91-B482-34B1F82EEB42','F9E7025A-47B1-4D52-A73B-C1D83E0F4DD0'),('B0AD9858-E861-4500-AEE3-D2A0425812E1','','','17000',129,'464C2FFD-B0BD-4C91-B482-34B1F82EEB42','F9E7025A-47B1-4D52-A73B-C1D83E0F4DD0'),('B10CAC42-73C0-40F8-8887-A8436A56A47F','','','86210',1052,'464C2FFD-B0BD-4C91-B482-34B1F82EEB42','F9E7025A-47B1-4D52-A73B-C1D83E0F4DD0'),('B13F280E-4EF8-4DA2-8277-8A3A8A683502','','','86150',1054,'464C2FFD-B0BD-4C91-B482-34B1F82EEB42','F9E7025A-47B1-4D52-A73B-C1D83E0F4DD0'),('B153C812-7F21-4905-9A7E-10FFAAB7E56F','','','47250',575,'464C2FFD-B0BD-4C91-B482-34B1F82EEB42','F9E7025A-47B1-4D52-A73B-C1D83E0F4DD0'),('B17350BD-FDC4-49FB-8D8A-85B4C3043CA2','','','41110',466,'464C2FFD-B0BD-4C91-B482-34B1F82EEB42','F9E7025A-47B1-4D52-A73B-C1D83E0F4DD0'),('B18FCDB0-566C-436E-B877-18C4F5BDFA33','','','71220',876,'464C2FFD-B0BD-4C91-B482-34B1F82EEB42','F9E7025A-47B1-4D52-A73B-C1D83E0F4DD0'),('B1B12A7A-5212-4909-BE4C-83E80C167838','','','50140',632,'464C2FFD-B0BD-4C91-B482-34B1F82EEB42','F9E7025A-47B1-4D52-A73B-C1D83E0F4DD0'),('B1B7AE65-354D-45C2-899F-9D05BC0F60A4','','','92160',1107,'464C2FFD-B0BD-4C91-B482-34B1F82EEB42','F9E7025A-47B1-4D52-A73B-C1D83E0F4DD0'),('B1FA695E-4173-438B-AD21-71FAFF8DB91A','','','61130',770,'464C2FFD-B0BD-4C91-B482-34B1F82EEB42','F9E7025A-47B1-4D52-A73B-C1D83E0F4DD0'),('B22CE720-D38E-4A20-B00C-201C30265E07','','','73190',913,'464C2FFD-B0BD-4C91-B482-34B1F82EEB42','F9E7025A-47B1-4D52-A73B-C1D83E0F4DD0'),('B32D180E-033A-4803-9F44-2C896DE80086','','','44130',521,'464C2FFD-B0BD-4C91-B482-34B1F82EEB42','F9E7025A-47B1-4D52-A73B-C1D83E0F4DD0'),('B39088B3-BB37-4FBD-8922-7C5E2DC8E3AF','','','90180',1069,'464C2FFD-B0BD-4C91-B482-34B1F82EEB42','F9E7025A-47B1-4D52-A73B-C1D83E0F4DD0'),('B3A2F4F4-8FF2-47C8-A863-4826B5717BBC','','','77110',946,'464C2FFD-B0BD-4C91-B482-34B1F82EEB42','F9E7025A-47B1-4D52-A73B-C1D83E0F4DD0'),('B4A3A3D3-1563-4F89-AFC6-D253A525B5F8','','','34160',359,'464C2FFD-B0BD-4C91-B482-34B1F82EEB42','F9E7025A-47B1-4D52-A73B-C1D83E0F4DD0'),('B4C4A3BA-F860-4932-9722-2FA6167C386F','','','24110',212,'464C2FFD-B0BD-4C91-B482-34B1F82EEB42','F9E7025A-47B1-4D52-A73B-C1D83E0F4DD0'),('B4D77428-EFD1-42D8-8B4D-E0F60365E35C','','','62110',782,'464C2FFD-B0BD-4C91-B482-34B1F82EEB42','F9E7025A-47B1-4D52-A73B-C1D83E0F4DD0'),('B5833540-65A7-4D1F-BCE3-61135816FA2D','','','40240',436,'464C2FFD-B0BD-4C91-B482-34B1F82EEB42','F9E7025A-47B1-4D52-A73B-C1D83E0F4DD0'),('B5CA2A92-7690-4C3E-BF5D-0BB4A575115E','','','10550',54,'464C2FFD-B0BD-4C91-B482-34B1F82EEB42','F9E7025A-47B1-4D52-A73B-C1D83E0F4DD0'),('B5DB3D53-5E9E-44F0-AB25-5824DE3AF41B','','','41150',478,'464C2FFD-B0BD-4C91-B482-34B1F82EEB42','F9E7025A-47B1-4D52-A73B-C1D83E0F4DD0'),('B5F5FB92-2F29-42A2-9172-4BBD74AB117A','','','67000',842,'464C2FFD-B0BD-4C91-B482-34B1F82EEB42','F9E7025A-47B1-4D52-A73B-C1D83E0F4DD0'),('B6330EF0-DB01-4A81-97AE-95B8A0EFBAF6','','','80140',965,'464C2FFD-B0BD-4C91-B482-34B1F82EEB42','F9E7025A-47B1-4D52-A73B-C1D83E0F4DD0'),('B660D266-7371-4744-A28C-C7AA2BA11F4C','','','25150',231,'464C2FFD-B0BD-4C91-B482-34B1F82EEB42','F9E7025A-47B1-4D52-A73B-C1D83E0F4DD0'),('B6A2BE56-28DC-44CC-B9C6-CBEDF5002768','','','31170',313,'464C2FFD-B0BD-4C91-B482-34B1F82EEB42','F9E7025A-47B1-4D52-A73B-C1D83E0F4DD0'),('B6E4CB78-11B9-4237-A34E-8EABBAF0D826','','','92120',1109,'464C2FFD-B0BD-4C91-B482-34B1F82EEB42','F9E7025A-47B1-4D52-A73B-C1D83E0F4DD0'),('B74ADBC6-39BA-46BF-A1AD-DA4139635996','','','60150',763,'464C2FFD-B0BD-4C91-B482-34B1F82EEB42','F9E7025A-47B1-4D52-A73B-C1D83E0F4DD0'),('B77168B8-C5C3-4009-A3E8-9F100D927C77','','','51120',648,'464C2FFD-B0BD-4C91-B482-34B1F82EEB42','F9E7025A-47B1-4D52-A73B-C1D83E0F4DD0'),('B7C2B095-1585-4C4C-BE87-0078914C2EB3','','','15180',115,'464C2FFD-B0BD-4C91-B482-34B1F82EEB42','F9E7025A-47B1-4D52-A73B-C1D83E0F4DD0'),('B875B68F-1431-4801-8983-454DF276BBE4','','','80000',977,'464C2FFD-B0BD-4C91-B482-34B1F82EEB42','F9E7025A-47B1-4D52-A73B-C1D83E0F4DD0'),('B894E8B6-9CB6-4F72-A98B-17B391AEF9CD','','','75000',923,'464C2FFD-B0BD-4C91-B482-34B1F82EEB42','F9E7025A-47B1-4D52-A73B-C1D83E0F4DD0'),('B8A4A4FB-38B3-4FF2-B112-E3B9B15F6461','','','67160',854,'464C2FFD-B0BD-4C91-B482-34B1F82EEB42','F9E7025A-47B1-4D52-A73B-C1D83E0F4DD0'),('B8DDC1B6-DFA2-4298-867B-0E5DD5CAA21A','','','64120',805,'464C2FFD-B0BD-4C91-B482-34B1F82EEB42','F9E7025A-47B1-4D52-A73B-C1D83E0F4DD0'),('B980A5B4-6DAB-47EE-8FD3-DDAB6F91CCC7','','','50340',628,'464C2FFD-B0BD-4C91-B482-34B1F82EEB42','F9E7025A-47B1-4D52-A73B-C1D83E0F4DD0'),('B996EA7D-FD61-4AAA-9BD4-347C6ED5265F','','','53110',669,'464C2FFD-B0BD-4C91-B482-34B1F82EEB42','F9E7025A-47B1-4D52-A73B-C1D83E0F4DD0'),('B9DE9CCA-EE85-408F-AABD-F2B129DF7B92','','','33150',338,'464C2FFD-B0BD-4C91-B482-34B1F82EEB42','F9E7025A-47B1-4D52-A73B-C1D83E0F4DD0'),('B9EE63DE-B604-42FC-B8F6-77A64A12B9B0','','','91150',1087,'464C2FFD-B0BD-4C91-B482-34B1F82EEB42','F9E7025A-47B1-4D52-A73B-C1D83E0F4DD0'),('BB1D1439-4E68-426E-B998-1D32C5935030','','','50170',612,'464C2FFD-B0BD-4C91-B482-34B1F82EEB42','F9E7025A-47B1-4D52-A73B-C1D83E0F4DD0'),('BB5D8DEB-4103-4BC2-9F21-7C0C67FA6656','','','52180',659,'464C2FFD-B0BD-4C91-B482-34B1F82EEB42','F9E7025A-47B1-4D52-A73B-C1D83E0F4DD0'),('BBB7291B-26C4-42EB-BD89-AAD6723C0E90','','','44000',510,'464C2FFD-B0BD-4C91-B482-34B1F82EEB42','F9E7025A-47B1-4D52-A73B-C1D83E0F4DD0'),('BBF82648-A2C5-483F-9802-3AEF4B1EA669','','','72230',893,'464C2FFD-B0BD-4C91-B482-34B1F82EEB42','F9E7025A-47B1-4D52-A73B-C1D83E0F4DD0'),('BC3B4B08-D041-456F-B09C-C5D487C8DB72','','','83000',1004,'464C2FFD-B0BD-4C91-B482-34B1F82EEB42','F9E7025A-47B1-4D52-A73B-C1D83E0F4DD0'),('BC784AAC-DD93-443F-8454-8A57A91CD9FA','','','15210',104,'464C2FFD-B0BD-4C91-B482-34B1F82EEB42','F9E7025A-47B1-4D52-A73B-C1D83E0F4DD0'),('BC86E330-A79E-4FE3-855F-7F2C9F51FB5B','','','60230',753,'464C2FFD-B0BD-4C91-B482-34B1F82EEB42','F9E7025A-47B1-4D52-A73B-C1D83E0F4DD0'),('BCA8B7B5-0DBD-4CF7-9498-1C1A78D61ECE','','','92210',1102,'464C2FFD-B0BD-4C91-B482-34B1F82EEB42','F9E7025A-47B1-4D52-A73B-C1D83E0F4DD0'),('BCC2CC0D-98A9-4647-B44E-187E481AF886','','','47240',579,'464C2FFD-B0BD-4C91-B482-34B1F82EEB42','F9E7025A-47B1-4D52-A73B-C1D83E0F4DD0'),('BD27940B-8DB1-4199-8C77-D7C47E022E66','','','73150',911,'464C2FFD-B0BD-4C91-B482-34B1F82EEB42','F9E7025A-47B1-4D52-A73B-C1D83E0F4DD0'),('BD757845-794E-448F-8269-4E4D8262F771','','','37210',410,'464C2FFD-B0BD-4C91-B482-34B1F82EEB42','F9E7025A-47B1-4D52-A73B-C1D83E0F4DD0'),('BD7923C1-2BC7-4FFE-8EF3-5F1C53562F95','','','33210',342,'464C2FFD-B0BD-4C91-B482-34B1F82EEB42','F9E7025A-47B1-4D52-A73B-C1D83E0F4DD0'),('BE092E57-8976-4CAA-AB68-F02475B2E96D','','','30130',154,'464C2FFD-B0BD-4C91-B482-34B1F82EEB42','F9E7025A-47B1-4D52-A73B-C1D83E0F4DD0'),('BE547BBC-9C20-4E89-A7A6-6825131B0BB1','','','84210',1034,'464C2FFD-B0BD-4C91-B482-34B1F82EEB42','F9E7025A-47B1-4D52-A73B-C1D83E0F4DD0'),('BE79AF82-E028-43BB-A223-7E9FE998AF36','','','72130',903,'464C2FFD-B0BD-4C91-B482-34B1F82EEB42','F9E7025A-47B1-4D52-A73B-C1D83E0F4DD0'),('BE88F195-9813-4BCF-B40F-1DFF8CA1E367','','','41260',479,'464C2FFD-B0BD-4C91-B482-34B1F82EEB42','F9E7025A-47B1-4D52-A73B-C1D83E0F4DD0'),('BE9D0F7E-6FC4-46FB-9282-DA168C863726','','','82000',993,'464C2FFD-B0BD-4C91-B482-34B1F82EEB42','F9E7025A-47B1-4D52-A73B-C1D83E0F4DD0'),('BF22F550-082D-4A36-BF42-D09D99DA9AEE','','','10510',46,'464C2FFD-B0BD-4C91-B482-34B1F82EEB42','F9E7025A-47B1-4D52-A73B-C1D83E0F4DD0'),('BFD83021-66F8-43F1-B487-8CC7C1522959','','','25000',226,'464C2FFD-B0BD-4C91-B482-34B1F82EEB42','F9E7025A-47B1-4D52-A73B-C1D83E0F4DD0'),('BFF6BD8D-F4ED-475D-8CD7-3A6B4727F8E6','','','57110',738,'464C2FFD-B0BD-4C91-B482-34B1F82EEB42','F9E7025A-47B1-4D52-A73B-C1D83E0F4DD0'),('C01DDB09-B141-4361-BCF2-FCEC7B18B3ED','','','20180',170,'464C2FFD-B0BD-4C91-B482-34B1F82EEB42','F9E7025A-47B1-4D52-A73B-C1D83E0F4DD0'),('C0217023-2F27-4528-8BEC-BF92C9721E3E','','','96130',1163,'464C2FFD-B0BD-4C91-B482-34B1F82EEB42','F9E7025A-47B1-4D52-A73B-C1D83E0F4DD0'),('C02CAE9C-9072-458F-8155-82338C4D3BDD','','','49150',603,'464C2FFD-B0BD-4C91-B482-34B1F82EEB42','F9E7025A-47B1-4D52-A73B-C1D83E0F4DD0'),('C084CED2-6CFD-4907-AE5D-1BCED6BBE930','','','24180',217,'464C2FFD-B0BD-4C91-B482-34B1F82EEB42','F9E7025A-47B1-4D52-A73B-C1D83E0F4DD0'),('C0A37727-456A-493C-B1CF-1B31991C9758','','','70120',868,'464C2FFD-B0BD-4C91-B482-34B1F82EEB42','F9E7025A-47B1-4D52-A73B-C1D83E0F4DD0'),('C1276550-7EC5-4484-9BE8-FCC48C89685A','','','34340',370,'464C2FFD-B0BD-4C91-B482-34B1F82EEB42','F9E7025A-47B1-4D52-A73B-C1D83E0F4DD0'),('C1757EDC-279E-4457-8ABD-494FF80514C5','','','22170',201,'464C2FFD-B0BD-4C91-B482-34B1F82EEB42','F9E7025A-47B1-4D52-A73B-C1D83E0F4DD0'),('C187AC1F-AF44-417B-9D11-1372EF7BBEB7','','','71220',878,'464C2FFD-B0BD-4C91-B482-34B1F82EEB42','F9E7025A-47B1-4D52-A73B-C1D83E0F4DD0'),('C1DC49AF-F5B8-4F96-9845-C4885F8E5E19','','','20130',160,'464C2FFD-B0BD-4C91-B482-34B1F82EEB42','F9E7025A-47B1-4D52-A73B-C1D83E0F4DD0'),('C1E26955-3B88-46F0-98C3-09023AC2C90E','','','34190',366,'464C2FFD-B0BD-4C91-B482-34B1F82EEB42','F9E7025A-47B1-4D52-A73B-C1D83E0F4DD0'),('C1F6C660-F9F9-4BB7-BB5E-E6333BE400E4','','','53230',677,'464C2FFD-B0BD-4C91-B482-34B1F82EEB42','F9E7025A-47B1-4D52-A73B-C1D83E0F4DD0'),('C21D3387-8036-4498-B301-92AB9FF5B055','','','85110',1042,'464C2FFD-B0BD-4C91-B482-34B1F82EEB42','F9E7025A-47B1-4D52-A73B-C1D83E0F4DD0'),('C2696A1D-6E2B-4BAE-89DA-23CD3AEE886D','','','92140',1095,'464C2FFD-B0BD-4C91-B482-34B1F82EEB42','F9E7025A-47B1-4D52-A73B-C1D83E0F4DD0'),('C27F79AE-D008-47AE-A85B-F9FE7E1FF7ED','','','43000',500,'464C2FFD-B0BD-4C91-B482-34B1F82EEB42','F9E7025A-47B1-4D52-A73B-C1D83E0F4DD0'),('C3292E0A-D74F-4AA5-A49D-73118FA6AB68','','','64210',799,'464C2FFD-B0BD-4C91-B482-34B1F82EEB42','F9E7025A-47B1-4D52-A73B-C1D83E0F4DD0'),('C4159A8E-8E57-40AC-ADBA-0BB5583D1182','','','63150',792,'464C2FFD-B0BD-4C91-B482-34B1F82EEB42','F9E7025A-47B1-4D52-A73B-C1D83E0F4DD0'),('C495F864-B1F4-45F9-8FC5-75B62E6A8CF0','','','13130',75,'464C2FFD-B0BD-4C91-B482-34B1F82EEB42','F9E7025A-47B1-4D52-A73B-C1D83E0F4DD0'),('C4ACBB34-501E-4CDC-B2C2-0FCA4ABB4F1B','','','84240',1030,'464C2FFD-B0BD-4C91-B482-34B1F82EEB42','F9E7025A-47B1-4D52-A73B-C1D83E0F4DD0'),('C506DC52-4E12-4557-A6FA-284765311535','','','91130',1086,'464C2FFD-B0BD-4C91-B482-34B1F82EEB42','F9E7025A-47B1-4D52-A73B-C1D83E0F4DD0'),('C5236873-CE0B-4B6A-B682-29DDA2CDF6CB','','','70180',862,'464C2FFD-B0BD-4C91-B482-34B1F82EEB42','F9E7025A-47B1-4D52-A73B-C1D83E0F4DD0'),('C52D76ED-C315-4F6D-AA9B-E826F3596D33','','','32000',314,'464C2FFD-B0BD-4C91-B482-34B1F82EEB42','F9E7025A-47B1-4D52-A73B-C1D83E0F4DD0'),('C5B039C6-840E-4B00-A606-605B238FB464','','','84340',1016,'464C2FFD-B0BD-4C91-B482-34B1F82EEB42','F9E7025A-47B1-4D52-A73B-C1D83E0F4DD0'),('C60EDB76-6A72-4EBF-BDDF-F1832645D662','','','90220',1077,'464C2FFD-B0BD-4C91-B482-34B1F82EEB42','F9E7025A-47B1-4D52-A73B-C1D83E0F4DD0'),('C62DB8E4-2C65-48AF-A170-F6E3E1B4D82E','','','21210',183,'464C2FFD-B0BD-4C91-B482-34B1F82EEB42','F9E7025A-47B1-4D52-A73B-C1D83E0F4DD0'),('C64BDFCB-0F39-4967-A895-6025F01B1F8C','','','45000',523,'464C2FFD-B0BD-4C91-B482-34B1F82EEB42','F9E7025A-47B1-4D52-A73B-C1D83E0F4DD0'),('C675538F-ED15-4752-BEFF-C478E4359EAF','','','57000',711,'464C2FFD-B0BD-4C91-B482-34B1F82EEB42','F9E7025A-47B1-4D52-A73B-C1D83E0F4DD0'),('C68C4AEF-BE1A-4CDB-8265-165C15E969BB','','','73120',910,'464C2FFD-B0BD-4C91-B482-34B1F82EEB42','F9E7025A-47B1-4D52-A73B-C1D83E0F4DD0'),('C7022D66-DE2E-46ED-A8AC-988D5965A2CD','','','21130',178,'464C2FFD-B0BD-4C91-B482-34B1F82EEB42','F9E7025A-47B1-4D52-A73B-C1D83E0F4DD0'),('C70CC077-4ABB-4F9E-B10D-4BC0F4883312','','','66140',833,'464C2FFD-B0BD-4C91-B482-34B1F82EEB42','F9E7025A-47B1-4D52-A73B-C1D83E0F4DD0'),('C724A882-3BBF-427B-A0DA-CF5AAC512C7C','','','57100',712,'464C2FFD-B0BD-4C91-B482-34B1F82EEB42','F9E7025A-47B1-4D52-A73B-C1D83E0F4DD0'),('C73A5636-B0F0-4DD0-ACBF-4AC36059602C','','','40230',448,'464C2FFD-B0BD-4C91-B482-34B1F82EEB42','F9E7025A-47B1-4D52-A73B-C1D83E0F4DD0'),('C79C738B-1AAF-435F-9B27-D39692A4ACB2','','','47180',568,'464C2FFD-B0BD-4C91-B482-34B1F82EEB42','F9E7025A-47B1-4D52-A73B-C1D83E0F4DD0'),('C7A6CF25-FC6E-43BD-AFC3-6F695FFBD0C4','','','90230',1081,'464C2FFD-B0BD-4C91-B482-34B1F82EEB42','F9E7025A-47B1-4D52-A73B-C1D83E0F4DD0'),('C8320FF0-94B2-4AB8-B37A-A36C53EC9098','','','38150',419,'464C2FFD-B0BD-4C91-B482-34B1F82EEB42','F9E7025A-47B1-4D52-A73B-C1D83E0F4DD0'),('C844A279-6738-49E4-AB09-354E9F15F12A','','','62000',787,'464C2FFD-B0BD-4C91-B482-34B1F82EEB42','F9E7025A-47B1-4D52-A73B-C1D83E0F4DD0'),('C84B0788-3912-41FA-89EA-7B59AB2AB9AF','','','56110',704,'464C2FFD-B0BD-4C91-B482-34B1F82EEB42','F9E7025A-47B1-4D52-A73B-C1D83E0F4DD0'),('C862CD80-A196-43FA-91A0-6F43C33B2E4E','','','31000',310,'464C2FFD-B0BD-4C91-B482-34B1F82EEB42','F9E7025A-47B1-4D52-A73B-C1D83E0F4DD0'),('C899C80E-D4CA-40FE-B9CC-DC0F9CEF8FBC','','','25220',230,'464C2FFD-B0BD-4C91-B482-34B1F82EEB42','F9E7025A-47B1-4D52-A73B-C1D83E0F4DD0'),('C8B46778-56AD-4EDB-9816-49A3E5FFA850','','','80320',952,'464C2FFD-B0BD-4C91-B482-34B1F82EEB42','F9E7025A-47B1-4D52-A73B-C1D83E0F4DD0'),('C8E86711-B429-4C9D-8359-48A17C6AB7F3','','','30350',255,'464C2FFD-B0BD-4C91-B482-34B1F82EEB42','F9E7025A-47B1-4D52-A73B-C1D83E0F4DD0'),('C91E92F6-5A26-4E78-BFD9-F543057B3206','','','13260',76,'464C2FFD-B0BD-4C91-B482-34B1F82EEB42','F9E7025A-47B1-4D52-A73B-C1D83E0F4DD0'),('C9E82A09-2D54-42EF-9115-83C917014D0B','','','57000',736,'464C2FFD-B0BD-4C91-B482-34B1F82EEB42','F9E7025A-47B1-4D52-A73B-C1D83E0F4DD0'),('C9F0C9B5-1F59-46A8-81F5-F347445A3C8B','','','66140',840,'464C2FFD-B0BD-4C91-B482-34B1F82EEB42','F9E7025A-47B1-4D52-A73B-C1D83E0F4DD0'),('C9F8B9BD-5D1E-44F2-BA60-729E6E39A55D','','','85130',1039,'464C2FFD-B0BD-4C91-B482-34B1F82EEB42','F9E7025A-47B1-4D52-A73B-C1D83E0F4DD0'),('CA23963E-9266-4797-99F3-08DDA0E3F6C5','','','60240',747,'464C2FFD-B0BD-4C91-B482-34B1F82EEB42','F9E7025A-47B1-4D52-A73B-C1D83E0F4DD0'),('CA4DCCBC-9D38-4019-86B5-B50346A1C258','','','15140',105,'464C2FFD-B0BD-4C91-B482-34B1F82EEB42','F9E7025A-47B1-4D52-A73B-C1D83E0F4DD0'),('CABFEA46-4B40-43C7-A2EC-26F64D7500A7','','','30140',273,'464C2FFD-B0BD-4C91-B482-34B1F82EEB42','F9E7025A-47B1-4D52-A73B-C1D83E0F4DD0'),('CB12A569-4BFB-421B-B38D-02FC21A44A3E','','','55160',699,'464C2FFD-B0BD-4C91-B482-34B1F82EEB42','F9E7025A-47B1-4D52-A73B-C1D83E0F4DD0'),('CB17D6C1-7F0C-4D82-8222-B54F01154E57','','','45120',532,'464C2FFD-B0BD-4C91-B482-34B1F82EEB42','F9E7025A-47B1-4D52-A73B-C1D83E0F4DD0'),('CB1B2CA4-C2FF-44B9-884F-A2BD7D5C59C5','','','44210',520,'464C2FFD-B0BD-4C91-B482-34B1F82EEB42','F9E7025A-47B1-4D52-A73B-C1D83E0F4DD0'),('CB764507-7B31-45AE-AE9A-44F53AD05391','','','30160',261,'464C2FFD-B0BD-4C91-B482-34B1F82EEB42','F9E7025A-47B1-4D52-A73B-C1D83E0F4DD0'),('CBA708BE-DC39-4D83-8742-602B26D53F7B','','','46160',550,'464C2FFD-B0BD-4C91-B482-34B1F82EEB42','F9E7025A-47B1-4D52-A73B-C1D83E0F4DD0'),('CC78A9E8-3D17-4B01-8198-295B58C4A325','','','57230',716,'464C2FFD-B0BD-4C91-B482-34B1F82EEB42','F9E7025A-47B1-4D52-A73B-C1D83E0F4DD0'),('CCAB88BE-944B-4280-8F5F-B0F2390FA4DF','','','35120',388,'464C2FFD-B0BD-4C91-B482-34B1F82EEB42','F9E7025A-47B1-4D52-A73B-C1D83E0F4DD0'),('CCBA1FF4-9D05-45CD-AB61-3C58231600F8','','','81110',989,'464C2FFD-B0BD-4C91-B482-34B1F82EEB42','F9E7025A-47B1-4D52-A73B-C1D83E0F4DD0'),('CD3F0BB6-E8BC-433D-B4C2-396B7E128AC1','','','30410',277,'464C2FFD-B0BD-4C91-B482-34B1F82EEB42','F9E7025A-47B1-4D52-A73B-C1D83E0F4DD0'),('CD4287F6-D94E-4256-9AD2-27FF8742ED24','','','90140',1067,'464C2FFD-B0BD-4C91-B482-34B1F82EEB42','F9E7025A-47B1-4D52-A73B-C1D83E0F4DD0'),('CDD2E7A9-FC63-47B8-A3BD-340B9D6AB846','','','86190',1049,'464C2FFD-B0BD-4C91-B482-34B1F82EEB42','F9E7025A-47B1-4D52-A73B-C1D83E0F4DD0'),('CDD39C0E-3BE4-490E-B000-006B61F9543E','','','21000',174,'464C2FFD-B0BD-4C91-B482-34B1F82EEB42','F9E7025A-47B1-4D52-A73B-C1D83E0F4DD0'),('CDD493E0-C3B3-491C-8226-DCAC3E14604A','','','40110',444,'464C2FFD-B0BD-4C91-B482-34B1F82EEB42','F9E7025A-47B1-4D52-A73B-C1D83E0F4DD0'),('CE6B39DF-A01B-44DF-8A3D-4110EA9BC236','','','40150',450,'464C2FFD-B0BD-4C91-B482-34B1F82EEB42','F9E7025A-47B1-4D52-A73B-C1D83E0F4DD0'),('CF036EC1-2450-4319-AF6C-9D86B2E9CBE8','','','42140',493,'464C2FFD-B0BD-4C91-B482-34B1F82EEB42','F9E7025A-47B1-4D52-A73B-C1D83E0F4DD0'),('CF12A904-4518-4DB0-A405-E8C6DFE0A0DC','','','66160',837,'464C2FFD-B0BD-4C91-B482-34B1F82EEB42','F9E7025A-47B1-4D52-A73B-C1D83E0F4DD0'),('CF20EF23-E87D-48B4-89FB-B00C0BFD1A95','','','55130',694,'464C2FFD-B0BD-4C91-B482-34B1F82EEB42','F9E7025A-47B1-4D52-A73B-C1D83E0F4DD0'),('CF5815DA-01B4-41E7-BAA6-A2BF3B1697DC','','','67150',845,'464C2FFD-B0BD-4C91-B482-34B1F82EEB42','F9E7025A-47B1-4D52-A73B-C1D83E0F4DD0'),('CFC6B6AE-666B-404B-A6DF-757AB8F467C6','','','34000',372,'464C2FFD-B0BD-4C91-B482-34B1F82EEB42','F9E7025A-47B1-4D52-A73B-C1D83E0F4DD0'),('CFE2C057-E891-424E-96A5-5092E14A14A7','','','38000',423,'464C2FFD-B0BD-4C91-B482-34B1F82EEB42','F9E7025A-47B1-4D52-A73B-C1D83E0F4DD0'),('D070C648-6FF1-4AC9-AE09-FD47660E11A8','','','94170',1126,'464C2FFD-B0BD-4C91-B482-34B1F82EEB42','F9E7025A-47B1-4D52-A73B-C1D83E0F4DD0'),('D0FBFDC1-653D-436A-98E9-1A69897EA08C','','','47290',583,'464C2FFD-B0BD-4C91-B482-34B1F82EEB42','F9E7025A-47B1-4D52-A73B-C1D83E0F4DD0'),('D12334E1-2989-41AD-BA48-0566A77E0718','','','64140',800,'464C2FFD-B0BD-4C91-B482-34B1F82EEB42','F9E7025A-47B1-4D52-A73B-C1D83E0F4DD0'),('D1A51999-A6AF-4AFB-8714-E626771DABFD','','','10100',8,'464C2FFD-B0BD-4C91-B482-34B1F82EEB42','F9E7025A-47B1-4D52-A73B-C1D83E0F4DD0'),('D1C8442F-63EC-4E92-8619-9BD6895FFF74','','','38220',421,'464C2FFD-B0BD-4C91-B482-34B1F82EEB42','F9E7025A-47B1-4D52-A73B-C1D83E0F4DD0'),('D20D64E4-58D3-444D-9A7A-B6E631B64B4F','','','15240',117,'464C2FFD-B0BD-4C91-B482-34B1F82EEB42','F9E7025A-47B1-4D52-A73B-C1D83E0F4DD0'),('D23C2BEF-9335-4C5E-8455-EFDC03487DE8','','','81160',990,'464C2FFD-B0BD-4C91-B482-34B1F82EEB42','F9E7025A-47B1-4D52-A73B-C1D83E0F4DD0'),('D25D18E1-BE85-400A-B8D8-AF6931D248CE','','','45280',539,'464C2FFD-B0BD-4C91-B482-34B1F82EEB42','F9E7025A-47B1-4D52-A73B-C1D83E0F4DD0'),('D28700C0-86BB-4AA3-94A8-A9C3E9DE7BBC','','','60210',755,'464C2FFD-B0BD-4C91-B482-34B1F82EEB42','F9E7025A-47B1-4D52-A73B-C1D83E0F4DD0'),('D2933200-6828-4456-B461-A413959CCAD7','','','62190',784,'464C2FFD-B0BD-4C91-B482-34B1F82EEB42','F9E7025A-47B1-4D52-A73B-C1D83E0F4DD0'),('D2C63C7C-A09F-485B-897F-7F988C78AFB9','','','24120',220,'464C2FFD-B0BD-4C91-B482-34B1F82EEB42','F9E7025A-47B1-4D52-A73B-C1D83E0F4DD0'),('D2DEC1F4-3304-4051-A484-323717608B4A','','','12150',72,'464C2FFD-B0BD-4C91-B482-34B1F82EEB42','F9E7025A-47B1-4D52-A73B-C1D83E0F4DD0'),('D2F2FB1E-F80A-459E-8938-8E1EAE522B10','','','66130',838,'464C2FFD-B0BD-4C91-B482-34B1F82EEB42','F9E7025A-47B1-4D52-A73B-C1D83E0F4DD0'),('D30031DC-569C-40B0-9C1B-86485FD1D60B','','','42210',487,'464C2FFD-B0BD-4C91-B482-34B1F82EEB42','F9E7025A-47B1-4D52-A73B-C1D83E0F4DD0'),('D35C3683-0120-4DCF-A093-8736D0134097','','','47180',585,'464C2FFD-B0BD-4C91-B482-34B1F82EEB42','F9E7025A-47B1-4D52-A73B-C1D83E0F4DD0'),('D3B883B9-93D2-42ED-BD38-B3FAF49DF449','','','65180',819,'464C2FFD-B0BD-4C91-B482-34B1F82EEB42','F9E7025A-47B1-4D52-A73B-C1D83E0F4DD0'),('D3CD102F-3BFD-4E9E-BE45-C39B04694BB5','','','10210',41,'464C2FFD-B0BD-4C91-B482-34B1F82EEB42','F9E7025A-47B1-4D52-A73B-C1D83E0F4DD0'),('D45047C7-8834-4B5B-BD96-2439C3F819BC','','','62180',778,'464C2FFD-B0BD-4C91-B482-34B1F82EEB42','F9E7025A-47B1-4D52-A73B-C1D83E0F4DD0'),('D4C3F080-5A3B-4BC8-917E-ABB7062644D2','','','46180',554,'464C2FFD-B0BD-4C91-B482-34B1F82EEB42','F9E7025A-47B1-4D52-A73B-C1D83E0F4DD0'),('D4FC8B7C-E515-464B-98BE-96D8F8F493DE','','','30380',271,'464C2FFD-B0BD-4C91-B482-34B1F82EEB42','F9E7025A-47B1-4D52-A73B-C1D83E0F4DD0'),('D51C16F8-C2A7-488C-BBD6-BFED2C84C897','','','50110',619,'464C2FFD-B0BD-4C91-B482-34B1F82EEB42','F9E7025A-47B1-4D52-A73B-C1D83E0F4DD0'),('D54C55E0-9F44-419C-A187-A40721B20AC1','','','45250',537,'464C2FFD-B0BD-4C91-B482-34B1F82EEB42','F9E7025A-47B1-4D52-A73B-C1D83E0F4DD0'),('D5927FB6-AE25-4EDD-B21C-644CB0957CC2','','','57150',724,'464C2FFD-B0BD-4C91-B482-34B1F82EEB42','F9E7025A-47B1-4D52-A73B-C1D83E0F4DD0'),('D5F1875D-E4B1-4EF2-A65E-F0B3300785A1','','','67170',851,'464C2FFD-B0BD-4C91-B482-34B1F82EEB42','F9E7025A-47B1-4D52-A73B-C1D83E0F4DD0'),('D64428D0-B7E8-4B0E-91DD-AF514C6487F7','','','10310',45,'464C2FFD-B0BD-4C91-B482-34B1F82EEB42','F9E7025A-47B1-4D52-A73B-C1D83E0F4DD0'),('D64CFC7B-813E-4D63-81C0-22030F0F22D5','','','67250',843,'464C2FFD-B0BD-4C91-B482-34B1F82EEB42','F9E7025A-47B1-4D52-A73B-C1D83E0F4DD0'),('D6B423A0-FB8E-4652-96A8-AC04392BDBCF','','','80310',962,'464C2FFD-B0BD-4C91-B482-34B1F82EEB42','F9E7025A-47B1-4D52-A73B-C1D83E0F4DD0'),('D7A746ED-5ABE-42AE-8FEC-3C5061ED463A','','','10260',9,'464C2FFD-B0BD-4C91-B482-34B1F82EEB42','F9E7025A-47B1-4D52-A73B-C1D83E0F4DD0'),('D7C39187-2B3C-4B1B-AA27-C51BCBF05CD6','','','67240',857,'464C2FFD-B0BD-4C91-B482-34B1F82EEB42','F9E7025A-47B1-4D52-A73B-C1D83E0F4DD0'),('D8530B52-FCF6-4628-882E-D6B9D40E038B','','','15230',110,'464C2FFD-B0BD-4C91-B482-34B1F82EEB42','F9E7025A-47B1-4D52-A73B-C1D83E0F4DD0'),('D8DB4C2A-3DB4-43F2-8F04-B5CEFBFC926C','','','63160',794,'464C2FFD-B0BD-4C91-B482-34B1F82EEB42','F9E7025A-47B1-4D52-A73B-C1D83E0F4DD0'),('D8E764E4-47B0-46AE-B244-0CA30B8B10DB','','','65130',821,'464C2FFD-B0BD-4C91-B482-34B1F82EEB42','F9E7025A-47B1-4D52-A73B-C1D83E0F4DD0'),('D8EA140F-1B50-47EC-B334-0086EB10CFA8','','','47280',582,'464C2FFD-B0BD-4C91-B482-34B1F82EEB42','F9E7025A-47B1-4D52-A73B-C1D83E0F4DD0'),('D927C598-49B5-4DE3-A9E0-8B4C66315244','','','45000',540,'464C2FFD-B0BD-4C91-B482-34B1F82EEB42','F9E7025A-47B1-4D52-A73B-C1D83E0F4DD0'),('D933D863-3255-4D50-8211-6D5A58DC22DA','','','93110',1121,'464C2FFD-B0BD-4C91-B482-34B1F82EEB42','F9E7025A-47B1-4D52-A73B-C1D83E0F4DD0'),('D9436E53-EDA2-4E0B-B186-759438247C9E','','','48170',591,'464C2FFD-B0BD-4C91-B482-34B1F82EEB42','F9E7025A-47B1-4D52-A73B-C1D83E0F4DD0'),('D9A467BC-6BE2-4CC6-A869-428F6F50EA5C','','','21150',177,'464C2FFD-B0BD-4C91-B482-34B1F82EEB42','F9E7025A-47B1-4D52-A73B-C1D83E0F4DD0'),('D9F057B9-238E-4D30-A904-D91C15640A4F','','','63000',788,'464C2FFD-B0BD-4C91-B482-34B1F82EEB42','F9E7025A-47B1-4D52-A73B-C1D83E0F4DD0'),('DA3EA32F-8C1C-4B59-B965-DCA6DB8A7EDE','','','91000',1083,'464C2FFD-B0BD-4C91-B482-34B1F82EEB42','F9E7025A-47B1-4D52-A73B-C1D83E0F4DD0'),('DAE380B1-9615-42C2-8648-A0A0B77C0BE4','','','27180',247,'464C2FFD-B0BD-4C91-B482-34B1F82EEB42','F9E7025A-47B1-4D52-A73B-C1D83E0F4DD0'),('DAE8973D-EC66-4B1E-84EB-3B83611978CC','','','47160',571,'464C2FFD-B0BD-4C91-B482-34B1F82EEB42','F9E7025A-47B1-4D52-A73B-C1D83E0F4DD0'),('DAFBD88D-534B-4B29-84E3-E780A8394A76','','','47230',565,'464C2FFD-B0BD-4C91-B482-34B1F82EEB42','F9E7025A-47B1-4D52-A73B-C1D83E0F4DD0'),('DAFF38EA-0A0E-4C55-BB45-507065C9DA0C','','','24110',225,'464C2FFD-B0BD-4C91-B482-34B1F82EEB42','F9E7025A-47B1-4D52-A73B-C1D83E0F4DD0'),('DBD398AC-60EB-485C-B758-6C0E437A8E62','','','20190',163,'464C2FFD-B0BD-4C91-B482-34B1F82EEB42','F9E7025A-47B1-4D52-A73B-C1D83E0F4DD0'),('DC34BED4-8783-4C08-9E61-67F4C7514277','','','61170',769,'464C2FFD-B0BD-4C91-B482-34B1F82EEB42','F9E7025A-47B1-4D52-A73B-C1D83E0F4DD0'),('DC5E8E92-6326-45C1-A71E-90D6845CC261','','','10120',28,'464C2FFD-B0BD-4C91-B482-34B1F82EEB42','F9E7025A-47B1-4D52-A73B-C1D83E0F4DD0'),('DC99AE1F-4430-47D6-860B-990C7B3133AE','','','70160',867,'464C2FFD-B0BD-4C91-B482-34B1F82EEB42','F9E7025A-47B1-4D52-A73B-C1D83E0F4DD0'),('DCD2A666-1100-41B0-8618-9B936FF21619','','','46220',556,'464C2FFD-B0BD-4C91-B482-34B1F82EEB42','F9E7025A-47B1-4D52-A73B-C1D83E0F4DD0'),('DD357B31-2D36-48A9-9B32-0EFF11CEC216','','','36140',393,'464C2FFD-B0BD-4C91-B482-34B1F82EEB42','F9E7025A-47B1-4D52-A73B-C1D83E0F4DD0'),('DD3BD296-ED72-49C9-A5D5-D5D3B50CD763','','','53150',667,'464C2FFD-B0BD-4C91-B482-34B1F82EEB42','F9E7025A-47B1-4D52-A73B-C1D83E0F4DD0'),('DD64F354-7ADE-4C59-B1CA-856B48073131','','','71180',884,'464C2FFD-B0BD-4C91-B482-34B1F82EEB42','F9E7025A-47B1-4D52-A73B-C1D83E0F4DD0'),('DD6D8C90-6614-4D82-A800-14FE3E41CD32','','','60260',756,'464C2FFD-B0BD-4C91-B482-34B1F82EEB42','F9E7025A-47B1-4D52-A73B-C1D83E0F4DD0'),('DD928332-85FC-4B8E-BF26-520DA915BECA','','','64170',802,'464C2FFD-B0BD-4C91-B482-34B1F82EEB42','F9E7025A-47B1-4D52-A73B-C1D83E0F4DD0'),('DDAED6C0-327B-412D-B6A1-3C2C3CCBD3A4','','','22000',188,'464C2FFD-B0BD-4C91-B482-34B1F82EEB42','F9E7025A-47B1-4D52-A73B-C1D83E0F4DD0'),('DDB5D26E-E81A-4CB1-8718-BCCE3E2203F7','','','58110',742,'464C2FFD-B0BD-4C91-B482-34B1F82EEB42','F9E7025A-47B1-4D52-A73B-C1D83E0F4DD0'),('DE23907F-C5C0-4C7E-8107-AD0136B675F3','','','84220',1014,'464C2FFD-B0BD-4C91-B482-34B1F82EEB42','F9E7025A-47B1-4D52-A73B-C1D83E0F4DD0'),('DE611A4E-480F-4C2B-BE04-4029CA47AE54','','','84190',1033,'464C2FFD-B0BD-4C91-B482-34B1F82EEB42','F9E7025A-47B1-4D52-A73B-C1D83E0F4DD0'),('DE64F659-7C3B-4E6D-B06C-40C826D51692','','','81120',987,'464C2FFD-B0BD-4C91-B482-34B1F82EEB42','F9E7025A-47B1-4D52-A73B-C1D83E0F4DD0'),('DEB8F139-39AC-4E13-AD47-9FF37770E4FB','','','10150',35,'464C2FFD-B0BD-4C91-B482-34B1F82EEB42','F9E7025A-47B1-4D52-A73B-C1D83E0F4DD0'),('DEF7E85F-767E-445E-917D-4647DA555FFB','','','32000',329,'464C2FFD-B0BD-4C91-B482-34B1F82EEB42','F9E7025A-47B1-4D52-A73B-C1D83E0F4DD0'),('DF26A410-A5F5-4856-AC5C-02ADECB56B65','','','50310',631,'464C2FFD-B0BD-4C91-B482-34B1F82EEB42','F9E7025A-47B1-4D52-A73B-C1D83E0F4DD0'),('DF5A27CE-D762-4715-B9E4-3F5A754E8246','','','32140',318,'464C2FFD-B0BD-4C91-B482-34B1F82EEB42','F9E7025A-47B1-4D52-A73B-C1D83E0F4DD0'),('DF75964C-F0D6-4776-BCA6-3778D8F39AB6','','','61000',765,'464C2FFD-B0BD-4C91-B482-34B1F82EEB42','F9E7025A-47B1-4D52-A73B-C1D83E0F4DD0'),('DFF344E2-B15A-4DD3-84DF-EE46BD8076B1','','','58110',744,'464C2FFD-B0BD-4C91-B482-34B1F82EEB42','F9E7025A-47B1-4D52-A73B-C1D83E0F4DD0'),('DFFCB153-8071-4FB9-BEC9-1DBA5DA4A8A9','','','90230',1075,'464C2FFD-B0BD-4C91-B482-34B1F82EEB42','F9E7025A-47B1-4D52-A73B-C1D83E0F4DD0'),('E007BC52-2E0E-43E9-9D39-9298ADD93F5D','','','34270',364,'464C2FFD-B0BD-4C91-B482-34B1F82EEB42','F9E7025A-47B1-4D52-A73B-C1D83E0F4DD0'),('E017D56C-DAA8-4310-9384-BA8178F798BC','','','13170',88,'464C2FFD-B0BD-4C91-B482-34B1F82EEB42','F9E7025A-47B1-4D52-A73B-C1D83E0F4DD0'),('E018DC45-5BDB-485F-9A82-0A203332E2CF','','','17150',133,'464C2FFD-B0BD-4C91-B482-34B1F82EEB42','F9E7025A-47B1-4D52-A73B-C1D83E0F4DD0'),('E01923FF-0445-440E-AC39-6465AE184EF6','','','66000',824,'464C2FFD-B0BD-4C91-B482-34B1F82EEB42','F9E7025A-47B1-4D52-A73B-C1D83E0F4DD0'),('E02B63C5-16F1-4C80-B0B8-9A3CB6B6FEC2','','','50300',607,'464C2FFD-B0BD-4C91-B482-34B1F82EEB42','F9E7025A-47B1-4D52-A73B-C1D83E0F4DD0'),('E02E37D8-A95C-4DFC-A22C-420FBC7C9638','','','23110',204,'464C2FFD-B0BD-4C91-B482-34B1F82EEB42','F9E7025A-47B1-4D52-A73B-C1D83E0F4DD0'),('E0571A14-3D9E-4DA2-814D-0B857AFD179D','','','31000',305,'464C2FFD-B0BD-4C91-B482-34B1F82EEB42','F9E7025A-47B1-4D52-A73B-C1D83E0F4DD0'),('E072E9EC-6C17-4F09-8704-5D5ACC3B5480','','','10230',38,'464C2FFD-B0BD-4C91-B482-34B1F82EEB42','F9E7025A-47B1-4D52-A73B-C1D83E0F4DD0'),('E089BDDD-482A-4E31-AE70-6470CF89C56E','','','50250',618,'464C2FFD-B0BD-4C91-B482-34B1F82EEB42','F9E7025A-47B1-4D52-A73B-C1D83E0F4DD0'),('E09D6EDD-A158-4CF3-8BC7-80F6B7C30C7A','','','39170',430,'464C2FFD-B0BD-4C91-B482-34B1F82EEB42','F9E7025A-47B1-4D52-A73B-C1D83E0F4DD0'),('E0B1F546-E084-4AB2-BE22-8DC4573B2CA0','','','67270',858,'464C2FFD-B0BD-4C91-B482-34B1F82EEB42','F9E7025A-47B1-4D52-A73B-C1D83E0F4DD0'),('E0D6B6C5-332C-46A4-A00A-C773541800E0','','','91110',1088,'464C2FFD-B0BD-4C91-B482-34B1F82EEB42','F9E7025A-47B1-4D52-A73B-C1D83E0F4DD0'),('E0DD380A-8C31-4D8B-AC74-F75ECB60A941','','','36250',400,'464C2FFD-B0BD-4C91-B482-34B1F82EEB42','F9E7025A-47B1-4D52-A73B-C1D83E0F4DD0'),('E0E5D4AC-A7BA-4F35-8A02-A4D1D5BF741D','','','63000',796,'464C2FFD-B0BD-4C91-B482-34B1F82EEB42','F9E7025A-47B1-4D52-A73B-C1D83E0F4DD0'),('E0E95B48-E38B-4723-B3FB-104ED4816344','','','33220',341,'464C2FFD-B0BD-4C91-B482-34B1F82EEB42','F9E7025A-47B1-4D52-A73B-C1D83E0F4DD0'),('E0FA1B56-A3BA-45CA-AF99-071E85EA8D99','','','57240',723,'464C2FFD-B0BD-4C91-B482-34B1F82EEB42','F9E7025A-47B1-4D52-A73B-C1D83E0F4DD0'),('E14E1157-0767-4540-B828-5A4A63A1519C','','','10170',48,'464C2FFD-B0BD-4C91-B482-34B1F82EEB42','F9E7025A-47B1-4D52-A73B-C1D83E0F4DD0'),('E1992967-1759-420D-9146-12DB78B66449','','','11120',64,'464C2FFD-B0BD-4C91-B482-34B1F82EEB42','F9E7025A-47B1-4D52-A73B-C1D83E0F4DD0'),('E19B5774-189B-41D8-BB00-A59F3BB0A0BA','','','90110',1073,'464C2FFD-B0BD-4C91-B482-34B1F82EEB42','F9E7025A-47B1-4D52-A73B-C1D83E0F4DD0'),('E1E93D09-D181-42A7-AAB8-A98EC194B63F','','','93000',1112,'464C2FFD-B0BD-4C91-B482-34B1F82EEB42','F9E7025A-47B1-4D52-A73B-C1D83E0F4DD0'),('E20CD140-8011-4C0F-A012-650C39484024','','','57250',718,'464C2FFD-B0BD-4C91-B482-34B1F82EEB42','F9E7025A-47B1-4D52-A73B-C1D83E0F4DD0'),('E22AFD07-AF45-4499-AFB4-776A91DE71D6','','','34350',373,'464C2FFD-B0BD-4C91-B482-34B1F82EEB42','F9E7025A-47B1-4D52-A73B-C1D83E0F4DD0'),('E22E4DB8-EC9E-40A1-BB25-1843AC7D2D89','','','10600',15,'464C2FFD-B0BD-4C91-B482-34B1F82EEB42','F9E7025A-47B1-4D52-A73B-C1D83E0F4DD0'),('E22FA8CB-7778-46CD-9969-7587B03C87C5','','','92000',1105,'464C2FFD-B0BD-4C91-B482-34B1F82EEB42','F9E7025A-47B1-4D52-A73B-C1D83E0F4DD0'),('E2545BC3-7E5A-4531-BAC4-A6E5E29FB5C2','','','92150',1099,'464C2FFD-B0BD-4C91-B482-34B1F82EEB42','F9E7025A-47B1-4D52-A73B-C1D83E0F4DD0'),('E2927A1E-5355-4A19-B822-1719AF9419C8','','','46190',555,'464C2FFD-B0BD-4C91-B482-34B1F82EEB42','F9E7025A-47B1-4D52-A73B-C1D83E0F4DD0'),('E2BCD8B1-BEE4-4154-B343-65E57B61E858','','','93170',1119,'464C2FFD-B0BD-4C91-B482-34B1F82EEB42','F9E7025A-47B1-4D52-A73B-C1D83E0F4DD0'),('E32EF7DA-62CC-4DDD-90AA-8CC9077EBE67','','','41290',472,'464C2FFD-B0BD-4C91-B482-34B1F82EEB42','F9E7025A-47B1-4D52-A73B-C1D83E0F4DD0'),('E35393A5-5F82-40B4-B342-11EF1BAF60B3','','','76170',935,'464C2FFD-B0BD-4C91-B482-34B1F82EEB42','F9E7025A-47B1-4D52-A73B-C1D83E0F4DD0'),('E35714A4-69F5-4168-A44B-D8FFE2808AFD','','','60250',750,'464C2FFD-B0BD-4C91-B482-34B1F82EEB42','F9E7025A-47B1-4D52-A73B-C1D83E0F4DD0'),('E373778F-E3E1-405F-9BB7-68F795469D05','','','30150',266,'464C2FFD-B0BD-4C91-B482-34B1F82EEB42','F9E7025A-47B1-4D52-A73B-C1D83E0F4DD0'),('E3A35710-3371-4A51-98A2-C3ECE4728850','','','35160',387,'464C2FFD-B0BD-4C91-B482-34B1F82EEB42','F9E7025A-47B1-4D52-A73B-C1D83E0F4DD0'),('E3D884AD-E03E-4841-AF32-5631630780B1','','','12120',66,'464C2FFD-B0BD-4C91-B482-34B1F82EEB42','F9E7025A-47B1-4D52-A73B-C1D83E0F4DD0'),('E3F14FE3-469B-4E1C-8BBE-F6553967D0CB','','','45110',529,'464C2FFD-B0BD-4C91-B482-34B1F82EEB42','F9E7025A-47B1-4D52-A73B-C1D83E0F4DD0'),('E400D05D-232E-46D8-A75C-C9560C29500E','','','52220',651,'464C2FFD-B0BD-4C91-B482-34B1F82EEB42','F9E7025A-47B1-4D52-A73B-C1D83E0F4DD0'),('E41C9DE3-124A-4953-B482-290D32A87910','','','13170',82,'464C2FFD-B0BD-4C91-B482-34B1F82EEB42','F9E7025A-47B1-4D52-A73B-C1D83E0F4DD0'),('E4503EBA-B8FA-4CEA-A5A0-C55E7070728F','','','32150',323,'464C2FFD-B0BD-4C91-B482-34B1F82EEB42','F9E7025A-47B1-4D52-A73B-C1D83E0F4DD0'),('E47EE061-7771-44B8-8332-C81C2012770B','','','93000',1110,'464C2FFD-B0BD-4C91-B482-34B1F82EEB42','F9E7025A-47B1-4D52-A73B-C1D83E0F4DD0'),('E4B08A6F-F88C-41B2-B639-2625F2EC4157','','','60150',762,'464C2FFD-B0BD-4C91-B482-34B1F82EEB42','F9E7025A-47B1-4D52-A73B-C1D83E0F4DD0'),('E4D68BEC-4583-4BBF-A43E-239B4F80931F','','','57270',722,'464C2FFD-B0BD-4C91-B482-34B1F82EEB42','F9E7025A-47B1-4D52-A73B-C1D83E0F4DD0'),('E511D907-EB1B-444E-A417-9DF8A557CA78','','','44170',516,'464C2FFD-B0BD-4C91-B482-34B1F82EEB42','F9E7025A-47B1-4D52-A73B-C1D83E0F4DD0'),('E5551B51-6B8F-4B29-B3DF-4781865BCEFF','','','20120',169,'464C2FFD-B0BD-4C91-B482-34B1F82EEB42','F9E7025A-47B1-4D52-A73B-C1D83E0F4DD0'),('E55B79AB-3979-4515-A115-4072BC42697B','','','32220',324,'464C2FFD-B0BD-4C91-B482-34B1F82EEB42','F9E7025A-47B1-4D52-A73B-C1D83E0F4DD0'),('E58505D9-D8B6-40F1-9CD7-9FAEC3EF48E0','','','77150',938,'464C2FFD-B0BD-4C91-B482-34B1F82EEB42','F9E7025A-47B1-4D52-A73B-C1D83E0F4DD0'),('E5F4BA8E-C561-44B7-AF52-C406B1F52508','','','32150',328,'464C2FFD-B0BD-4C91-B482-34B1F82EEB42','F9E7025A-47B1-4D52-A73B-C1D83E0F4DD0'),('E618E1B4-FC5A-4582-A564-BBD3D9531CE3','','','77120',944,'464C2FFD-B0BD-4C91-B482-34B1F82EEB42','F9E7025A-47B1-4D52-A73B-C1D83E0F4DD0'),('E62D399B-3ED5-4FEB-8045-ACB772C24ABB','','','92130',1108,'464C2FFD-B0BD-4C91-B482-34B1F82EEB42','F9E7025A-47B1-4D52-A73B-C1D83E0F4DD0'),('E64AC87F-C220-4C90-BE9D-25349169B8DE','','','15190',119,'464C2FFD-B0BD-4C91-B482-34B1F82EEB42','F9E7025A-47B1-4D52-A73B-C1D83E0F4DD0'),('E65DC1CA-88C0-4F23-9ABE-5D0F73E62434','','','74130',921,'464C2FFD-B0BD-4C91-B482-34B1F82EEB42','F9E7025A-47B1-4D52-A73B-C1D83E0F4DD0'),('E6906C72-556E-4A0C-9654-DAC783013F28','','','55170',688,'464C2FFD-B0BD-4C91-B482-34B1F82EEB42','F9E7025A-47B1-4D52-A73B-C1D83E0F4DD0'),('E6BCF358-A63D-4FDF-9779-8D138F8BF196','','','73130',912,'464C2FFD-B0BD-4C91-B482-34B1F82EEB42','F9E7025A-47B1-4D52-A73B-C1D83E0F4DD0'),('E6F924C0-8C8D-4EE3-A7C7-164986CC6096','','','84270',1029,'464C2FFD-B0BD-4C91-B482-34B1F82EEB42','F9E7025A-47B1-4D52-A73B-C1D83E0F4DD0'),('E7B86EBD-A35B-4030-B895-6B9E9B745B2E','','','34230',362,'464C2FFD-B0BD-4C91-B482-34B1F82EEB42','F9E7025A-47B1-4D52-A73B-C1D83E0F4DD0'),('E7D4DC7F-4FDC-4004-9A8C-4A0E07F53662','','','10140',24,'464C2FFD-B0BD-4C91-B482-34B1F82EEB42','F9E7025A-47B1-4D52-A73B-C1D83E0F4DD0'),('E80F259B-2FC6-4ABE-8ABD-F87A19B24A1C','','','18150',145,'464C2FFD-B0BD-4C91-B482-34B1F82EEB42','F9E7025A-47B1-4D52-A73B-C1D83E0F4DD0'),('E8A6FAEB-A4EC-4259-8C76-227ABD837D07','','','33120',348,'464C2FFD-B0BD-4C91-B482-34B1F82EEB42','F9E7025A-47B1-4D52-A73B-C1D83E0F4DD0'),('E8F30F6D-8948-42B9-A353-14FC24710696','','','47120',574,'464C2FFD-B0BD-4C91-B482-34B1F82EEB42','F9E7025A-47B1-4D52-A73B-C1D83E0F4DD0'),('E90E055D-4E45-43B3-9B60-94CDDED7C65A','','','13190',77,'464C2FFD-B0BD-4C91-B482-34B1F82EEB42','F9E7025A-47B1-4D52-A73B-C1D83E0F4DD0'),('E912469E-84F6-47DB-918D-9E55386C66E9','','','94150',1135,'464C2FFD-B0BD-4C91-B482-34B1F82EEB42','F9E7025A-47B1-4D52-A73B-C1D83E0F4DD0'),('E914EE98-3AB2-4E62-AF77-1FC10FC52210','','','96110',1151,'464C2FFD-B0BD-4C91-B482-34B1F82EEB42','F9E7025A-47B1-4D52-A73B-C1D83E0F4DD0'),('E930E918-6677-4080-B3FD-F022E5AC4F38','','','76110',933,'464C2FFD-B0BD-4C91-B482-34B1F82EEB42','F9E7025A-47B1-4D52-A73B-C1D83E0F4DD0'),('E9FBEB88-1173-45B1-97F6-7DBCBF2D16C3','','','22190',196,'464C2FFD-B0BD-4C91-B482-34B1F82EEB42','F9E7025A-47B1-4D52-A73B-C1D83E0F4DD0'),('EA6F3E9C-74E3-4A06-BB0B-B3BEF673364A','','','31240',303,'464C2FFD-B0BD-4C91-B482-34B1F82EEB42','F9E7025A-47B1-4D52-A73B-C1D83E0F4DD0'),('EAC4A028-3DC2-484F-BBAD-611C53588679','','','80190',980,'464C2FFD-B0BD-4C91-B482-34B1F82EEB42','F9E7025A-47B1-4D52-A73B-C1D83E0F4DD0'),('EACB343E-4848-4A77-B418-5CC084CDF652','','','35150',385,'464C2FFD-B0BD-4C91-B482-34B1F82EEB42','F9E7025A-47B1-4D52-A73B-C1D83E0F4DD0'),('EACF7E9B-E243-43AA-BC05-BC68F732FE43','','','47190',580,'464C2FFD-B0BD-4C91-B482-34B1F82EEB42','F9E7025A-47B1-4D52-A73B-C1D83E0F4DD0'),('EB9D9EF1-4376-44ED-B364-C23D33A35871','','','40270',433,'464C2FFD-B0BD-4C91-B482-34B1F82EEB42','F9E7025A-47B1-4D52-A73B-C1D83E0F4DD0'),('EC77C72E-769F-4A8D-A13E-A16CC575DB4F','','','47150',572,'464C2FFD-B0BD-4C91-B482-34B1F82EEB42','F9E7025A-47B1-4D52-A73B-C1D83E0F4DD0'),('EC881B18-6ED9-4B42-8654-8C14CB1252BF','','','77190',942,'464C2FFD-B0BD-4C91-B482-34B1F82EEB42','F9E7025A-47B1-4D52-A73B-C1D83E0F4DD0'),('ECCEE96D-EF2E-408B-ABD8-D075A037CAAA','','','34140',365,'464C2FFD-B0BD-4C91-B482-34B1F82EEB42','F9E7025A-47B1-4D52-A73B-C1D83E0F4DD0'),('ECE63B69-993F-4F56-8608-AE7FD2CA0C78','','','64110',806,'464C2FFD-B0BD-4C91-B482-34B1F82EEB42','F9E7025A-47B1-4D52-A73B-C1D83E0F4DD0'),('ED5CDB40-EF86-4C79-B724-DAF89251E5C6','','','47260',581,'464C2FFD-B0BD-4C91-B482-34B1F82EEB42','F9E7025A-47B1-4D52-A73B-C1D83E0F4DD0'),('EDD5E262-102A-406D-BEAA-303389F788F4','','','90310',1076,'464C2FFD-B0BD-4C91-B482-34B1F82EEB42','F9E7025A-47B1-4D52-A73B-C1D83E0F4DD0'),('EE0DD5B8-41A4-4A63-97D6-E2010C647850','','','93160',1114,'464C2FFD-B0BD-4C91-B482-34B1F82EEB42','F9E7025A-47B1-4D52-A73B-C1D83E0F4DD0'),('EE40125C-72B0-4767-AA19-96A0BFD48AF5','','','30120',264,'464C2FFD-B0BD-4C91-B482-34B1F82EEB42','F9E7025A-47B1-4D52-A73B-C1D83E0F4DD0'),('EE96C7B2-5720-41BB-B3A4-EF4467D87F50','','','34360',371,'464C2FFD-B0BD-4C91-B482-34B1F82EEB42','F9E7025A-47B1-4D52-A73B-C1D83E0F4DD0'),('EEB567BC-3C63-44FF-9D03-F57ABF6EF655','','','95120',1148,'464C2FFD-B0BD-4C91-B482-34B1F82EEB42','F9E7025A-47B1-4D52-A73B-C1D83E0F4DD0'),('EF434CD2-BABF-41D3-A0CF-CDAD56B6A6AB','','','35170',381,'464C2FFD-B0BD-4C91-B482-34B1F82EEB42','F9E7025A-47B1-4D52-A73B-C1D83E0F4DD0'),('EF55AA58-5424-4636-977E-12B569B734B2','','','33270',346,'464C2FFD-B0BD-4C91-B482-34B1F82EEB42','F9E7025A-47B1-4D52-A73B-C1D83E0F4DD0'),('F035BF5F-5C6E-4D27-9C13-1B2407C3E059','','','31160',292,'464C2FFD-B0BD-4C91-B482-34B1F82EEB42','F9E7025A-47B1-4D52-A73B-C1D83E0F4DD0'),('F06597AD-9EAF-485D-AA9A-0FBC82162558','','','18250',143,'464C2FFD-B0BD-4C91-B482-34B1F82EEB42','F9E7025A-47B1-4D52-A73B-C1D83E0F4DD0'),('F0AD271F-3A67-4C7C-956D-A0E84D8D5AAB','','','81140',983,'464C2FFD-B0BD-4C91-B482-34B1F82EEB42','F9E7025A-47B1-4D52-A73B-C1D83E0F4DD0'),('F0BDC79B-51AC-4238-B1B9-5FC3E9F9DEAB','','','12130',67,'464C2FFD-B0BD-4C91-B482-34B1F82EEB42','F9E7025A-47B1-4D52-A73B-C1D83E0F4DD0'),('F0DD2332-A7CB-4BCB-8A57-B29052F647D5','','','14160',100,'464C2FFD-B0BD-4C91-B482-34B1F82EEB42','F9E7025A-47B1-4D52-A73B-C1D83E0F4DD0'),('F0DFB410-157D-4637-91C2-0B38797FE118','','','24160',221,'464C2FFD-B0BD-4C91-B482-34B1F82EEB42','F9E7025A-47B1-4D52-A73B-C1D83E0F4DD0'),('F0ED0422-C65C-41D1-8487-9BA101F6C54A','','','95120',1146,'464C2FFD-B0BD-4C91-B482-34B1F82EEB42','F9E7025A-47B1-4D52-A73B-C1D83E0F4DD0'),('F0FAB2F4-3868-4912-AE0A-096399193BF7','','','80000',949,'464C2FFD-B0BD-4C91-B482-34B1F82EEB42','F9E7025A-47B1-4D52-A73B-C1D83E0F4DD0'),('F1150B76-93C7-4F3C-86F5-900F287C9889','','','40170',455,'464C2FFD-B0BD-4C91-B482-34B1F82EEB42','F9E7025A-47B1-4D52-A73B-C1D83E0F4DD0'),('F117995C-CC39-43DA-A7CB-69CCE873938F','','','51180',647,'464C2FFD-B0BD-4C91-B482-34B1F82EEB42','F9E7025A-47B1-4D52-A73B-C1D83E0F4DD0'),('F1ABAA0D-3583-44EE-B8ED-70EB991EBBA9','','','37240',414,'464C2FFD-B0BD-4C91-B482-34B1F82EEB42','F9E7025A-47B1-4D52-A73B-C1D83E0F4DD0'),('F1E530F1-7451-40D3-996B-D3784F4DC2FE','','','52110',654,'464C2FFD-B0BD-4C91-B482-34B1F82EEB42','F9E7025A-47B1-4D52-A73B-C1D83E0F4DD0'),('F21453E0-6236-4628-AE1A-30842EA5FEFC','','','64180',807,'464C2FFD-B0BD-4C91-B482-34B1F82EEB42','F9E7025A-47B1-4D52-A73B-C1D83E0F4DD0'),('F23A78B2-5C24-4A38-BA41-4CB479D543AA','','','31140',296,'464C2FFD-B0BD-4C91-B482-34B1F82EEB42','F9E7025A-47B1-4D52-A73B-C1D83E0F4DD0'),('F2647BE0-392D-4067-97DF-CF54EE822F73','','','36230',401,'464C2FFD-B0BD-4C91-B482-34B1F82EEB42','F9E7025A-47B1-4D52-A73B-C1D83E0F4DD0'),('F2B04D89-0288-436B-9160-C48CB1D2A0A6','','','80220',963,'464C2FFD-B0BD-4C91-B482-34B1F82EEB42','F9E7025A-47B1-4D52-A73B-C1D83E0F4DD0'),('F2F3C9B5-CB34-42FD-ACB1-ACEFCA903A70','','','95000',1149,'464C2FFD-B0BD-4C91-B482-34B1F82EEB42','F9E7025A-47B1-4D52-A73B-C1D83E0F4DD0'),('F30D1B0B-5509-475A-B4BD-E26CBAA4CD5D','','','40280',453,'464C2FFD-B0BD-4C91-B482-34B1F82EEB42','F9E7025A-47B1-4D52-A73B-C1D83E0F4DD0'),('F330FA1D-27D3-4E1F-8E72-EB0452FA47E3','','','35120',389,'464C2FFD-B0BD-4C91-B482-34B1F82EEB42','F9E7025A-47B1-4D52-A73B-C1D83E0F4DD0'),('F350DBBA-CBFD-4EA8-9031-1453FFE7AA30','','','21110',179,'464C2FFD-B0BD-4C91-B482-34B1F82EEB42','F9E7025A-47B1-4D52-A73B-C1D83E0F4DD0'),('F386C03D-5460-488A-B509-183CB4799C13','','','50130',636,'464C2FFD-B0BD-4C91-B482-34B1F82EEB42','F9E7025A-47B1-4D52-A73B-C1D83E0F4DD0'),('F3F4538F-1E48-405D-9AA5-CF9360C4D5A4','','','66180',826,'464C2FFD-B0BD-4C91-B482-34B1F82EEB42','F9E7025A-47B1-4D52-A73B-C1D83E0F4DD0'),('F4122FEC-6307-4BF6-87C1-5D3562C8A8FF','','','40120',446,'464C2FFD-B0BD-4C91-B482-34B1F82EEB42','F9E7025A-47B1-4D52-A73B-C1D83E0F4DD0'),('F484260B-97F5-4096-A1A9-0C1D164320E6','','','81170',988,'464C2FFD-B0BD-4C91-B482-34B1F82EEB42','F9E7025A-47B1-4D52-A73B-C1D83E0F4DD0'),('F4A9C36C-1E24-4A04-BD73-9A1361D49F63','','','72120',895,'464C2FFD-B0BD-4C91-B482-34B1F82EEB42','F9E7025A-47B1-4D52-A73B-C1D83E0F4DD0'),('F4BB1D0C-0EA9-4546-9C1F-2BE8C614FFEE','','','48110',590,'464C2FFD-B0BD-4C91-B482-34B1F82EEB42','F9E7025A-47B1-4D52-A73B-C1D83E0F4DD0'),('F4E91DDD-D0E5-4ED9-886D-705BC9EBDF16','','','10900',30,'464C2FFD-B0BD-4C91-B482-34B1F82EEB42','F9E7025A-47B1-4D52-A73B-C1D83E0F4DD0'),('F519B969-F4DA-423E-B15E-13A9CF2D051A','','','18120',151,'464C2FFD-B0BD-4C91-B482-34B1F82EEB42','F9E7025A-47B1-4D52-A73B-C1D83E0F4DD0'),('F5276C68-3ECA-4602-AE29-1511B517D7EB','','','50160',637,'464C2FFD-B0BD-4C91-B482-34B1F82EEB42','F9E7025A-47B1-4D52-A73B-C1D83E0F4DD0'),('F659B16C-190C-4636-A287-6BEEBBC5506F','','','20000',159,'464C2FFD-B0BD-4C91-B482-34B1F82EEB42','F9E7025A-47B1-4D52-A73B-C1D83E0F4DD0'),('F6657A1A-E741-40B3-B38B-949814DB7C68','','','90260',1065,'464C2FFD-B0BD-4C91-B482-34B1F82EEB42','F9E7025A-47B1-4D52-A73B-C1D83E0F4DD0'),('F6A6EE3E-6D32-48B7-90A6-EDFD6FBEEDFE','','','61140',771,'464C2FFD-B0BD-4C91-B482-34B1F82EEB42','F9E7025A-47B1-4D52-A73B-C1D83E0F4DD0'),('F6B07C82-481D-43D5-A887-58D08D6D3959','','','58130',638,'464C2FFD-B0BD-4C91-B482-34B1F82EEB42','F9E7025A-47B1-4D52-A73B-C1D83E0F4DD0'),('F6BBC557-F788-430C-9EFA-86B74D17A77F','','','32230',326,'464C2FFD-B0BD-4C91-B482-34B1F82EEB42','F9E7025A-47B1-4D52-A73B-C1D83E0F4DD0'),('F6E938A9-8F73-4547-B781-FAACDAFB751F','','','36160',398,'464C2FFD-B0BD-4C91-B482-34B1F82EEB42','F9E7025A-47B1-4D52-A73B-C1D83E0F4DD0'),('F7489B73-A4EE-44C7-A389-1C90C9ABABE9','','','10290',57,'464C2FFD-B0BD-4C91-B482-34B1F82EEB42','F9E7025A-47B1-4D52-A73B-C1D83E0F4DD0'),('F7578490-1613-4C04-A69B-A1098CA19DCD','','','86160',1050,'464C2FFD-B0BD-4C91-B482-34B1F82EEB42','F9E7025A-47B1-4D52-A73B-C1D83E0F4DD0'),('F7AA7ACE-E6A7-45FA-BD66-6B6AE298A7BF','','','50190',622,'464C2FFD-B0BD-4C91-B482-34B1F82EEB42','F9E7025A-47B1-4D52-A73B-C1D83E0F4DD0'),('F820F0D6-F843-470F-8B73-4B2BDD78D720','','','44120',518,'464C2FFD-B0BD-4C91-B482-34B1F82EEB42','F9E7025A-47B1-4D52-A73B-C1D83E0F4DD0'),('F84E1DDA-E0CA-47BC-9EFD-3CB5D6ECA85A','','','70150',861,'464C2FFD-B0BD-4C91-B482-34B1F82EEB42','F9E7025A-47B1-4D52-A73B-C1D83E0F4DD0'),('F857B4F4-6C7B-49D1-802D-364E8F721E3C','','','34160',375,'464C2FFD-B0BD-4C91-B482-34B1F82EEB42','F9E7025A-47B1-4D52-A73B-C1D83E0F4DD0'),('F85BEB20-E57E-4F62-B2C3-8993C7F97CC5','','','30370',280,'464C2FFD-B0BD-4C91-B482-34B1F82EEB42','F9E7025A-47B1-4D52-A73B-C1D83E0F4DD0'),('F85D9981-33A0-4996-8381-166B8E4950B9','','','72140',898,'464C2FFD-B0BD-4C91-B482-34B1F82EEB42','F9E7025A-47B1-4D52-A73B-C1D83E0F4DD0'),('F8682851-D3E0-4472-B130-B9FA86DFF987','','','15220',106,'464C2FFD-B0BD-4C91-B482-34B1F82EEB42','F9E7025A-47B1-4D52-A73B-C1D83E0F4DD0'),('F87DFBE1-E1A9-4AA7-B3CF-FF6F69192452','','','62170',783,'464C2FFD-B0BD-4C91-B482-34B1F82EEB42','F9E7025A-47B1-4D52-A73B-C1D83E0F4DD0'),('F9230ECC-563C-4ABD-879E-4ECC479E10E4','','','52210',653,'464C2FFD-B0BD-4C91-B482-34B1F82EEB42','F9E7025A-47B1-4D52-A73B-C1D83E0F4DD0'),('F93E8C1A-663F-4499-BF24-CD40DE229E86','','','31230',302,'464C2FFD-B0BD-4C91-B482-34B1F82EEB42','F9E7025A-47B1-4D52-A73B-C1D83E0F4DD0'),('F9DDB7C2-E1D5-44CE-86A0-AB4B3A70C8AD','','','25130',232,'464C2FFD-B0BD-4C91-B482-34B1F82EEB42','F9E7025A-47B1-4D52-A73B-C1D83E0F4DD0'),('F9F0DEC3-6965-40B4-A403-01506E2E6820','','','33240',344,'464C2FFD-B0BD-4C91-B482-34B1F82EEB42','F9E7025A-47B1-4D52-A73B-C1D83E0F4DD0'),('FA0ED4CC-7C6E-4466-9A30-B5C2AA916924','','','18220',107,'464C2FFD-B0BD-4C91-B482-34B1F82EEB42','F9E7025A-47B1-4D52-A73B-C1D83E0F4DD0'),('FA600EA4-976C-42BC-820F-AE3DD061882E','','','17110',130,'464C2FFD-B0BD-4C91-B482-34B1F82EEB42','F9E7025A-47B1-4D52-A73B-C1D83E0F4DD0'),('FA8FF13C-96B0-44A4-A3F6-1F68033A6E22','','','80360',973,'464C2FFD-B0BD-4C91-B482-34B1F82EEB42','F9E7025A-47B1-4D52-A73B-C1D83E0F4DD0'),('FABF5FBE-4FA7-4A3E-A888-13A25A453E9E','','','52150',660,'464C2FFD-B0BD-4C91-B482-34B1F82EEB42','F9E7025A-47B1-4D52-A73B-C1D83E0F4DD0'),('FAF60BB0-13FA-414A-B1F5-3BA13D815EAD','','','84160',1013,'464C2FFD-B0BD-4C91-B482-34B1F82EEB42','F9E7025A-47B1-4D52-A73B-C1D83E0F4DD0'),('FB4B5F5E-138B-4297-8C31-DE4EC25D6981','','','56110',709,'464C2FFD-B0BD-4C91-B482-34B1F82EEB42','F9E7025A-47B1-4D52-A73B-C1D83E0F4DD0'),('FBB403C2-9E05-4DF0-8150-84F140548360','','','33190',332,'464C2FFD-B0BD-4C91-B482-34B1F82EEB42','F9E7025A-47B1-4D52-A73B-C1D83E0F4DD0'),('FC160F32-5C8B-4CF2-B4A2-AAEAC9321F2D','','','72210',894,'464C2FFD-B0BD-4C91-B482-34B1F82EEB42','F9E7025A-47B1-4D52-A73B-C1D83E0F4DD0'),('FCC8B092-A577-4C9C-991B-603DB4E44918','','','32210',319,'464C2FFD-B0BD-4C91-B482-34B1F82EEB42','F9E7025A-47B1-4D52-A73B-C1D83E0F4DD0'),('FD43201A-7A54-40F0-8F3D-5412134385D9','','','70000',860,'464C2FFD-B0BD-4C91-B482-34B1F82EEB42','F9E7025A-47B1-4D52-A73B-C1D83E0F4DD0'),('FE70BA98-BC65-48DD-92CB-52D34FA91508','','','12140',70,'464C2FFD-B0BD-4C91-B482-34B1F82EEB42','F9E7025A-47B1-4D52-A73B-C1D83E0F4DD0'),('FEB0D872-4549-4955-85A5-95586C8A6FF7','','','71150',874,'464C2FFD-B0BD-4C91-B482-34B1F82EEB42','F9E7025A-47B1-4D52-A73B-C1D83E0F4DD0'),('FEC4012C-20D4-4809-9368-EF4FD889FDF3','','','83100',1006,'464C2FFD-B0BD-4C91-B482-34B1F82EEB42','F9E7025A-47B1-4D52-A73B-C1D83E0F4DD0'),('FEE52760-EBD5-4454-ADA4-9459ECBAC3F5','','','67190',846,'464C2FFD-B0BD-4C91-B482-34B1F82EEB42','F9E7025A-47B1-4D52-A73B-C1D83E0F4DD0'),('FF06E53A-294D-4628-9FA5-428C981697C0','','','70180',871,'464C2FFD-B0BD-4C91-B482-34B1F82EEB42','F9E7025A-47B1-4D52-A73B-C1D83E0F4DD0'),('FF2F3200-C61B-4670-B3BF-142A7E92CD94','','','80330',951,'464C2FFD-B0BD-4C91-B482-34B1F82EEB42','F9E7025A-47B1-4D52-A73B-C1D83E0F4DD0'),('FF344908-6BB9-4A41-BF0F-11EFA0F2C2E8','','','80150',954,'464C2FFD-B0BD-4C91-B482-34B1F82EEB42','F9E7025A-47B1-4D52-A73B-C1D83E0F4DD0'),('FF34F817-B33C-43B2-98AA-1FAFD3E9DE36','','','77170',943,'464C2FFD-B0BD-4C91-B482-34B1F82EEB42','F9E7025A-47B1-4D52-A73B-C1D83E0F4DD0'),('FF43A49D-249E-40A5-A152-DFBE7AF1313A','','','17170',131,'464C2FFD-B0BD-4C91-B482-34B1F82EEB42','F9E7025A-47B1-4D52-A73B-C1D83E0F4DD0'),('FF803323-E4B7-4494-B5AA-081A37C83AE1','','','57140',714,'464C2FFD-B0BD-4C91-B482-34B1F82EEB42','F9E7025A-47B1-4D52-A73B-C1D83E0F4DD0');
/*!40000 ALTER TABLE `postcode` ENABLE KEYS */;
UNLOCK TABLES;

--
-- Table structure for table `product`
--

DROP TABLE IF EXISTS `product`;
/*!40101 SET @saved_cs_client     = @@character_set_client */;
/*!40101 SET character_set_client = utf8 */;
CREATE TABLE `product` (
  `id` varchar(64) NOT NULL,
  `name` varchar(45) DEFAULT NULL,
  `description` mediumtext,
  `price` double DEFAULT NULL,
  `sr` int(11) DEFAULT NULL,
  `branch_id` varchar(64) NOT NULL,
  `company_id` varchar(64) NOT NULL,
  `category_id` varchar(64) DEFAULT NULL,
  PRIMARY KEY (`id`),
  KEY `fk_product_branch1_idx` (`branch_id`),
  KEY `fk_product_company1_idx` (`company_id`),
  KEY `fk_product_category1_idx` (`category_id`),
  CONSTRAINT `fk_product_branch1` FOREIGN KEY (`branch_id`) REFERENCES `branch` (`id`) ON DELETE NO ACTION ON UPDATE NO ACTION,
  CONSTRAINT `fk_product_category1` FOREIGN KEY (`category_id`) REFERENCES `category` (`id`) ON DELETE NO ACTION ON UPDATE NO ACTION,
  CONSTRAINT `fk_product_company1` FOREIGN KEY (`company_id`) REFERENCES `company` (`id`) ON DELETE NO ACTION ON UPDATE NO ACTION
) ENGINE=InnoDB DEFAULT CHARSET=utf8;
/*!40101 SET character_set_client = @saved_cs_client */;

--
-- Dumping data for table `product`
--

LOCK TABLES `product` WRITE;
/*!40000 ALTER TABLE `product` DISABLE KEYS */;
INSERT INTO `product` VALUES ('111C9ED4-77B1-423C-B306-8D79F3BFAA32','Bey dey','',657,1,'464C2FFD-B0BD-4C91-B482-34B1F82EEB42','F9E7025A-47B1-4D52-A73B-C1D83E0F4DD0',NULL),('9CDD5A11-CF2D-4703-88F5-B1A636DF0039','Test Product','testing',989,2,'464C2FFD-B0BD-4C91-B482-34B1F82EEB42','F9E7025A-47B1-4D52-A73B-C1D83E0F4DD0',NULL);
/*!40000 ALTER TABLE `product` ENABLE KEYS */;
UNLOCK TABLES;

--
-- Table structure for table `product_order`
--

DROP TABLE IF EXISTS `product_order`;
/*!40101 SET @saved_cs_client     = @@character_set_client */;
/*!40101 SET character_set_client = utf8 */;
CREATE TABLE `product_order` (
  `id` varchar(64) NOT NULL,
  `quantity` int(11) DEFAULT NULL,
  `order_price` double DEFAULT NULL,
  `requested_quantity` int(11) DEFAULT NULL,
  `requested_price` double DEFAULT NULL,
  `sr` int(11) DEFAULT NULL,
  `branch_id` varchar(64) NOT NULL,
  `product_id` varchar(64) NOT NULL,
  `order_id` varchar(64) NOT NULL,
  `company_id` varchar(64) NOT NULL,
  PRIMARY KEY (`id`),
  KEY `fk_product_order_branch1_idx` (`branch_id`),
  KEY `fk_product_order_product1_idx` (`product_id`),
  KEY `fk_product_order_order1_idx` (`order_id`),
  KEY `fk_product_order_company1_idx` (`company_id`),
  CONSTRAINT `fk_product_order_branch1` FOREIGN KEY (`branch_id`) REFERENCES `branch` (`id`) ON DELETE NO ACTION ON UPDATE NO ACTION,
  CONSTRAINT `fk_product_order_company1` FOREIGN KEY (`company_id`) REFERENCES `company` (`id`) ON DELETE NO ACTION ON UPDATE NO ACTION,
  CONSTRAINT `fk_product_order_order1` FOREIGN KEY (`order_id`) REFERENCES `order` (`id`) ON DELETE NO ACTION ON UPDATE NO ACTION,
  CONSTRAINT `fk_product_order_product1` FOREIGN KEY (`product_id`) REFERENCES `product` (`id`) ON DELETE NO ACTION ON UPDATE NO ACTION
) ENGINE=InnoDB DEFAULT CHARSET=utf8;
/*!40101 SET character_set_client = @saved_cs_client */;

--
-- Dumping data for table `product_order`
--

LOCK TABLES `product_order` WRITE;
/*!40000 ALTER TABLE `product_order` DISABLE KEYS */;
INSERT INTO `product_order` VALUES ('0F0F8EF1-A6A6-4195-A3DA-C1EC061371DE',6,300,6,300,11,'464C2FFD-B0BD-4C91-B482-34B1F82EEB42','9CDD5A11-CF2D-4703-88F5-B1A636DF0039','902DA630-AA38-4C7D-9487-BABA3F6208CD','F9E7025A-47B1-4D52-A73B-C1D83E0F4DD0'),('1B66C13E-37B1-4A35-8DB9-EFE4B41D6676',1000,70,1000,70,7,'464C2FFD-B0BD-4C91-B482-34B1F82EEB42','9CDD5A11-CF2D-4703-88F5-B1A636DF0039','E0DF1FF1-A464-4930-9A23-53EC0ABD073E','F9E7025A-47B1-4D52-A73B-C1D83E0F4DD0'),('230ABB22-C65D-40B3-AA55-840BC076AD03',1,560,1,560,19,'464C2FFD-B0BD-4C91-B482-34B1F82EEB42','111C9ED4-77B1-423C-B306-8D79F3BFAA32','B2176E91-C68E-4C8B-B100-DC97D2684127','F9E7025A-47B1-4D52-A73B-C1D83E0F4DD0'),('2D498159-35C9-4A9D-A138-4826CB9E9D2F',5,560,5,560,16,'464C2FFD-B0BD-4C91-B482-34B1F82EEB42','111C9ED4-77B1-423C-B306-8D79F3BFAA32','56E399C1-25FF-46ED-972B-95777E21451D','F9E7025A-47B1-4D52-A73B-C1D83E0F4DD0'),('43009EB0-491F-4477-AE0C-E2C143B25470',4,70,4,70,12,'464C2FFD-B0BD-4C91-B482-34B1F82EEB42','9CDD5A11-CF2D-4703-88F5-B1A636DF0039','BC9D675B-E8B7-4EB9-AC95-C1500F84197A','F9E7025A-47B1-4D52-A73B-C1D83E0F4DD0'),('4C6C53F1-A259-4931-857F-7B354B8A2544',6,1000,6,1000,6,'464C2FFD-B0BD-4C91-B482-34B1F82EEB42','111C9ED4-77B1-423C-B306-8D79F3BFAA32','59C351A8-7C2E-42EB-A1EC-9BAD791BE956','F9E7025A-47B1-4D52-A73B-C1D83E0F4DD0'),('53D7D885-B7FF-43CD-842E-6D889BA33DB5',5600,200,5600,200,1,'464C2FFD-B0BD-4C91-B482-34B1F82EEB42','111C9ED4-77B1-423C-B306-8D79F3BFAA32','6AD87516-899C-4018-9F7F-A79B7BE7AF99','F9E7025A-47B1-4D52-A73B-C1D83E0F4DD0'),('59C84482-58F8-4AB3-A16B-CE7F2E6749C2',67,70,67,70,9,'464C2FFD-B0BD-4C91-B482-34B1F82EEB42','9CDD5A11-CF2D-4703-88F5-B1A636DF0039','7470D911-3777-467B-994A-A47257DE1676','F9E7025A-47B1-4D52-A73B-C1D83E0F4DD0'),('5A78AC74-3CDF-4B64-94AA-4A2557AB78E1',4,567,4,567,13,'464C2FFD-B0BD-4C91-B482-34B1F82EEB42','111C9ED4-77B1-423C-B306-8D79F3BFAA32','BC9D675B-E8B7-4EB9-AC95-C1500F84197A','F9E7025A-47B1-4D52-A73B-C1D83E0F4DD0'),('6F843C88-AC32-4D26-9D57-980E8F0714BD',5,560,5,560,15,'464C2FFD-B0BD-4C91-B482-34B1F82EEB42','111C9ED4-77B1-423C-B306-8D79F3BFAA32','23DADF80-526A-49A5-9FF0-F281515247E5','F9E7025A-47B1-4D52-A73B-C1D83E0F4DD0'),('907DED3A-89EE-48A2-87C7-E3428A6AF758',100,NULL,100,NULL,4,'464C2FFD-B0BD-4C91-B482-34B1F82EEB42','111C9ED4-77B1-423C-B306-8D79F3BFAA32','77632A68-A820-44F4-BC8E-C95E225A5596','F9E7025A-47B1-4D52-A73B-C1D83E0F4DD0'),('9156379D-612E-420C-9EC0-C94D9581F0D2',100,550,100,550,2,'464C2FFD-B0BD-4C91-B482-34B1F82EEB42','111C9ED4-77B1-423C-B306-8D79F3BFAA32','0B128CF6-C90D-41E0-97E9-527711CA0187','F9E7025A-47B1-4D52-A73B-C1D83E0F4DD0'),('9F9FD9A2-201E-4E85-A819-A2BA578E467A',56,300,56,300,14,'464C2FFD-B0BD-4C91-B482-34B1F82EEB42','9CDD5A11-CF2D-4703-88F5-B1A636DF0039','609F681F-FA89-4733-8233-5310941C31BC','F9E7025A-47B1-4D52-A73B-C1D83E0F4DD0'),('C574AFC1-968A-4869-B83E-A6C4E9A19F6E',1,560,1,560,18,'464C2FFD-B0BD-4C91-B482-34B1F82EEB42','111C9ED4-77B1-423C-B306-8D79F3BFAA32','CE987625-B0CC-4595-8794-37DC1A646AAE','F9E7025A-47B1-4D52-A73B-C1D83E0F4DD0'),('C6A3696E-98B1-426B-B743-5BB459B3D935',8,630,8,630,3,'464C2FFD-B0BD-4C91-B482-34B1F82EEB42','111C9ED4-77B1-423C-B306-8D79F3BFAA32','3ED9ECD2-7593-4130-BD1B-293054AD94B5','F9E7025A-47B1-4D52-A73B-C1D83E0F4DD0'),('C795D582-F465-44D2-B544-C1CBD70E9CCC',1000,567,1000,567,8,'464C2FFD-B0BD-4C91-B482-34B1F82EEB42','111C9ED4-77B1-423C-B306-8D79F3BFAA32','E0DF1FF1-A464-4930-9A23-53EC0ABD073E','F9E7025A-47B1-4D52-A73B-C1D83E0F4DD0'),('D1C88489-D835-44CC-82D1-39F1039B5EA6',2,560,2,560,20,'464C2FFD-B0BD-4C91-B482-34B1F82EEB42','111C9ED4-77B1-423C-B306-8D79F3BFAA32','77B17B24-E6AA-4E6A-88F5-975CD080C463','F9E7025A-47B1-4D52-A73B-C1D83E0F4DD0'),('EBA8AC2D-851B-46CF-9240-394429CE888B',6,567,6,567,10,'464C2FFD-B0BD-4C91-B482-34B1F82EEB42','111C9ED4-77B1-423C-B306-8D79F3BFAA32','902DA630-AA38-4C7D-9487-BABA3F6208CD','F9E7025A-47B1-4D52-A73B-C1D83E0F4DD0'),('F49DD618-8234-42BD-ADCD-F6DF8F0C26B2',4,560,4,560,17,'464C2FFD-B0BD-4C91-B482-34B1F82EEB42','111C9ED4-77B1-423C-B306-8D79F3BFAA32','9FA04373-572D-422A-A16E-B268BCFEE1F6','F9E7025A-47B1-4D52-A73B-C1D83E0F4DD0'),('FD8EBD94-19AF-4CD3-A332-7F2FCCC3D68C',600,70,600,70,5,'464C2FFD-B0BD-4C91-B482-34B1F82EEB42','9CDD5A11-CF2D-4703-88F5-B1A636DF0039','59C351A8-7C2E-42EB-A1EC-9BAD791BE956','F9E7025A-47B1-4D52-A73B-C1D83E0F4DD0');
/*!40000 ALTER TABLE `product_order` ENABLE KEYS */;
UNLOCK TABLES;

--
-- Table structure for table `quantity_based_pricing`
--

DROP TABLE IF EXISTS `quantity_based_pricing`;
/*!40101 SET @saved_cs_client     = @@character_set_client */;
/*!40101 SET character_set_client = utf8 */;
CREATE TABLE `quantity_based_pricing` (
  `id` varchar(64) NOT NULL,
  `quantity` int(11) DEFAULT NULL,
  `price` double DEFAULT NULL,
  `company_id` varchar(64) CHARACTER SET utf8 NOT NULL,
  `branch_id` varchar(64) CHARACTER SET utf8 NOT NULL,
  `created_by` varchar(64) DEFAULT NULL,
  `updated_by` varchar(64) DEFAULT NULL,
  `created_at` timestamp NULL DEFAULT NULL,
  `updated_at` timestamp NULL DEFAULT NULL,
  `sr` int(11) DEFAULT NULL,
  `product_id` varchar(64) CHARACTER SET utf8 NOT NULL,
  PRIMARY KEY (`id`),
  KEY `fk_quantity_based_pricing_company1_idx` (`company_id`),
  KEY `fk_quantity_based_pricing_branch1_idx` (`branch_id`),
  KEY `fk_quantity_based_pricing_product1_idx` (`product_id`),
  CONSTRAINT `fk_quantity_based_pricing_branch1` FOREIGN KEY (`branch_id`) REFERENCES `branch` (`id`) ON DELETE NO ACTION ON UPDATE NO ACTION,
  CONSTRAINT `fk_quantity_based_pricing_company1` FOREIGN KEY (`company_id`) REFERENCES `company` (`id`) ON DELETE NO ACTION ON UPDATE NO ACTION,
  CONSTRAINT `fk_quantity_based_pricing_product1` FOREIGN KEY (`product_id`) REFERENCES `product` (`id`) ON DELETE NO ACTION ON UPDATE NO ACTION
) ENGINE=InnoDB DEFAULT CHARSET=latin1;
/*!40101 SET character_set_client = @saved_cs_client */;

--
-- Dumping data for table `quantity_based_pricing`
--

LOCK TABLES `quantity_based_pricing` WRITE;
/*!40000 ALTER TABLE `quantity_based_pricing` DISABLE KEYS */;
INSERT INTO `quantity_based_pricing` VALUES ('0A754D1E-7EB5-4D73-AE60-77C1161BCE1A',300,300,'F9E7025A-47B1-4D52-A73B-C1D83E0F4DD0','464C2FFD-B0BD-4C91-B482-34B1F82EEB42','6691BCEE-EFAF-4862-8C4D-8FC510B7547E','6691BCEE-EFAF-4862-8C4D-8FC510B7547E','2018-03-13 05:41:56','2018-03-13 05:41:56',4,'9CDD5A11-CF2D-4703-88F5-B1A636DF0039'),('6824B584-3574-44BA-96BF-5B9D7E8C098B',100,560,'F9E7025A-47B1-4D52-A73B-C1D83E0F4DD0','464C2FFD-B0BD-4C91-B482-34B1F82EEB42','6691BCEE-EFAF-4862-8C4D-8FC510B7547E','6691BCEE-EFAF-4862-8C4D-8FC510B7547E','2018-03-08 07:13:17','2018-03-08 07:13:17',1,'111C9ED4-77B1-423C-B306-8D79F3BFAA32'),('ABA62DA1-8E74-4E0F-B0CB-93D9DAC5A065',300,300,'F9E7025A-47B1-4D52-A73B-C1D83E0F4DD0','464C2FFD-B0BD-4C91-B482-34B1F82EEB42','6691BCEE-EFAF-4862-8C4D-8FC510B7547E','6691BCEE-EFAF-4862-8C4D-8FC510B7547E','2018-03-13 05:39:27','2018-03-13 05:39:27',2,'111C9ED4-77B1-423C-B306-8D79F3BFAA32'),('FBB6340B-6978-4A23-867A-D11F9AA831A5',100,100,'F9E7025A-47B1-4D52-A73B-C1D83E0F4DD0','464C2FFD-B0BD-4C91-B482-34B1F82EEB42','6691BCEE-EFAF-4862-8C4D-8FC510B7547E','6691BCEE-EFAF-4862-8C4D-8FC510B7547E','2018-03-13 05:41:36','2018-03-13 05:41:36',3,'9CDD5A11-CF2D-4703-88F5-B1A636DF0039');
/*!40000 ALTER TABLE `quantity_based_pricing` ENABLE KEYS */;
UNLOCK TABLES;

--
-- Table structure for table `setting`
--

DROP TABLE IF EXISTS `setting`;
/*!40101 SET @saved_cs_client     = @@character_set_client */;
/*!40101 SET character_set_client = utf8 */;
CREATE TABLE `setting` (
  `id` varchar(64) NOT NULL,
  `sokochain_auth_tocken` varchar(255) DEFAULT NULL,
  `merchant_id` varchar(255) DEFAULT NULL,
  `pricing_method` int(11) DEFAULT NULL,
  `company_id` varchar(64) CHARACTER SET utf8 NOT NULL,
  `branch_id` varchar(64) CHARACTER SET utf8 NOT NULL,
  `created_by` varchar(64) DEFAULT NULL,
  `updated_by` varchar(64) DEFAULT NULL,
  `created_at` timestamp NULL DEFAULT NULL,
  `updated_at` timestamp NULL DEFAULT NULL,
  `sr` int(11) DEFAULT NULL,
  PRIMARY KEY (`id`),
  KEY `fk_setting_company1_idx` (`company_id`),
  KEY `fk_setting_branch1_idx` (`branch_id`),
  CONSTRAINT `fk_setting_branch1` FOREIGN KEY (`branch_id`) REFERENCES `branch` (`id`) ON DELETE NO ACTION ON UPDATE NO ACTION,
  CONSTRAINT `fk_setting_company1` FOREIGN KEY (`company_id`) REFERENCES `company` (`id`) ON DELETE NO ACTION ON UPDATE NO ACTION
) ENGINE=InnoDB DEFAULT CHARSET=latin1;
/*!40101 SET character_set_client = @saved_cs_client */;

--
-- Dumping data for table `setting`
--

LOCK TABLES `setting` WRITE;
/*!40000 ALTER TABLE `setting` DISABLE KEYS */;
INSERT INTO `setting` VALUES ('AB1FEFC3-7A4B-4DAC-BE75-C16985350E40','sf','567',1,'F9E7025A-47B1-4D52-A73B-C1D83E0F4DD0','464C2FFD-B0BD-4C91-B482-34B1F82EEB42','6691BCEE-EFAF-4862-8C4D-8FC510B7547E','6691BCEE-EFAF-4862-8C4D-8FC510B7547E','2018-03-12 18:25:36','2018-03-15 13:09:08',5);
/*!40000 ALTER TABLE `setting` ENABLE KEYS */;
UNLOCK TABLES;

--
-- Table structure for table `shipping_address`
--

DROP TABLE IF EXISTS `shipping_address`;
/*!40101 SET @saved_cs_client     = @@character_set_client */;
/*!40101 SET character_set_client = utf8 */;
CREATE TABLE `shipping_address` (
  `id` varchar(64) NOT NULL,
  `email` varchar(100) DEFAULT NULL,
  `phone_no` varchar(100) DEFAULT NULL,
  `mobile_no` varchar(100) DEFAULT NULL,
  `postal_code` varchar(100) DEFAULT NULL,
  `district` varchar(100) DEFAULT NULL,
  `province` varchar(100) DEFAULT NULL,
  `country` varchar(100) DEFAULT NULL,
  `address` varchar(455) DEFAULT NULL,
  `name` varchar(100) DEFAULT NULL,
  `sr` int(11) DEFAULT NULL,
  `branch_id` varchar(64) NOT NULL,
  `order_id` varchar(64) NOT NULL,
  `company_id` varchar(64) NOT NULL,
  PRIMARY KEY (`id`),
  KEY `fk_shipping_address_branch1_idx` (`branch_id`),
  KEY `fk_shipping_address_order1_idx` (`order_id`),
  KEY `fk_shipping_address_company1_idx` (`company_id`),
  CONSTRAINT `fk_shipping_address_branch1` FOREIGN KEY (`branch_id`) REFERENCES `branch` (`id`) ON DELETE NO ACTION ON UPDATE NO ACTION,
  CONSTRAINT `fk_shipping_address_company1` FOREIGN KEY (`company_id`) REFERENCES `company` (`id`) ON DELETE NO ACTION ON UPDATE NO ACTION,
  CONSTRAINT `fk_shipping_address_order1` FOREIGN KEY (`order_id`) REFERENCES `order` (`id`) ON DELETE NO ACTION ON UPDATE NO ACTION
) ENGINE=InnoDB DEFAULT CHARSET=utf8;
/*!40101 SET character_set_client = @saved_cs_client */;

--
-- Dumping data for table `shipping_address`
--

LOCK TABLES `shipping_address` WRITE;
/*!40000 ALTER TABLE `shipping_address` DISABLE KEYS */;
INSERT INTO `shipping_address` VALUES ('08EFF80E-5183-45A1-AFBB-72C03F878459',NULL,NULL,'','','','','Thailand','','admin',10,'464C2FFD-B0BD-4C91-B482-34B1F82EEB42','609F681F-FA89-4733-8233-5310941C31BC','F9E7025A-47B1-4D52-A73B-C1D83E0F4DD0'),('1EA9D339-872B-460B-BBEF-664DBCC84762',NULL,NULL,'','','','','Thailand','','admin',14,'464C2FFD-B0BD-4C91-B482-34B1F82EEB42','CE987625-B0CC-4595-8794-37DC1A646AAE','F9E7025A-47B1-4D52-A73B-C1D83E0F4DD0'),('34E3E557-561C-4238-9700-CC61C2C4972F',NULL,NULL,'','','','','Thailand ','thirty to streek khan poor, bareek road london','admin',4,'464C2FFD-B0BD-4C91-B482-34B1F82EEB42','77632A68-A820-44F4-BC8E-C95E225A5596','F9E7025A-47B1-4D52-A73B-C1D83E0F4DD0'),('4E2623C0-4783-4A41-B163-9BD3195FC5AB',NULL,'03008332781',NULL,'22210','','','Thailand ','thirty to streek khan poor, bareek road london','badar badar',6,'464C2FFD-B0BD-4C91-B482-34B1F82EEB42','E0DF1FF1-A464-4930-9A23-53EC0ABD073E','F9E7025A-47B1-4D52-A73B-C1D83E0F4DD0'),('5BC413BC-97BE-4F5F-8C6A-1E66FBD3E9D1',NULL,'',NULL,NULL,'','','Thailand ','','zeeshan Khan',12,'464C2FFD-B0BD-4C91-B482-34B1F82EEB42','56E399C1-25FF-46ED-972B-95777E21451D','F9E7025A-47B1-4D52-A73B-C1D83E0F4DD0'),('62D1A865-A882-4A92-9073-390BE08B0073',NULL,NULL,'','','','','Thailand','','admin',16,'464C2FFD-B0BD-4C91-B482-34B1F82EEB42','77B17B24-E6AA-4E6A-88F5-975CD080C463','F9E7025A-47B1-4D52-A73B-C1D83E0F4DD0'),('6348BEF3-1B2E-4ABC-89E0-ED0AA5DCC4EF',NULL,NULL,'','','','','Thailand','','admin',9,'464C2FFD-B0BD-4C91-B482-34B1F82EEB42','BC9D675B-E8B7-4EB9-AC95-C1500F84197A','F9E7025A-47B1-4D52-A73B-C1D83E0F4DD0'),('6C491A83-DAD8-4E56-AA17-68AF2CF47153',NULL,'03008332781',NULL,NULL,'','','Thailand ','thirty to streek khan poor, bareek road london','sajid Khan',1,'464C2FFD-B0BD-4C91-B482-34B1F82EEB42','6AD87516-899C-4018-9F7F-A79B7BE7AF99','F9E7025A-47B1-4D52-A73B-C1D83E0F4DD0'),('847ABAE3-5842-4DB0-8848-D6A8D41593BE',NULL,NULL,'','','','','Thailand ','thirty to streek khan poor, bareek road london','admin',2,'464C2FFD-B0BD-4C91-B482-34B1F82EEB42','0B128CF6-C90D-41E0-97E9-527711CA0187','F9E7025A-47B1-4D52-A73B-C1D83E0F4DD0'),('8C9726FF-B0B6-416D-A851-CFE831709203',NULL,NULL,'','','','','Thailand ','thirty to streek khan poor, bareek road london','admin',3,'464C2FFD-B0BD-4C91-B482-34B1F82EEB42','3ED9ECD2-7593-4130-BD1B-293054AD94B5','F9E7025A-47B1-4D52-A73B-C1D83E0F4DD0'),('8FD7E0F7-34FC-4EF3-BFCD-4C494BD44B92',NULL,NULL,'','','','','Thailand','','badar',15,'464C2FFD-B0BD-4C91-B482-34B1F82EEB42','B2176E91-C68E-4C8B-B100-DC97D2684127','F9E7025A-47B1-4D52-A73B-C1D83E0F4DD0'),('98D0063D-0735-4CFD-A5F8-41EB91924874',NULL,'4534',NULL,'54110','','','Thailand ','','immad immad',13,'464C2FFD-B0BD-4C91-B482-34B1F82EEB42','9FA04373-572D-422A-A16E-B268BCFEE1F6','F9E7025A-47B1-4D52-A73B-C1D83E0F4DD0'),('AF8FE288-8879-4F95-B5B4-2A3D9D4A03EA',NULL,'',NULL,'54110','','','Thailand ','','Naeem Khan',11,'464C2FFD-B0BD-4C91-B482-34B1F82EEB42','23DADF80-526A-49A5-9FF0-F281515247E5','F9E7025A-47B1-4D52-A73B-C1D83E0F4DD0'),('B1A4A7E9-067F-4A40-B6B1-291128D54A77',NULL,NULL,'','','','','Thailand','','sajid',8,'464C2FFD-B0BD-4C91-B482-34B1F82EEB42','902DA630-AA38-4C7D-9487-BABA3F6208CD','F9E7025A-47B1-4D52-A73B-C1D83E0F4DD0'),('BE64EFDB-CEA2-4B77-8332-C3A0F849CCE0',NULL,NULL,'','','','','Thailand ','thirty to streek khan poor, bareek road london','admin',5,'464C2FFD-B0BD-4C91-B482-34B1F82EEB42','59C351A8-7C2E-42EB-A1EC-9BAD791BE956','F9E7025A-47B1-4D52-A73B-C1D83E0F4DD0'),('E511D9DE-685F-4F68-8AE9-B13204205CAB',NULL,NULL,'','','','','Thailand','','admin',7,'464C2FFD-B0BD-4C91-B482-34B1F82EEB42','7470D911-3777-467B-994A-A47257DE1676','F9E7025A-47B1-4D52-A73B-C1D83E0F4DD0');
/*!40000 ALTER TABLE `shipping_address` ENABLE KEYS */;
UNLOCK TABLES;

--
-- Table structure for table `stock_in`
--

DROP TABLE IF EXISTS `stock_in`;
/*!40101 SET @saved_cs_client     = @@character_set_client */;
/*!40101 SET character_set_client = utf8 */;
CREATE TABLE `stock_in` (
  `id` varchar(64) NOT NULL,
  `timestamp` timestamp NULL DEFAULT CURRENT_TIMESTAMP,
  `initial_quantity` int(11) DEFAULT NULL,
  `remaining_quantity` int(11) DEFAULT NULL,
  `price` double DEFAULT NULL,
  `sr` int(11) DEFAULT NULL,
  `branch_id` varchar(64) NOT NULL,
  `user_id` varchar(64) NOT NULL,
  `product_id` varchar(64) NOT NULL,
  `company_id` varchar(64) NOT NULL,
  PRIMARY KEY (`id`),
  KEY `fk_stock_in_branch1_idx` (`branch_id`),
  KEY `fk_stock_in_user1_idx` (`user_id`),
  KEY `fk_stock_in_product1_idx` (`product_id`),
  KEY `fk_stock_in_company1_idx` (`company_id`),
  CONSTRAINT `fk_stock_in_branch1` FOREIGN KEY (`branch_id`) REFERENCES `branch` (`id`) ON DELETE NO ACTION ON UPDATE NO ACTION,
  CONSTRAINT `fk_stock_in_company1` FOREIGN KEY (`company_id`) REFERENCES `company` (`id`) ON DELETE NO ACTION ON UPDATE NO ACTION,
  CONSTRAINT `fk_stock_in_product1` FOREIGN KEY (`product_id`) REFERENCES `product` (`id`) ON DELETE NO ACTION ON UPDATE NO ACTION,
  CONSTRAINT `fk_stock_in_user1` FOREIGN KEY (`user_id`) REFERENCES `user` (`id`) ON DELETE NO ACTION ON UPDATE NO ACTION
) ENGINE=InnoDB DEFAULT CHARSET=utf8;
/*!40101 SET character_set_client = @saved_cs_client */;

--
-- Dumping data for table `stock_in`
--

LOCK TABLES `stock_in` WRITE;
/*!40000 ALTER TABLE `stock_in` DISABLE KEYS */;
INSERT INTO `stock_in` VALUES ('1CA3C276-52A9-418F-8213-98182C0F64F5','2018-03-15 05:31:20',5,5,560,8,'464C2FFD-B0BD-4C91-B482-34B1F82EEB42','1A4FA379-13B9-4EA7-BE7C-1C80E41DB74E','111C9ED4-77B1-423C-B306-8D79F3BFAA32','F9E7025A-47B1-4D52-A73B-C1D83E0F4DD0'),('20CA4924-5F84-4088-B65A-E937DBF01550','2018-03-09 10:06:22',1000,1000,567,6,'464C2FFD-B0BD-4C91-B482-34B1F82EEB42','0D569696-C021-4924-9F1B-B95C066474FE','111C9ED4-77B1-423C-B306-8D79F3BFAA32','F9E7025A-47B1-4D52-A73B-C1D83E0F4DD0'),('2ADC09D6-1449-4796-9FF5-10FB3E79EADD','2018-03-15 09:49:46',4,4,560,10,'464C2FFD-B0BD-4C91-B482-34B1F82EEB42','7BDFA3FC-675C-47E4-BFA1-F4F625910F2B','111C9ED4-77B1-423C-B306-8D79F3BFAA32','F9E7025A-47B1-4D52-A73B-C1D83E0F4DD0'),('5B84D411-61EA-4DAF-B613-CE085CB35A63','2018-03-15 09:37:37',5,1,560,9,'464C2FFD-B0BD-4C91-B482-34B1F82EEB42','72A627BA-9937-4E18-89CF-7E856068E36B','111C9ED4-77B1-423C-B306-8D79F3BFAA32','F9E7025A-47B1-4D52-A73B-C1D83E0F4DD0'),('722EA080-67FF-4441-93DB-DBA090AFF2C7','2018-03-09 10:37:03',67,67,70,7,'464C2FFD-B0BD-4C91-B482-34B1F82EEB42','D7131FFF-6F25-4479-BC53-57BFBC41A6F6','9CDD5A11-CF2D-4703-88F5-B1A636DF0039','F9E7025A-47B1-4D52-A73B-C1D83E0F4DD0'),('C6C934FE-BAF4-44BF-AE2F-702DCAF6778C','2018-03-06 07:26:20',50000,43176,780,2,'464C2FFD-B0BD-4C91-B482-34B1F82EEB42','6691BCEE-EFAF-4862-8C4D-8FC510B7547E','111C9ED4-77B1-423C-B306-8D79F3BFAA32','F9E7025A-47B1-4D52-A73B-C1D83E0F4DD0'),('D2C44141-A9F9-4586-85E8-DF5A4B98BF4C','2018-03-07 07:04:02',5600,5600,200,3,'464C2FFD-B0BD-4C91-B482-34B1F82EEB42','D7131FFF-6F25-4479-BC53-57BFBC41A6F6','111C9ED4-77B1-423C-B306-8D79F3BFAA32','F9E7025A-47B1-4D52-A73B-C1D83E0F4DD0'),('DD437A8A-FD77-428E-857C-769FBD82271F','2018-03-09 10:06:22',1000,1000,70,5,'464C2FFD-B0BD-4C91-B482-34B1F82EEB42','0D569696-C021-4924-9F1B-B95C066474FE','9CDD5A11-CF2D-4703-88F5-B1A636DF0039','F9E7025A-47B1-4D52-A73B-C1D83E0F4DD0'),('E35F2610-270D-4EA9-B3C4-4DF22F3E06D1','2018-03-09 05:41:26',60000,58333,580,4,'464C2FFD-B0BD-4C91-B482-34B1F82EEB42','6691BCEE-EFAF-4862-8C4D-8FC510B7547E','9CDD5A11-CF2D-4703-88F5-B1A636DF0039','F9E7025A-47B1-4D52-A73B-C1D83E0F4DD0');
/*!40000 ALTER TABLE `stock_in` ENABLE KEYS */;
UNLOCK TABLES;

--
-- Table structure for table `stock_out`
--

DROP TABLE IF EXISTS `stock_out`;
/*!40101 SET @saved_cs_client     = @@character_set_client */;
/*!40101 SET character_set_client = utf8 */;
CREATE TABLE `stock_out` (
  `id` varchar(64) NOT NULL,
  `quantity` int(11) DEFAULT NULL,
  `timestamp` timestamp NULL DEFAULT NULL,
  `sr` int(11) DEFAULT NULL,
  `branch_id` varchar(64) NOT NULL,
  `product_order_id` varchar(64) NOT NULL,
  `stock_in_id` varchar(64) NOT NULL,
  `company_id` varchar(64) NOT NULL,
  PRIMARY KEY (`id`),
  KEY `fk_stock_out_branch1_idx` (`branch_id`),
  KEY `fk_stock_out_product_order1_idx` (`product_order_id`),
  KEY `fk_stock_out_stock_in1_idx` (`stock_in_id`),
  KEY `fk_stock_out_company1_idx` (`company_id`),
  CONSTRAINT `fk_stock_out_branch1` FOREIGN KEY (`branch_id`) REFERENCES `branch` (`id`) ON DELETE NO ACTION ON UPDATE NO ACTION,
  CONSTRAINT `fk_stock_out_company1` FOREIGN KEY (`company_id`) REFERENCES `company` (`id`) ON DELETE NO ACTION ON UPDATE NO ACTION,
  CONSTRAINT `fk_stock_out_product_order1` FOREIGN KEY (`product_order_id`) REFERENCES `product_order` (`id`) ON DELETE NO ACTION ON UPDATE NO ACTION,
  CONSTRAINT `fk_stock_out_stock_in1` FOREIGN KEY (`stock_in_id`) REFERENCES `stock_in` (`id`) ON DELETE NO ACTION ON UPDATE NO ACTION
) ENGINE=InnoDB DEFAULT CHARSET=utf8;
/*!40101 SET character_set_client = @saved_cs_client */;

--
-- Dumping data for table `stock_out`
--

LOCK TABLES `stock_out` WRITE;
/*!40000 ALTER TABLE `stock_out` DISABLE KEYS */;
INSERT INTO `stock_out` VALUES ('52F09EBF-1009-4197-8701-C95E76228569',5,'2018-03-15 09:37:37',11,'464C2FFD-B0BD-4C91-B482-34B1F82EEB42','2D498159-35C9-4A9D-A138-4826CB9E9D2F','C6C934FE-BAF4-44BF-AE2F-702DCAF6778C','F9E7025A-47B1-4D52-A73B-C1D83E0F4DD0'),('81B88AC6-8954-4797-9314-8FAB7D1CEA20',5600,'2018-03-07 07:04:02',5,'464C2FFD-B0BD-4C91-B482-34B1F82EEB42','53D7D885-B7FF-43CD-842E-6D889BA33DB5','C6C934FE-BAF4-44BF-AE2F-702DCAF6778C','F9E7025A-47B1-4D52-A73B-C1D83E0F4DD0'),('821011E9-2129-4F4F-9A7A-462233A19B15',67,'2018-03-09 10:37:03',9,'464C2FFD-B0BD-4C91-B482-34B1F82EEB42','59C84482-58F8-4AB3-A16B-CE7F2E6749C2','E35F2610-270D-4EA9-B3C4-4DF22F3E06D1','F9E7025A-47B1-4D52-A73B-C1D83E0F4DD0'),('86573357-3710-4615-931C-D623C3D1A4D4',4,'2018-03-15 09:49:46',12,'464C2FFD-B0BD-4C91-B482-34B1F82EEB42','F49DD618-8234-42BD-ADCD-F6DF8F0C26B2','5B84D411-61EA-4DAF-B613-CE085CB35A63','F9E7025A-47B1-4D52-A73B-C1D83E0F4DD0'),('9CF883F7-8C3D-44CB-B5E0-839935F59E6F',1000,'2018-03-09 10:06:22',8,'464C2FFD-B0BD-4C91-B482-34B1F82EEB42','1B66C13E-37B1-4A35-8DB9-EFE4B41D6676','E35F2610-270D-4EA9-B3C4-4DF22F3E06D1','F9E7025A-47B1-4D52-A73B-C1D83E0F4DD0'),('C28FEC63-79D3-4975-8B53-8716A8344299',1000,'2018-03-09 10:06:22',8,'464C2FFD-B0BD-4C91-B482-34B1F82EEB42','C795D582-F465-44D2-B544-C1CBD70E9CCC','C6C934FE-BAF4-44BF-AE2F-702DCAF6778C','F9E7025A-47B1-4D52-A73B-C1D83E0F4DD0'),('F53E6136-15EB-4AB1-A8D3-64AB0804AE77',5,'2018-03-15 05:31:20',10,'464C2FFD-B0BD-4C91-B482-34B1F82EEB42','6F843C88-AC32-4D26-9D57-980E8F0714BD','C6C934FE-BAF4-44BF-AE2F-702DCAF6778C','F9E7025A-47B1-4D52-A73B-C1D83E0F4DD0');
/*!40000 ALTER TABLE `stock_out` ENABLE KEYS */;
UNLOCK TABLES;

--
-- Table structure for table `stock_status`
--

DROP TABLE IF EXISTS `stock_status`;
/*!40101 SET @saved_cs_client     = @@character_set_client */;
/*!40101 SET character_set_client = utf8 */;
CREATE TABLE `stock_status` (
  `id` varchar(64) NOT NULL,
  `below_percentage` varchar(45) DEFAULT NULL,
  `sr` int(11) DEFAULT NULL,
  `branch_id` varchar(64) NOT NULL,
  `product_id` varchar(64) NOT NULL,
  `user_id` varchar(64) NOT NULL,
  `company_id` varchar(64) NOT NULL,
  PRIMARY KEY (`id`),
  KEY `fk_stock_status_branch1_idx` (`branch_id`),
  KEY `fk_stock_status_product1_idx` (`product_id`),
  KEY `fk_stock_status_user1_idx` (`user_id`),
  KEY `fk_stock_status_company1_idx` (`company_id`),
  CONSTRAINT `fk_stock_status_branch1` FOREIGN KEY (`branch_id`) REFERENCES `branch` (`id`) ON DELETE NO ACTION ON UPDATE NO ACTION,
  CONSTRAINT `fk_stock_status_company1` FOREIGN KEY (`company_id`) REFERENCES `company` (`id`) ON DELETE NO ACTION ON UPDATE NO ACTION,
  CONSTRAINT `fk_stock_status_product1` FOREIGN KEY (`product_id`) REFERENCES `product` (`id`) ON DELETE NO ACTION ON UPDATE NO ACTION,
  CONSTRAINT `fk_stock_status_user1` FOREIGN KEY (`user_id`) REFERENCES `user` (`id`) ON DELETE NO ACTION ON UPDATE NO ACTION
) ENGINE=InnoDB DEFAULT CHARSET=utf8;
/*!40101 SET character_set_client = @saved_cs_client */;

--
-- Dumping data for table `stock_status`
--

LOCK TABLES `stock_status` WRITE;
/*!40000 ALTER TABLE `stock_status` DISABLE KEYS */;
INSERT INTO `stock_status` VALUES ('06F12D68-F62E-47AB-8F4D-71C95609AD95','20',1,'464C2FFD-B0BD-4C91-B482-34B1F82EEB42','111C9ED4-77B1-423C-B306-8D79F3BFAA32','D7131FFF-6F25-4479-BC53-57BFBC41A6F6','F9E7025A-47B1-4D52-A73B-C1D83E0F4DD0'),('1E26A0EC-A9DC-4B89-8894-A9E6824BAA4F','20',4,'464C2FFD-B0BD-4C91-B482-34B1F82EEB42','111C9ED4-77B1-423C-B306-8D79F3BFAA32','72A627BA-9937-4E18-89CF-7E856068E36B','F9E7025A-47B1-4D52-A73B-C1D83E0F4DD0'),('5CDF9C2E-E262-4A72-A3B9-D2C2109B1164','20',3,'464C2FFD-B0BD-4C91-B482-34B1F82EEB42','9CDD5A11-CF2D-4703-88F5-B1A636DF0039','1A4FA379-13B9-4EA7-BE7C-1C80E41DB74E','F9E7025A-47B1-4D52-A73B-C1D83E0F4DD0'),('6C6F58C4-7B5F-458F-88E7-BC6A1F9BBF41','20',2,'464C2FFD-B0BD-4C91-B482-34B1F82EEB42','111C9ED4-77B1-423C-B306-8D79F3BFAA32','0D569696-C021-4924-9F1B-B95C066474FE','F9E7025A-47B1-4D52-A73B-C1D83E0F4DD0'),('903A4C43-3DC2-4ECE-87BE-41DAD8ACA32E','20',5,'464C2FFD-B0BD-4C91-B482-34B1F82EEB42','111C9ED4-77B1-423C-B306-8D79F3BFAA32','7BDFA3FC-675C-47E4-BFA1-F4F625910F2B','F9E7025A-47B1-4D52-A73B-C1D83E0F4DD0');
/*!40000 ALTER TABLE `stock_status` ENABLE KEYS */;
UNLOCK TABLES;

--
-- Table structure for table `user`
--

DROP TABLE IF EXISTS `user`;
/*!40101 SET @saved_cs_client     = @@character_set_client */;
/*!40101 SET character_set_client = utf8 */;
CREATE TABLE `user` (
  `id` varchar(64) NOT NULL,
  `username` varchar(255) DEFAULT NULL,
  `auth_key` varchar(32) DEFAULT NULL,
  `password_hash` varchar(255) DEFAULT NULL,
  `password_reset_token` varchar(255) DEFAULT NULL,
  `email` varchar(255) DEFAULT NULL,
  `status` int(6) DEFAULT '10',
  `created_at` varchar(64) NOT NULL,
  `link` varchar(450) DEFAULT NULL,
  `updated_at` varchar(64) NOT NULL,
  `parent_id` varchar(64) DEFAULT NULL,
  `user_level_id` varchar(64) DEFAULT NULL,
  `phone_no` varchar(45) DEFAULT NULL,
  `mobile_no` varchar(100) DEFAULT NULL,
  `district` varchar(100) DEFAULT NULL,
  `province` varchar(100) DEFAULT NULL,
  `postal_code` varchar(100) DEFAULT NULL,
  `address` varchar(5000) DEFAULT NULL,
  `city` varchar(120) DEFAULT NULL,
  `country` varchar(120) DEFAULT NULL,
  `first_name` varchar(75) DEFAULT NULL,
  `last_name` varchar(75) DEFAULT NULL,
  `company_user` int(11) DEFAULT '0',
  `profile` varchar(100) DEFAULT NULL,
  `sr` int(11) DEFAULT NULL,
  `branch_id` varchar(64) NOT NULL,
  `company_id` varchar(64) NOT NULL,
  PRIMARY KEY (`id`),
  UNIQUE KEY `username` (`username`),
  UNIQUE KEY `password_reset_token` (`password_reset_token`),
  KEY `fk_user_user_level1_idx` (`user_level_id`),
  KEY `fk_user_branch1_idx` (`branch_id`),
  KEY `fk_user_company1_idx` (`company_id`),
  CONSTRAINT `fk_user_branch1` FOREIGN KEY (`branch_id`) REFERENCES `branch` (`id`) ON DELETE NO ACTION ON UPDATE NO ACTION,
  CONSTRAINT `fk_user_company1` FOREIGN KEY (`company_id`) REFERENCES `company` (`id`) ON DELETE NO ACTION ON UPDATE NO ACTION
) ENGINE=InnoDB DEFAULT CHARSET=utf8;
/*!40101 SET character_set_client = @saved_cs_client */;

--
-- Dumping data for table `user`
--

LOCK TABLES `user` WRITE;
/*!40000 ALTER TABLE `user` DISABLE KEYS */;
INSERT INTO `user` VALUES ('0D569696-C021-4924-9F1B-B95C066474FE','badar','ktzeCc9VDzi0fi9K1QyMuKyglbtpTdM8','$2y$13$0MCjKB7C95TKyzgRO4o3.uFoW3PQ5JWQqvqRQycWjppRnapStTN7u',NULL,'badar@gmail.com',1,'1520589982',NULL,'1520589982','6691BCEE-EFAF-4862-8C4D-8FC510B7547E','7CC1C018-44EE-41D9-881C-7D6428E672A6','03008332781',NULL,'','','22210','thirty to streek khan poor, bareek road london','islamabad','Thailand ','badar','badar',0,'',3,'464C2FFD-B0BD-4C91-B482-34B1F82EEB42','F9E7025A-47B1-4D52-A73B-C1D83E0F4DD0'),('1A4FA379-13B9-4EA7-BE7C-1C80E41DB74E','naeem','RQQWX4XqIJ_aazfiYIyvR-uZjv9fZMn0','$2y$13$CMwgmyEYYAcWJC/MAQVKJ.dYmQFzmnQjtNxPYBPBJl6iusaJNKx2u',NULL,'naeem@gmail.com',1,'1521091878',NULL,'1521091878','6691BCEE-EFAF-4862-8C4D-8FC510B7547E','7CC1C018-44EE-41D9-881C-7D6428E672A6','',NULL,'','','54110','','','Thailand ','Naeem','Khan',0,'',4,'464C2FFD-B0BD-4C91-B482-34B1F82EEB42','F9E7025A-47B1-4D52-A73B-C1D83E0F4DD0'),('6691BCEE-EFAF-4862-8C4D-8FC510B7547E','admin','4SlmJwpMDJPedR7Rxl-VtVATAoWVcU9U','$2y$13$HBREXuuiJTXVzv.GOCbIhOlaDbnsvVSpax7klWbBBCS93c.t83q66',NULL,'admin@gmail.com',1,'1520252419',NULL,'1520252419',NULL,'FBF4BDDE-952F-4579-A042-002AEA69E1F4',NULL,NULL,NULL,NULL,NULL,NULL,NULL,NULL,'admin','user',0,'M274bW4FLppUfO42QezDQqXXEbTzwjVP.jpg',1,'464C2FFD-B0BD-4C91-B482-34B1F82EEB42','F9E7025A-47B1-4D52-A73B-C1D83E0F4DD0'),('72A627BA-9937-4E18-89CF-7E856068E36B','zeeshan','2nQNtFBRKmHGwUxvEV-Y-IrpeFOd_uwf','$2y$13$JxBMfYKYvGmdt/RoFezH3ezraD14Ng9TZWWwlakn45yqFQqtu5d0a',NULL,'zeeshan@gmial.com',1,'1521106656',NULL,'1521106656','6691BCEE-EFAF-4862-8C4D-8FC510B7547E','7CC1C018-44EE-41D9-881C-7D6428E672A6','',NULL,'','',NULL,'','','Thailand ','zeeshan','Khan',0,'',5,'464C2FFD-B0BD-4C91-B482-34B1F82EEB42','F9E7025A-47B1-4D52-A73B-C1D83E0F4DD0'),('7BDFA3FC-675C-47E4-BFA1-F4F625910F2B','immad','unJA73CYSEN4agsDZKSzgvs23-v6KPh4','$2y$13$XnTgvzbJNnb5suH1EiTOTeQPBytebq6G0Ibpx4Stxx01mqqSulGJC',NULL,'immad@gmail.com',1,'1521107385',NULL,'1521107385','72A627BA-9937-4E18-89CF-7E856068E36B','71E5BEB8-D230-4AA0-9F22-C73D323CC658','4534',NULL,'','','54110','','','Thailand ','immad','immad',0,'',6,'464C2FFD-B0BD-4C91-B482-34B1F82EEB42','F9E7025A-47B1-4D52-A73B-C1D83E0F4DD0'),('D7131FFF-6F25-4479-BC53-57BFBC41A6F6','sajid','qpfAiJWkkHU2XynUjtp-Kdn-YHzsDHse','$2y$13$5R8403c8qZTPBRGCs1zh1eeec3p132hQG2yfN3Oxe8zl5f7T5HzyO',NULL,'badar@gmail.com',1,'1520406241',NULL,'1520406241','6691BCEE-EFAF-4862-8C4D-8FC510B7547E','7CC1C018-44EE-41D9-881C-7D6428E672A6','03008332781',NULL,'','',NULL,'thirty to streek khan poor, bareek road london','islamabad','Thailand ','sajid','Khan',0,'',2,'464C2FFD-B0BD-4C91-B482-34B1F82EEB42','F9E7025A-47B1-4D52-A73B-C1D83E0F4DD0');
/*!40000 ALTER TABLE `user` ENABLE KEYS */;
UNLOCK TABLES;

--
-- Table structure for table `user_product_level`
--

DROP TABLE IF EXISTS `user_product_level`;
/*!40101 SET @saved_cs_client     = @@character_set_client */;
/*!40101 SET character_set_client = utf8 */;
CREATE TABLE `user_product_level` (
  `id` varchar(64) NOT NULL,
  `units` int(11) DEFAULT NULL,
  `price` double DEFAULT NULL,
  `sr` int(11) DEFAULT NULL,
  `branch_id` varchar(64) NOT NULL,
  `product_id` varchar(64) NOT NULL,
  `company_id` varchar(64) NOT NULL,
  `user_level_id` varchar(64) NOT NULL,
  PRIMARY KEY (`id`),
  KEY `fk_user_product_level_branch1_idx` (`branch_id`),
  KEY `fk_user_product_level_product1_idx` (`product_id`),
  KEY `fk_user_product_level_company1_idx` (`company_id`),
  KEY `fk_user_product_level_users_level1_idx` (`user_level_id`),
  CONSTRAINT `fk_user_product_level_branch1` FOREIGN KEY (`branch_id`) REFERENCES `branch` (`id`) ON DELETE NO ACTION ON UPDATE NO ACTION,
  CONSTRAINT `fk_user_product_level_company1` FOREIGN KEY (`company_id`) REFERENCES `company` (`id`) ON DELETE NO ACTION ON UPDATE NO ACTION,
  CONSTRAINT `fk_user_product_level_product1` FOREIGN KEY (`product_id`) REFERENCES `product` (`id`) ON DELETE NO ACTION ON UPDATE NO ACTION,
  CONSTRAINT `fk_user_product_level_users_level1` FOREIGN KEY (`user_level_id`) REFERENCES `users_level` (`id`) ON DELETE NO ACTION ON UPDATE NO ACTION
) ENGINE=InnoDB DEFAULT CHARSET=utf8;
/*!40101 SET character_set_client = @saved_cs_client */;

--
-- Dumping data for table `user_product_level`
--

LOCK TABLES `user_product_level` WRITE;
/*!40000 ALTER TABLE `user_product_level` DISABLE KEYS */;
INSERT INTO `user_product_level` VALUES ('0E4DFE20-2FD5-4944-B586-CCF9973213F1',500,600,NULL,'464C2FFD-B0BD-4C91-B482-34B1F82EEB42','9CDD5A11-CF2D-4703-88F5-B1A636DF0039','F9E7025A-47B1-4D52-A73B-C1D83E0F4DD0','09A3C46A-2BD8-45A1-AD06-A01324E09F5A'),('18E69408-BB35-4B41-A728-9DF788537DDC',500,1000,NULL,'464C2FFD-B0BD-4C91-B482-34B1F82EEB42','111C9ED4-77B1-423C-B306-8D79F3BFAA32','F9E7025A-47B1-4D52-A73B-C1D83E0F4DD0','09A3C46A-2BD8-45A1-AD06-A01324E09F5A'),('3C73DACA-750F-4AE7-B133-2FA786797124',1000,70,NULL,'464C2FFD-B0BD-4C91-B482-34B1F82EEB42','9CDD5A11-CF2D-4703-88F5-B1A636DF0039','F9E7025A-47B1-4D52-A73B-C1D83E0F4DD0','7CC1C018-44EE-41D9-881C-7D6428E672A6'),('4BCC95F6-B0CA-4AC0-A1F7-094F90914157',100,300,NULL,'464C2FFD-B0BD-4C91-B482-34B1F82EEB42','9CDD5A11-CF2D-4703-88F5-B1A636DF0039','F9E7025A-47B1-4D52-A73B-C1D83E0F4DD0','71E5BEB8-D230-4AA0-9F22-C73D323CC658'),('4DC9FD6B-7212-46D7-B83E-0F73687DFD2F',100,300,NULL,'464C2FFD-B0BD-4C91-B482-34B1F82EEB42','9CDD5A11-CF2D-4703-88F5-B1A636DF0039','F9E7025A-47B1-4D52-A73B-C1D83E0F4DD0','7CC1C018-44EE-41D9-881C-7D6428E672A6'),('C7EE0129-CE31-43FA-B3C2-D6DAAF316772',100,300,NULL,'464C2FFD-B0BD-4C91-B482-34B1F82EEB42','9CDD5A11-CF2D-4703-88F5-B1A636DF0039','F9E7025A-47B1-4D52-A73B-C1D83E0F4DD0','09A3C46A-2BD8-45A1-AD06-A01324E09F5A'),('E1CAD64B-F14C-4AF1-9E0C-4D99F6F3F8EB',500,600,NULL,'464C2FFD-B0BD-4C91-B482-34B1F82EEB42','111C9ED4-77B1-423C-B306-8D79F3BFAA32','F9E7025A-47B1-4D52-A73B-C1D83E0F4DD0','71E5BEB8-D230-4AA0-9F22-C73D323CC658'),('E677F265-A0D4-4192-AD6D-28DE0F0C8277',700,567,NULL,'464C2FFD-B0BD-4C91-B482-34B1F82EEB42','111C9ED4-77B1-423C-B306-8D79F3BFAA32','F9E7025A-47B1-4D52-A73B-C1D83E0F4DD0','7CC1C018-44EE-41D9-881C-7D6428E672A6');
/*!40000 ALTER TABLE `user_product_level` ENABLE KEYS */;
UNLOCK TABLES;

--
-- Table structure for table `users_level`
--

DROP TABLE IF EXISTS `users_level`;
/*!40101 SET @saved_cs_client     = @@character_set_client */;
/*!40101 SET character_set_client = utf8 */;
CREATE TABLE `users_level` (
  `id` varchar(64) NOT NULL,
  `name` varchar(450) DEFAULT NULL,
  `display_name` varchar(100) DEFAULT NULL,
  `parent_id` varchar(64) DEFAULT NULL,
  `max_user` int(11) DEFAULT NULL,
  `sr` int(11) DEFAULT NULL,
  `branch_id` varchar(64) NOT NULL,
  `company_id` varchar(64) NOT NULL,
  PRIMARY KEY (`id`),
  KEY `fk_users_level_branch1_idx` (`branch_id`),
  KEY `fk_users_level_company1_idx` (`company_id`),
  CONSTRAINT `fk_users_level_branch1` FOREIGN KEY (`branch_id`) REFERENCES `branch` (`id`) ON DELETE NO ACTION ON UPDATE NO ACTION,
  CONSTRAINT `fk_users_level_company1` FOREIGN KEY (`company_id`) REFERENCES `company` (`id`) ON DELETE NO ACTION ON UPDATE NO ACTION
) ENGINE=InnoDB DEFAULT CHARSET=utf8;
/*!40101 SET character_set_client = @saved_cs_client */;

--
-- Dumping data for table `users_level`
--

LOCK TABLES `users_level` WRITE;
/*!40000 ALTER TABLE `users_level` DISABLE KEYS */;
INSERT INTO `users_level` VALUES ('09A3C46A-2BD8-45A1-AD06-A01324E09F5A','Staff','Staff','2000',10,3000,'464C2FFD-B0BD-4C91-B482-34B1F82EEB42','F9E7025A-47B1-4D52-A73B-C1D83E0F4DD0'),('71E5BEB8-D230-4AA0-9F22-C73D323CC658','Sales','Sales','1000',5,2000,'464C2FFD-B0BD-4C91-B482-34B1F82EEB42','F9E7025A-47B1-4D52-A73B-C1D83E0F4DD0'),('7CC1C018-44EE-41D9-881C-7D6428E672A6','Admin','Admin','1',20,1000,'464C2FFD-B0BD-4C91-B482-34B1F82EEB42','F9E7025A-47B1-4D52-A73B-C1D83E0F4DD0'),('FBF4BDDE-952F-4579-A042-002AEA69E1F4','Super Admin','Super Admin','0',1,1,'464C2FFD-B0BD-4C91-B482-34B1F82EEB42','F9E7025A-47B1-4D52-A73B-C1D83E0F4DD0');
/*!40000 ALTER TABLE `users_level` ENABLE KEYS */;
UNLOCK TABLES;
/*!40103 SET TIME_ZONE=@OLD_TIME_ZONE */;

/*!40101 SET SQL_MODE=@OLD_SQL_MODE */;
/*!40014 SET FOREIGN_KEY_CHECKS=@OLD_FOREIGN_KEY_CHECKS */;
/*!40014 SET UNIQUE_CHECKS=@OLD_UNIQUE_CHECKS */;
/*!40101 SET CHARACTER_SET_CLIENT=@OLD_CHARACTER_SET_CLIENT */;
/*!40101 SET CHARACTER_SET_RESULTS=@OLD_CHARACTER_SET_RESULTS */;
/*!40101 SET COLLATION_CONNECTION=@OLD_COLLATION_CONNECTION */;
/*!40111 SET SQL_NOTES=@OLD_SQL_NOTES */;

-- Dump completed on 2018-03-16 16:50:32
