-- MySQL dump 10.13  Distrib 5.6.17, for Win64 (x86_64)
--
-- Host: localhost    Database: sales
-- ------------------------------------------------------
-- Server version	5.7.14

/*!40101 SET @OLD_CHARACTER_SET_CLIENT=@@CHARACTER_SET_CLIENT */;
/*!40101 SET @OLD_CHARACTER_SET_RESULTS=@@CHARACTER_SET_RESULTS */;
/*!40101 SET @OLD_COLLATION_CONNECTION=@@COLLATION_CONNECTION */;
/*!40101 SET NAMES utf8 */;
/*!40103 SET @OLD_TIME_ZONE=@@TIME_ZONE */;
/*!40103 SET TIME_ZONE='+00:00' */;
/*!40014 SET @OLD_UNIQUE_CHECKS=@@UNIQUE_CHECKS, UNIQUE_CHECKS=0 */;
/*!40014 SET @OLD_FOREIGN_KEY_CHECKS=@@FOREIGN_KEY_CHECKS, FOREIGN_KEY_CHECKS=0 */;
/*!40101 SET @OLD_SQL_MODE=@@SQL_MODE, SQL_MODE='NO_AUTO_VALUE_ON_ZERO' */;
/*!40111 SET @OLD_SQL_NOTES=@@SQL_NOTES, SQL_NOTES=0 */;

--
-- Table structure for table `account`
--

DROP TABLE IF EXISTS `account`;
/*!40101 SET @saved_cs_client     = @@character_set_client */;
/*!40101 SET character_set_client = utf8 */;
CREATE TABLE `account` (
  `id` int(11) NOT NULL AUTO_INCREMENT,
  `account_type` varchar(45) COLLATE utf8_unicode_ci DEFAULT NULL,
  `account_name` varchar(45) COLLATE utf8_unicode_ci DEFAULT NULL,
  `account_description` varchar(45) COLLATE utf8_unicode_ci DEFAULT NULL,
  `created_by` int(11) DEFAULT NULL,
  `updated_by` int(11) DEFAULT NULL,
  `created_at` timestamp NULL DEFAULT NULL,
  `updated_at` timestamp NULL DEFAULT NULL,
  `user_id` int(11) NOT NULL,
  PRIMARY KEY (`id`),
  KEY `fk_account_user2_idx` (`user_id`),
  CONSTRAINT `fk_account_user2` FOREIGN KEY (`user_id`) REFERENCES `user` (`id`) ON DELETE NO ACTION ON UPDATE NO ACTION
) ENGINE=InnoDB AUTO_INCREMENT=632 DEFAULT CHARSET=utf8 COLLATE=utf8_unicode_ci;
/*!40101 SET character_set_client = @saved_cs_client */;

--
-- Dumping data for table `account`
--

LOCK TABLES `account` WRITE;
/*!40000 ALTER TABLE `account` DISABLE KEYS */;
INSERT INTO `account` VALUES (1,'1','admin-receivable','Account to calculate profit',NULL,NULL,NULL,NULL,1),(2,'2','admin-payable','Account to calculate profit',NULL,NULL,NULL,NULL,1),(544,'1','arslankhd-receivable','Account to calculate profit',1,1,'2018-02-09 13:19:50','2018-02-09 13:19:50',885),(545,'2','arslankhd-payable','Account to calculate profit',1,1,'2018-02-09 13:19:50','2018-02-09 13:19:50',885),(546,'1','imrankhd-receivable','Account to calculate profit',1,1,'2018-02-09 13:25:57','2018-02-09 13:25:57',886),(547,'2','imrankhd-payable','Account to calculate profit',1,1,'2018-02-09 13:25:57','2018-02-09 13:25:57',886),(548,'1','Bbb-receivable','Account to calculate profit',1,1,'2018-02-09 13:26:15','2018-02-09 13:26:15',887),(549,'2','Bbb-payable','Account to calculate profit',1,1,'2018-02-09 13:26:15','2018-02-09 13:26:15',887),(550,'1','Yyy-receivable','Account to calculate profit',1,1,'2018-02-09 13:28:55','2018-02-09 13:28:55',888),(551,'2','Yyy-payable','Account to calculate profit',1,1,'2018-02-09 13:28:55','2018-02-09 13:28:55',888),(552,'1','vik-receivable','Account to calculate profit',1,1,'2018-02-09 13:39:29','2018-02-09 13:39:29',889),(553,'2','vik-payable','Account to calculate profit',1,1,'2018-02-09 13:39:29','2018-02-09 13:39:29',889),(556,'1','customer-receivable','Account to calculate profit',NULL,NULL,'2018-02-09 13:45:29','2018-02-09 13:45:29',891),(557,'2','customer-payable','Account to calculate profit',NULL,NULL,'2018-02-09 13:45:29','2018-02-09 13:45:29',891),(558,'1','mr1-receivable','Account to calculate profit',1,1,'2018-02-09 14:15:20','2018-02-09 14:15:20',892),(559,'2','mr1-payable','Account to calculate profit',1,1,'2018-02-09 14:15:20','2018-02-09 14:15:20',892),(560,'1','begin-receivable','Account to calculate profit',1,1,'2018-02-09 14:51:43','2018-02-09 14:51:43',893),(561,'2','begin-payable','Account to calculate profit',1,1,'2018-02-09 14:51:43','2018-02-09 14:51:43',893),(562,'1','b1-receivable','Account to calculate profit',893,893,'2018-02-09 14:52:58','2018-02-09 14:52:58',894),(563,'2','b1-payable','Account to calculate profit',893,893,'2018-02-09 14:52:58','2018-02-09 14:52:58',894),(564,'1','vipuser-receivable','Account to calculate profit',1,1,'2018-02-09 15:19:45','2018-02-09 15:19:45',895),(565,'2','vipuser-payable','Account to calculate profit',1,1,'2018-02-09 15:19:45','2018-02-09 15:19:45',895),(566,'1','akmr-receivable','Account to calculate profit',1,1,'2018-02-09 16:00:15','2018-02-09 16:00:15',896),(567,'2','akmr-payable','Account to calculate profit',1,1,'2018-02-09 16:00:15','2018-02-09 16:00:15',896),(568,'1','akseller-receivable','Account to calculate profit',1,1,'2018-02-09 16:01:13','2018-02-09 16:01:13',897),(569,'2','akseller-payable','Account to calculate profit',1,1,'2018-02-09 16:01:13','2018-02-09 16:01:13',897),(570,'1','nay-receivable','Account to calculate profit',1,1,'2018-02-10 08:52:49','2018-02-10 08:52:49',898),(571,'2','nay-payable','Account to calculate profit',1,1,'2018-02-10 08:52:49','2018-02-10 08:52:49',898),(572,'1','somsakb-receivable','Account to calculate profit',898,898,'2018-02-10 09:00:13','2018-02-10 09:00:13',899),(573,'2','somsakb-payable','Account to calculate profit',898,898,'2018-02-10 09:00:13','2018-02-10 09:00:13',899),(574,'1','somchais-receivable','Account to calculate profit',898,898,'2018-02-10 09:02:20','2018-02-10 09:02:20',900),(575,'2','somchais-payable','Account to calculate profit',898,898,'2018-02-10 09:02:20','2018-02-10 09:02:20',900),(576,'1','MR01-receivable','Account to calculate profit',1,1,'2018-02-10 09:35:16','2018-02-10 09:35:16',901),(577,'2','MR01-payable','Account to calculate profit',1,1,'2018-02-10 09:35:16','2018-02-10 09:35:16',901),(578,'1','Dupont-receivable','Account to calculate profit',901,901,'2018-02-10 09:51:09','2018-02-10 09:51:09',902),(579,'2','Dupont-payable','Account to calculate profit',901,901,'2018-02-10 09:51:09','2018-02-10 09:51:09',902),(580,'1','qqq-receivable','Account to calculate profit',902,902,'2018-02-11 02:22:56','2018-02-11 02:22:56',903),(581,'2','qqq-payable','Account to calculate profit',902,902,'2018-02-11 02:22:56','2018-02-11 02:22:56',903),(582,'1','smbegin-receivable','Account to calculate profit',885,885,'2018-02-14 10:58:53','2018-02-14 10:58:53',904),(583,'2','smbegin-payable','Account to calculate profit',885,885,'2018-02-14 10:58:53','2018-02-14 10:58:53',904),(584,'1','mhsvip-receivable','Account to calculate profit',885,885,'2018-02-14 11:07:26','2018-02-14 11:07:26',905),(585,'2','mhsvip-payable','Account to calculate profit',885,885,'2018-02-14 11:07:26','2018-02-14 11:07:26',905),(586,'1','vik2-receivable','Account to calculate profit',1,1,'2018-02-14 12:59:18','2018-02-14 12:59:18',906),(587,'2','vik2-payable','Account to calculate profit',1,1,'2018-02-14 12:59:18','2018-02-14 12:59:18',906),(588,'1','888-receivable','Account to calculate profit',901,901,'2018-02-14 13:30:40','2018-02-14 13:30:40',907),(589,'2','888-payable','Account to calculate profit',901,901,'2018-02-14 13:30:40','2018-02-14 13:30:40',907),(590,'1','000-receivable','Account to calculate profit',907,907,'2018-02-14 13:33:12','2018-02-14 13:33:12',908),(591,'2','000-payable','Account to calculate profit',907,907,'2018-02-14 13:33:12','2018-02-14 13:33:12',908),(592,'1','sub3-receivable','Account to calculate profit',901,901,'2018-02-14 13:50:16','2018-02-14 13:50:16',909),(593,'2','sub3-payable','Account to calculate profit',901,901,'2018-02-14 13:50:16','2018-02-14 13:50:16',909),(594,'1','sub4-receivable','Account to calculate profit',901,901,'2018-02-14 13:51:55','2018-02-14 13:51:55',910),(595,'2','sub4-payable','Account to calculate profit',901,901,'2018-02-14 13:51:55','2018-02-14 13:51:55',910),(596,'1','sub5-receivable','Account to calculate profit',901,901,'2018-02-14 13:52:34','2018-02-14 13:52:34',911),(597,'2','sub5-payable','Account to calculate profit',901,901,'2018-02-14 13:52:34','2018-02-14 13:52:34',911),(598,'1','sub6-receivable','Account to calculate profit',901,901,'2018-02-14 13:53:19','2018-02-14 13:53:19',912),(599,'2','sub6-payable','Account to calculate profit',901,901,'2018-02-14 13:53:19','2018-02-14 13:53:19',912),(600,'1','vsub1-receivable','Account to calculate profit',901,901,'2018-02-14 13:56:11','2018-02-14 13:56:11',913),(601,'2','vsub1-payable','Account to calculate profit',901,901,'2018-02-14 13:56:11','2018-02-14 13:56:11',913),(602,'1','iseller-receivable','Account to calculate profit',901,901,'2018-02-15 08:31:53','2018-02-15 08:31:53',914),(603,'2','iseller-payable','Account to calculate profit',901,901,'2018-02-15 08:31:53','2018-02-15 08:31:53',914),(604,'1','aseller-receivable','Account to calculate profit',901,901,'2018-02-15 08:33:09','2018-02-15 08:33:09',915),(605,'2','aseller-payable','Account to calculate profit',901,901,'2018-02-15 08:33:09','2018-02-15 08:33:09',915),(606,'1','viksub-receivable','Account to calculate profit',901,901,'2018-02-15 08:37:07','2018-02-15 08:37:07',916),(607,'2','viksub-payable','Account to calculate profit',901,901,'2018-02-15 08:37:07','2018-02-15 08:37:07',916),(608,'1','sub7-receivable','Account to calculate profit',901,901,'2018-02-15 08:39:07','2018-02-15 08:39:07',917),(609,'2','sub7-payable','Account to calculate profit',901,901,'2018-02-15 08:39:07','2018-02-15 08:39:07',917),(610,'1','naysub-receivable','Account to calculate profit',901,901,'2018-02-15 08:39:21','2018-02-15 08:39:21',918),(611,'2','naysub-payable','Account to calculate profit',901,901,'2018-02-15 08:39:21','2018-02-15 08:39:21',918),(612,'1','aasub-receivable','Account to calculate profit',901,901,'2018-02-15 08:40:20','2018-02-15 08:40:20',919),(613,'2','aasub-payable','Account to calculate profit',901,901,'2018-02-15 08:40:20','2018-02-15 08:40:20',919),(614,'1','naysub1-receivable','Account to calculate profit',901,901,'2018-02-15 08:40:26','2018-02-15 08:40:26',920),(615,'2','naysub1-payable','Account to calculate profit',901,901,'2018-02-15 08:40:26','2018-02-15 08:40:26',920),(616,'1','vsub2-receivable','Account to calculate profit',901,901,'2018-02-15 08:42:40','2018-02-15 08:42:40',921),(617,'2','vsub2-payable','Account to calculate profit',901,901,'2018-02-15 08:42:40','2018-02-15 08:42:40',921),(618,'1','vsub3-receivable','Account to calculate profit',901,901,'2018-02-15 08:43:31','2018-02-15 08:43:31',922),(619,'2','vsub3-payable','Account to calculate profit',901,901,'2018-02-15 08:43:31','2018-02-15 08:43:31',922),(620,'1','xxxx-receivable','Account to calculate profit',901,901,'2018-02-15 08:44:43','2018-02-15 08:44:43',923),(621,'2','xxxx-payable','Account to calculate profit',901,901,'2018-02-15 08:44:43','2018-02-15 08:44:43',923),(622,'1','immo-receivable','Account to calculate profit',901,901,'2018-02-15 11:04:07','2018-02-15 11:04:07',924),(623,'2','immo-payable','Account to calculate profit',901,901,'2018-02-15 11:04:07','2018-02-15 11:04:07',924),(624,'1','vvv1-receivable','Account to calculate profit',903,903,'2018-02-15 13:59:18','2018-02-15 13:59:18',925),(625,'2','vvv1-payable','Account to calculate profit',903,903,'2018-02-15 13:59:18','2018-02-15 13:59:18',925),(626,'1','VikB-receivable','Account to calculate profit',1,1,'2018-02-16 04:19:00','2018-02-16 04:19:00',926),(627,'2','VikB-payable','Account to calculate profit',1,1,'2018-02-16 04:19:00','2018-02-16 04:19:00',926),(628,'1','zzz-receivable','Account to calculate profit',1,1,'2018-02-16 13:32:09','2018-02-16 13:32:09',927),(629,'2','zzz-payable','Account to calculate profit',1,1,'2018-02-16 13:32:09','2018-02-16 13:32:09',927),(630,'1','nay123-receivable','Account to calculate profit',901,901,'2018-02-18 11:48:49','2018-02-18 11:48:49',928),(631,'2','nay123-payable','Account to calculate profit',901,901,'2018-02-18 11:48:49','2018-02-18 11:48:49',928);
/*!40000 ALTER TABLE `account` ENABLE KEYS */;
UNLOCK TABLES;

--
-- Table structure for table `auth_assignment`
--

DROP TABLE IF EXISTS `auth_assignment`;
/*!40101 SET @saved_cs_client     = @@character_set_client */;
/*!40101 SET character_set_client = utf8 */;
CREATE TABLE `auth_assignment` (
  `item_name` varchar(64) NOT NULL,
  `user_id` varchar(64) NOT NULL,
  `created_at` int(11) DEFAULT NULL,
  PRIMARY KEY (`item_name`,`user_id`),
  CONSTRAINT `auth_assignment_ibfk_1` FOREIGN KEY (`item_name`) REFERENCES `auth_item` (`name`) ON DELETE CASCADE ON UPDATE CASCADE
) ENGINE=InnoDB DEFAULT CHARSET=latin1;
/*!40101 SET character_set_client = @saved_cs_client */;

--
-- Dumping data for table `auth_assignment`
--

LOCK TABLES `auth_assignment` WRITE;
/*!40000 ALTER TABLE `auth_assignment` DISABLE KEYS */;
INSERT INTO `auth_assignment` VALUES ('customer','822',1517668361),('customer','874',1518076413),('customer','876',1518151450),('customer','891',1518183929),('general','732',1517504604),('general','733',1517504606),('general','734',1517504608),('general','735',1517504610),('general','736',1517504611),('general','737',1517504613),('general','738',1517504615),('general','739',1517504616),('general','740',1517504618),('general','741',1517504619),('general','742',1517504620),('general','743',1517504622),('general','744',1517504623),('general','745',1517504625),('general','751',1517504634),('general','753',1517504637),('general','754',1517504638),('general','758',1517504644),('general','759',1517504646),('general','764',1517504654),('general','768',1517504660),('general','770',1517504663),('general','771',1517504664),('general','774',1517504669),('general','775',1517504670),('general','776',1517504672),('general','784',1517504683),('general','785',1517504685),('general','788',1517504689),('general','792',1517504695),('general','795',1517504699),('general','796',1517504700),('general','797',1517504702),('general','798',1517504703),('general','799',1517504705),('general','800',1517504706),('general','802',1517504709),('general','804',1517504712),('general','813',1517504724),('general','817',1517504730),('general','821',1517668268),('general','823',1517680451),('general','828',1517824821),('general','829',1517826399),('general','830',1517843839),('general','831',1517843885),('general','832',1517844008),('general','833',1517997331),('general','834',1517997483),('general','838',1518002211),('general','839',1518004605),('general','840',1518027810),('general','841',1518027889),('general','842',1518028196),('general','843',1518028333),('general','844',1518028381),('general','845',1518028473),('general','846',1518028540),('general','847',1518028734),('general','848',1518028776),('general','866',1518029756),('general','867',1518029872),('general','868',1518030127),('general','869',1518030717),('general','870',1518031830),('general','871',1518054957),('general','872',1518055029),('general','875',1518090311),('general','882',1518173119),('general','885',1518182390),('general','886',1518182757),('general','887',1518182775),('general','892',1518185720),('general','893',1518187903),('general','895',1518189585),('general','896',1518192015),('general','898',1518252769),('general','899',1518253213),('general','900',1518253340),('general','901',1518255316),('general','902',1518256269),('general','903',1518315776),('general','905',1518606446),('general','906',1518613158),('general','907',1518615040),('general','908',1518615192),('general','909',1518616216),('general','910',1518616315),('general','911',1518616354),('general','912',1518616399),('general','917',1518683947),('general','926',1518754741),('general','927',1518787929),('seller','746',1517504626),('seller','747',1517504628),('seller','748',1517504629),('seller','749',1517504631),('seller','750',1517504632),('seller','752',1517504635),('seller','755',1517504640),('seller','756',1517504641),('seller','757',1517504643),('seller','760',1517504647),('seller','761',1517504649),('seller','762',1517504652),('seller','763',1517504653),('seller','765',1517504656),('seller','766',1517504657),('seller','767',1517504659),('seller','769',1517504661),('seller','772',1517504666),('seller','773',1517504667),('seller','777',1517504674),('seller','778',1517504675),('seller','779',1517504676),('seller','780',1517504677),('seller','781',1517504679),('seller','782',1517504680),('seller','783',1517504682),('seller','786',1517504686),('seller','787',1517504687),('seller','789',1517504690),('seller','790',1517504692),('seller','791',1517504693),('seller','793',1517504696),('seller','794',1517504698),('seller','801',1517504708),('seller','803',1517504710),('seller','805',1517504713),('seller','806',1517504715),('seller','807',1517504716),('seller','808',1517504718),('seller','809',1517504719),('seller','810',1517504720),('seller','811',1517504722),('seller','812',1517504723),('seller','814',1517504726),('seller','815',1517504727),('seller','816',1517504729),('seller','824',1517772536),('seller','825',1517772659),('seller','826',1517775316),('seller','873',1518058533),('seller','883',1518173217),('seller','888',1518182935),('seller','889',1518183569),('seller','894',1518187978),('seller','897',1518192073),('seller','904',1518605933),('seller','913',1518616571),('seller','914',1518683513),('seller','915',1518683589),('seller','916',1518683827),('seller','918',1518683962),('seller','919',1518684020),('seller','920',1518684026),('seller','921',1518684160),('seller','922',1518684211),('seller','923',1518684283),('seller','924',1518692647),('seller','925',1518703158),('seller','928',1518954529),('super_admin','1',1514021944);
/*!40000 ALTER TABLE `auth_assignment` ENABLE KEYS */;
UNLOCK TABLES;

--
-- Table structure for table `auth_item`
--

DROP TABLE IF EXISTS `auth_item`;
/*!40101 SET @saved_cs_client     = @@character_set_client */;
/*!40101 SET character_set_client = utf8 */;
CREATE TABLE `auth_item` (
  `name` varchar(64) NOT NULL,
  `type` int(11) NOT NULL,
  `description` text,
  `rule_name` varchar(64) DEFAULT NULL,
  `data` text,
  `created_at` int(11) DEFAULT NULL,
  `updated_at` int(11) DEFAULT NULL,
  PRIMARY KEY (`name`),
  KEY `rule_name` (`rule_name`),
  KEY `type` (`type`),
  CONSTRAINT `auth_item_ibfk_1` FOREIGN KEY (`rule_name`) REFERENCES `auth_rule` (`name`) ON DELETE SET NULL ON UPDATE CASCADE
) ENGINE=InnoDB DEFAULT CHARSET=latin1;
/*!40101 SET character_set_client = @saved_cs_client */;

--
-- Dumping data for table `auth_item`
--

LOCK TABLES `auth_item` WRITE;
/*!40000 ALTER TABLE `auth_item` DISABLE KEYS */;
INSERT INTO `auth_item` VALUES ('/*',2,NULL,NULL,NULL,1514022420,1514022420),('/admin/*',2,NULL,NULL,NULL,1514021828,1514021828),('/admin/assignment/*',2,NULL,NULL,NULL,1514021824,1514021824),('/admin/assignment/assign',2,NULL,NULL,NULL,1514021824,1514021824),('/admin/assignment/index',2,NULL,NULL,NULL,1514021824,1514021824),('/admin/assignment/revoke',2,NULL,NULL,NULL,1514021824,1514021824),('/admin/assignment/view',2,NULL,NULL,NULL,1514021824,1514021824),('/admin/default/*',2,NULL,NULL,NULL,1514021824,1514021824),('/admin/default/index',2,NULL,NULL,NULL,1514021824,1514021824),('/admin/menu/*',2,NULL,NULL,NULL,1514021825,1514021825),('/admin/menu/create',2,NULL,NULL,NULL,1514021824,1514021824),('/admin/menu/delete',2,NULL,NULL,NULL,1514021824,1514021824),('/admin/menu/index',2,NULL,NULL,NULL,1514021824,1514021824),('/admin/menu/update',2,NULL,NULL,NULL,1514021824,1514021824),('/admin/menu/view',2,NULL,NULL,NULL,1514021824,1514021824),('/admin/permission/*',2,NULL,NULL,NULL,1514021825,1514021825),('/admin/permission/assign',2,NULL,NULL,NULL,1514021825,1514021825),('/admin/permission/create',2,NULL,NULL,NULL,1514021825,1514021825),('/admin/permission/delete',2,NULL,NULL,NULL,1514021825,1514021825),('/admin/permission/index',2,NULL,NULL,NULL,1514021825,1514021825),('/admin/permission/remove',2,NULL,NULL,NULL,1514021825,1514021825),('/admin/permission/update',2,NULL,NULL,NULL,1514021825,1514021825),('/admin/permission/view',2,NULL,NULL,NULL,1514021825,1514021825),('/admin/role/*',2,NULL,NULL,NULL,1514021826,1514021826),('/admin/role/assign',2,NULL,NULL,NULL,1514021825,1514021825),('/admin/role/create',2,NULL,NULL,NULL,1514021825,1514021825),('/admin/role/delete',2,NULL,NULL,NULL,1514021825,1514021825),('/admin/role/index',2,NULL,NULL,NULL,1514021825,1514021825),('/admin/role/remove',2,NULL,NULL,NULL,1514021825,1514021825),('/admin/role/update',2,NULL,NULL,NULL,1514021825,1514021825),('/admin/role/view',2,NULL,NULL,NULL,1514021825,1514021825),('/admin/route/*',2,NULL,NULL,NULL,1514021826,1514021826),('/admin/route/assign',2,NULL,NULL,NULL,1514021826,1514021826),('/admin/route/create',2,NULL,NULL,NULL,1514021826,1514021826),('/admin/route/index',2,NULL,NULL,NULL,1514021826,1514021826),('/admin/route/refresh',2,NULL,NULL,NULL,1514021826,1514021826),('/admin/route/remove',2,NULL,NULL,NULL,1514021826,1514021826),('/admin/rule/*',2,NULL,NULL,NULL,1514021826,1514021826),('/admin/rule/create',2,NULL,NULL,NULL,1514021826,1514021826),('/admin/rule/delete',2,NULL,NULL,NULL,1514021826,1514021826),('/admin/rule/index',2,NULL,NULL,NULL,1514021826,1514021826),('/admin/rule/update',2,NULL,NULL,NULL,1514021826,1514021826),('/admin/rule/view',2,NULL,NULL,NULL,1514021826,1514021826),('/admin/user/*',2,NULL,NULL,NULL,1514021827,1514021827),('/admin/user/activate',2,NULL,NULL,NULL,1514021827,1514021827),('/admin/user/change-password',2,NULL,NULL,NULL,1514021827,1514021827),('/admin/user/delete',2,NULL,NULL,NULL,1514021827,1514021827),('/admin/user/index',2,NULL,NULL,NULL,1514021827,1514021827),('/admin/user/login',2,NULL,NULL,NULL,1514021827,1514021827),('/admin/user/logout',2,NULL,NULL,NULL,1514021827,1514021827),('/admin/user/request-password-reset',2,NULL,NULL,NULL,1514021827,1514021827),('/admin/user/reset-password',2,NULL,NULL,NULL,1514021827,1514021827),('/admin/user/signup',2,NULL,NULL,NULL,1514021827,1514021827),('/admin/user/view',2,NULL,NULL,NULL,1514021827,1514021827),('/category/*',2,NULL,NULL,NULL,1514468712,1514468712),('/category/create',2,NULL,NULL,NULL,1514468715,1514468715),('/category/delete',2,NULL,NULL,NULL,1514468715,1514468715),('/category/index',2,NULL,NULL,NULL,1514468715,1514468715),('/category/update',2,NULL,NULL,NULL,1514468715,1514468715),('/category/view',2,NULL,NULL,NULL,1514468715,1514468715),('/customer/*',2,NULL,NULL,NULL,1514468716,1514468716),('/customer/create',2,NULL,NULL,NULL,1514468716,1514468716),('/customer/delete',2,NULL,NULL,NULL,1514468716,1514468716),('/customer/index',2,NULL,NULL,NULL,1514468715,1514468715),('/customer/update',2,NULL,NULL,NULL,1514468716,1514468716),('/customer/view',2,NULL,NULL,NULL,1514468716,1514468716),('/debug/*',2,NULL,NULL,NULL,1514022418,1514022418),('/debug/default/*',2,NULL,NULL,NULL,1514022418,1514022418),('/debug/default/db-explain',2,NULL,NULL,NULL,1514022418,1514022418),('/debug/default/download-mail',2,NULL,NULL,NULL,1514022418,1514022418),('/debug/default/index',2,NULL,NULL,NULL,1514022418,1514022418),('/debug/default/toolbar',2,NULL,NULL,NULL,1514022418,1514022418),('/debug/default/view',2,NULL,NULL,NULL,1514022418,1514022418),('/debug/user/*',2,NULL,NULL,NULL,1514022418,1514022418),('/debug/user/reset-identity',2,NULL,NULL,NULL,1514022418,1514022418),('/debug/user/set-identity',2,NULL,NULL,NULL,1514022418,1514022418),('/gii/*',2,NULL,NULL,NULL,1514022419,1514022419),('/gii/default/*',2,NULL,NULL,NULL,1514022419,1514022419),('/gii/default/action',2,NULL,NULL,NULL,1514022419,1514022419),('/gii/default/diff',2,NULL,NULL,NULL,1514022419,1514022419),('/gii/default/index',2,NULL,NULL,NULL,1514022419,1514022419),('/gii/default/preview',2,NULL,NULL,NULL,1514022419,1514022419),('/gii/default/view',2,NULL,NULL,NULL,1514022419,1514022419),('/gl/*',2,NULL,NULL,NULL,1519381945,1519381945),('/gl/create',2,NULL,NULL,NULL,1519381945,1519381945),('/gl/delete',2,NULL,NULL,NULL,1519381945,1519381945),('/gl/index',2,NULL,NULL,NULL,1519381945,1519381945),('/gl/update',2,NULL,NULL,NULL,1519381945,1519381945),('/gl/view',2,NULL,NULL,NULL,1519381945,1519381945),('/level-percentage/*',2,NULL,NULL,NULL,1516875166,1516875166),('/level-percentage/create',2,NULL,NULL,NULL,1516875165,1516875165),('/level-percentage/delete',2,NULL,NULL,NULL,1516875165,1516875165),('/level-percentage/index',2,NULL,NULL,NULL,1516875165,1516875165),('/level-percentage/update',2,NULL,NULL,NULL,1516875165,1516875165),('/level-percentage/view',2,NULL,NULL,NULL,1516875165,1516875165),('/order/*',2,NULL,NULL,NULL,1514468716,1514468716),('/order/ajaxreport',2,NULL,NULL,NULL,1515187250,1515187250),('/order/approve-all',2,NULL,NULL,NULL,1519381945,1519381945),('/order/approved',2,NULL,NULL,NULL,1515048076,1515048076),('/order/avi',2,NULL,NULL,NULL,1515048076,1515048076),('/order/cancel',2,NULL,NULL,NULL,1515048075,1515048075),('/order/create',2,NULL,NULL,NULL,1514468716,1514468716),('/order/createreturn',2,NULL,NULL,NULL,1515048076,1515048076),('/order/createtransfer',2,NULL,NULL,NULL,1515486110,1515486110),('/order/customer-level',2,NULL,NULL,NULL,1514468716,1514468716),('/order/delete',2,NULL,NULL,NULL,1514468716,1514468716),('/order/error',2,NULL,NULL,NULL,1519381945,1519381945),('/order/get-reports',2,NULL,NULL,NULL,1515187250,1515187250),('/order/history',2,NULL,NULL,NULL,1519381945,1519381945),('/order/index',2,NULL,NULL,NULL,1514468716,1514468716),('/order/inventory-reports',2,NULL,NULL,NULL,1515486110,1515486110),('/order/level',2,NULL,NULL,NULL,1514468716,1514468716),('/order/parentuser',2,NULL,NULL,NULL,1514468716,1514468716),('/order/parentuseradmin',2,NULL,NULL,NULL,1516366728,1516366728),('/order/payment',2,NULL,NULL,NULL,1519381945,1519381945),('/order/payment-method',2,NULL,NULL,NULL,1519381945,1519381945),('/order/payment-verified',2,NULL,NULL,NULL,1519381945,1519381945),('/order/pending',2,NULL,NULL,NULL,1514889580,1514889580),('/order/return',2,NULL,NULL,NULL,1515048076,1515048076),('/order/status-reports',2,NULL,NULL,NULL,1515680200,1515680200),('/order/statusreport',2,NULL,NULL,NULL,1515680201,1515680201),('/order/transfer',2,NULL,NULL,NULL,1515486110,1515486110),('/order/update',2,NULL,NULL,NULL,1514468716,1514468716),('/order/view',2,NULL,NULL,NULL,1514468716,1514468716),('/postcode/*',2,NULL,NULL,NULL,1516875166,1516875166),('/postcode/all-code',2,NULL,NULL,NULL,1519381945,1519381945),('/postcode/allcode',2,NULL,NULL,NULL,1516875166,1516875166),('/postcode/create',2,NULL,NULL,NULL,1516875166,1516875166),('/postcode/delete',2,NULL,NULL,NULL,1516875166,1516875166),('/postcode/index',2,NULL,NULL,NULL,1516875166,1516875166),('/postcode/update',2,NULL,NULL,NULL,1516875166,1516875166),('/postcode/view',2,NULL,NULL,NULL,1516875166,1516875166),('/product-order/*',2,NULL,NULL,NULL,1514468716,1514468716),('/product-order/create',2,NULL,NULL,NULL,1514468716,1514468716),('/product-order/delete',2,NULL,NULL,NULL,1514468716,1514468716),('/product-order/index',2,NULL,NULL,NULL,1514468716,1514468716),('/product-order/update',2,NULL,NULL,NULL,1514468716,1514468716),('/product-order/view',2,NULL,NULL,NULL,1514468716,1514468716),('/product/*',2,NULL,NULL,NULL,1514468716,1514468716),('/product/create',2,NULL,NULL,NULL,1514468716,1514468716),('/product/delete',2,NULL,NULL,NULL,1514468716,1514468716),('/product/get-product',2,NULL,NULL,NULL,1519381945,1519381945),('/product/index',2,NULL,NULL,NULL,1514468716,1514468716),('/product/update',2,NULL,NULL,NULL,1514468716,1514468716),('/product/view',2,NULL,NULL,NULL,1514468716,1514468716),('/recieveable/*',2,NULL,NULL,NULL,1519381946,1519381946),('/recieveable/create',2,NULL,NULL,NULL,1519381945,1519381945),('/recieveable/getrecieveableamount',2,NULL,NULL,NULL,1519381946,1519381946),('/recieveable/index',2,NULL,NULL,NULL,1519381945,1519381945),('/recieveable/view',2,NULL,NULL,NULL,1519381945,1519381945),('/reports/*',2,NULL,NULL,NULL,1516875166,1516875166),('/reports/inventory-report',2,NULL,NULL,NULL,1516875166,1516875166),('/reports/inventory-report-result',2,NULL,NULL,NULL,1516875166,1516875166),('/reports/order-report',2,NULL,NULL,NULL,1516875166,1516875166),('/reports/order-report-result',2,NULL,NULL,NULL,1516875166,1516875166),('/reports/payable-report',2,NULL,NULL,NULL,1519381946,1519381946),('/reports/receivable-payable-report',2,NULL,NULL,NULL,1516875166,1516875166),('/reports/receivable-payable-report-result',2,NULL,NULL,NULL,1516875166,1516875166),('/reports/receivable-report',2,NULL,NULL,NULL,1519381946,1519381946),('/shipping-address/*',2,NULL,NULL,NULL,1514889580,1514889580),('/shipping-address/create',2,NULL,NULL,NULL,1514889580,1514889580),('/shipping-address/delete',2,NULL,NULL,NULL,1514889580,1514889580),('/shipping-address/index',2,NULL,NULL,NULL,1514889580,1514889580),('/shipping-address/update',2,NULL,NULL,NULL,1514889580,1514889580),('/shipping-address/view',2,NULL,NULL,NULL,1514889580,1514889580),('/site/*',2,NULL,NULL,NULL,1514022419,1514022419),('/site/about',2,NULL,NULL,NULL,1514022419,1514022419),('/site/captcha',2,NULL,NULL,NULL,1514022419,1514022419),('/site/contact',2,NULL,NULL,NULL,1514022419,1514022419),('/site/error',2,NULL,NULL,NULL,1514022419,1514022419),('/site/index',2,NULL,NULL,NULL,1514022419,1514022419),('/site/language',2,NULL,NULL,NULL,1515680201,1515680201),('/site/login',2,NULL,NULL,NULL,1514022419,1514022419),('/site/logout',2,NULL,NULL,NULL,1514022419,1514022419),('/site/request-password-reset',2,NULL,NULL,NULL,1514022419,1514022419),('/site/reset-password',2,NULL,NULL,NULL,1514022419,1514022419),('/site/signup',2,NULL,NULL,NULL,1514022419,1514022419),('/stock-in/*',2,NULL,NULL,NULL,1514468717,1514468717),('/stock-in/allstock',2,NULL,NULL,NULL,1515187250,1515187250),('/stock-in/approve',2,NULL,NULL,NULL,1514889580,1514889580),('/stock-in/cancel',2,NULL,NULL,NULL,1515187250,1515187250),('/stock-in/create',2,NULL,NULL,NULL,1514468717,1514468717),('/stock-in/delete',2,NULL,NULL,NULL,1514468717,1514468717),('/stock-in/getunits',2,NULL,NULL,NULL,1515187250,1515187250),('/stock-in/index',2,NULL,NULL,NULL,1514468716,1514468716),('/stock-in/update',2,NULL,NULL,NULL,1514468717,1514468717),('/stock-in/view',2,NULL,NULL,NULL,1514468716,1514468716),('/stock-out/*',2,NULL,NULL,NULL,1514468717,1514468717),('/stock-out/create',2,NULL,NULL,NULL,1514468717,1514468717),('/stock-out/delete',2,NULL,NULL,NULL,1514468717,1514468717),('/stock-out/index',2,NULL,NULL,NULL,1514468717,1514468717),('/stock-out/update',2,NULL,NULL,NULL,1514468717,1514468717),('/stock-out/view',2,NULL,NULL,NULL,1514468717,1514468717),('/stock-status/*',2,NULL,NULL,NULL,1516366729,1516366729),('/stock-status/create',2,NULL,NULL,NULL,1516366729,1516366729),('/stock-status/delete',2,NULL,NULL,NULL,1516366729,1516366729),('/stock-status/index',2,NULL,NULL,NULL,1516366729,1516366729),('/stock-status/update',2,NULL,NULL,NULL,1516366729,1516366729),('/stock-status/view',2,NULL,NULL,NULL,1516366729,1516366729),('/user-product-level/*',2,NULL,NULL,NULL,1514531193,1514531193),('/user-product-level/create',2,NULL,NULL,NULL,1514531193,1514531193),('/user-product-level/delete',2,NULL,NULL,NULL,1514531193,1514531193),('/user-product-level/getunits',2,NULL,NULL,NULL,1514562795,1514562795),('/user-product-level/getunitsprice',2,NULL,NULL,NULL,1515486110,1515486110),('/user-product-level/index',2,NULL,NULL,NULL,1514531193,1514531193),('/user-product-level/levelpakages',2,NULL,NULL,NULL,1514562795,1514562795),('/user-product-level/update',2,NULL,NULL,NULL,1514531193,1514531193),('/user-product-level/view',2,NULL,NULL,NULL,1514531193,1514531193),('/user/*',2,NULL,NULL,NULL,1514022420,1514022420),('/user/allcustomer',2,NULL,NULL,NULL,1514470389,1514470389),('/user/allcustomers',2,NULL,NULL,NULL,1514562795,1514562795),('/user/alllevel',2,NULL,NULL,NULL,1514025121,1514025121),('/user/allusers',2,NULL,NULL,NULL,1516875166,1516875166),('/user/childusers',2,NULL,NULL,NULL,1519381946,1519381946),('/user/create',2,NULL,NULL,NULL,1514022420,1514022420),('/user/customer',2,NULL,NULL,NULL,1514470389,1514470389),('/user/delete',2,NULL,NULL,NULL,1514022420,1514022420),('/user/error',2,NULL,NULL,NULL,1519381946,1519381946),('/user/fullfillment',2,NULL,NULL,NULL,1519381946,1519381946),('/user/get-levels',2,NULL,NULL,NULL,1519381946,1519381946),('/user/get-parent-id',2,NULL,NULL,NULL,1519381946,1519381946),('/user/get-seller-levels',2,NULL,NULL,NULL,1519381946,1519381946),('/user/get-users',2,NULL,NULL,NULL,1519381946,1519381946),('/user/getparentid',2,NULL,NULL,NULL,1516875166,1516875166),('/user/getuseraddress',2,NULL,NULL,NULL,1514889580,1514889580),('/user/import',2,NULL,NULL,NULL,1516366729,1516366729),('/user/index',2,NULL,NULL,NULL,1514022420,1514022420),('/user/level',2,NULL,NULL,NULL,1514468717,1514468717),('/user/parentuser',2,NULL,NULL,NULL,1514468717,1514468717),('/user/parentuserupdate',2,NULL,NULL,NULL,1516875166,1516875166),('/user/update',2,NULL,NULL,NULL,1514022420,1514022420),('/user/view',2,NULL,NULL,NULL,1514022420,1514022420),('/users-level/*',2,NULL,NULL,NULL,1519381946,1519381946),('/users-level/create',2,NULL,NULL,NULL,1519381946,1519381946),('/users-level/delete',2,NULL,NULL,NULL,1519381946,1519381946),('/users-level/index',2,NULL,NULL,NULL,1519381946,1519381946),('/users-level/update',2,NULL,NULL,NULL,1519381946,1519381946),('/users-level/view',2,NULL,NULL,NULL,1519381946,1519381946),('customer',1,NULL,NULL,NULL,1514468736,1514468736),('general',1,NULL,NULL,NULL,1514021798,1514021798),('seller',1,NULL,NULL,NULL,1514028055,1514028055),('super_admin',1,NULL,NULL,NULL,1514021782,1514021782);
/*!40000 ALTER TABLE `auth_item` ENABLE KEYS */;
UNLOCK TABLES;

--
-- Table structure for table `auth_item_child`
--

DROP TABLE IF EXISTS `auth_item_child`;
/*!40101 SET @saved_cs_client     = @@character_set_client */;
/*!40101 SET character_set_client = utf8 */;
CREATE TABLE `auth_item_child` (
  `parent` varchar(64) NOT NULL,
  `child` varchar(64) NOT NULL,
  PRIMARY KEY (`parent`,`child`),
  KEY `child` (`child`),
  CONSTRAINT `auth_item_child_ibfk_1` FOREIGN KEY (`parent`) REFERENCES `auth_item` (`name`) ON DELETE CASCADE ON UPDATE CASCADE,
  CONSTRAINT `auth_item_child_ibfk_2` FOREIGN KEY (`child`) REFERENCES `auth_item` (`name`) ON DELETE CASCADE ON UPDATE CASCADE
) ENGINE=InnoDB DEFAULT CHARSET=latin1;
/*!40101 SET character_set_client = @saved_cs_client */;

--
-- Dumping data for table `auth_item_child`
--

LOCK TABLES `auth_item_child` WRITE;
/*!40000 ALTER TABLE `auth_item_child` DISABLE KEYS */;
INSERT INTO `auth_item_child` VALUES ('super_admin','/*'),('super_admin','/admin/*'),('super_admin','/admin/assignment/*'),('super_admin','/admin/assignment/assign'),('super_admin','/admin/assignment/index'),('super_admin','/admin/assignment/revoke'),('super_admin','/admin/assignment/view'),('super_admin','/admin/default/*'),('super_admin','/admin/default/index'),('super_admin','/admin/menu/*'),('super_admin','/admin/menu/create'),('super_admin','/admin/menu/delete'),('super_admin','/admin/menu/index'),('super_admin','/admin/menu/update'),('super_admin','/admin/menu/view'),('super_admin','/admin/permission/*'),('super_admin','/admin/permission/assign'),('super_admin','/admin/permission/create'),('super_admin','/admin/permission/delete'),('super_admin','/admin/permission/index'),('super_admin','/admin/permission/remove'),('super_admin','/admin/permission/update'),('super_admin','/admin/permission/view'),('super_admin','/admin/role/*'),('super_admin','/admin/role/assign'),('super_admin','/admin/role/create'),('super_admin','/admin/role/delete'),('super_admin','/admin/role/index'),('super_admin','/admin/role/remove'),('super_admin','/admin/role/update'),('super_admin','/admin/role/view'),('super_admin','/admin/route/*'),('super_admin','/admin/route/assign'),('super_admin','/admin/route/create'),('super_admin','/admin/route/index'),('super_admin','/admin/route/refresh'),('super_admin','/admin/route/remove'),('super_admin','/admin/rule/*'),('super_admin','/admin/rule/create'),('super_admin','/admin/rule/delete'),('super_admin','/admin/rule/index'),('super_admin','/admin/rule/update'),('super_admin','/admin/rule/view'),('super_admin','/admin/user/*'),('super_admin','/admin/user/activate'),('super_admin','/admin/user/change-password'),('super_admin','/admin/user/delete'),('super_admin','/admin/user/index'),('super_admin','/admin/user/login'),('super_admin','/admin/user/logout'),('super_admin','/admin/user/request-password-reset'),('super_admin','/admin/user/reset-password'),('super_admin','/admin/user/signup'),('super_admin','/admin/user/view'),('super_admin','/category/*'),('general','/category/create'),('seller','/category/create'),('super_admin','/category/create'),('general','/category/delete'),('seller','/category/delete'),('super_admin','/category/delete'),('general','/category/index'),('seller','/category/index'),('super_admin','/category/index'),('general','/category/update'),('seller','/category/update'),('super_admin','/category/update'),('general','/category/view'),('seller','/category/view'),('super_admin','/category/view'),('general','/customer/*'),('seller','/customer/*'),('super_admin','/customer/*'),('general','/customer/create'),('seller','/customer/create'),('super_admin','/customer/create'),('general','/customer/delete'),('seller','/customer/delete'),('super_admin','/customer/delete'),('general','/customer/index'),('seller','/customer/index'),('super_admin','/customer/index'),('general','/customer/update'),('seller','/customer/update'),('super_admin','/customer/update'),('general','/customer/view'),('seller','/customer/view'),('super_admin','/customer/view'),('super_admin','/debug/*'),('super_admin','/debug/default/*'),('super_admin','/debug/default/db-explain'),('super_admin','/debug/default/download-mail'),('super_admin','/debug/default/index'),('super_admin','/debug/default/toolbar'),('super_admin','/debug/default/view'),('super_admin','/debug/user/*'),('super_admin','/debug/user/reset-identity'),('super_admin','/debug/user/set-identity'),('super_admin','/gii/*'),('super_admin','/gii/default/*'),('super_admin','/gii/default/action'),('super_admin','/gii/default/diff'),('super_admin','/gii/default/index'),('super_admin','/gii/default/preview'),('super_admin','/gii/default/view'),('super_admin','/gl/*'),('super_admin','/gl/create'),('super_admin','/gl/delete'),('super_admin','/gl/index'),('super_admin','/gl/update'),('super_admin','/gl/view'),('general','/level-percentage/*'),('seller','/level-percentage/*'),('super_admin','/level-percentage/*'),('general','/level-percentage/create'),('seller','/level-percentage/create'),('super_admin','/level-percentage/create'),('general','/level-percentage/delete'),('seller','/level-percentage/delete'),('super_admin','/level-percentage/delete'),('general','/level-percentage/index'),('seller','/level-percentage/index'),('super_admin','/level-percentage/index'),('general','/level-percentage/update'),('seller','/level-percentage/update'),('super_admin','/level-percentage/update'),('general','/level-percentage/view'),('seller','/level-percentage/view'),('super_admin','/level-percentage/view'),('general','/order/*'),('seller','/order/*'),('super_admin','/order/*'),('general','/order/ajaxreport'),('seller','/order/ajaxreport'),('super_admin','/order/ajaxreport'),('super_admin','/order/approve-all'),('general','/order/approved'),('seller','/order/approved'),('super_admin','/order/approved'),('general','/order/avi'),('seller','/order/avi'),('super_admin','/order/avi'),('general','/order/cancel'),('seller','/order/cancel'),('super_admin','/order/cancel'),('general','/order/create'),('seller','/order/create'),('super_admin','/order/create'),('general','/order/createreturn'),('seller','/order/createreturn'),('super_admin','/order/createreturn'),('general','/order/createtransfer'),('seller','/order/createtransfer'),('super_admin','/order/createtransfer'),('general','/order/customer-level'),('seller','/order/customer-level'),('super_admin','/order/customer-level'),('seller','/order/delete'),('super_admin','/order/delete'),('super_admin','/order/error'),('general','/order/get-reports'),('seller','/order/get-reports'),('super_admin','/order/get-reports'),('super_admin','/order/history'),('general','/order/index'),('seller','/order/index'),('super_admin','/order/index'),('general','/order/inventory-reports'),('seller','/order/inventory-reports'),('super_admin','/order/inventory-reports'),('general','/order/level'),('seller','/order/level'),('super_admin','/order/level'),('general','/order/parentuser'),('seller','/order/parentuser'),('super_admin','/order/parentuser'),('general','/order/parentuseradmin'),('seller','/order/parentuseradmin'),('super_admin','/order/parentuseradmin'),('super_admin','/order/payment'),('super_admin','/order/payment-method'),('super_admin','/order/payment-verified'),('general','/order/pending'),('seller','/order/pending'),('super_admin','/order/pending'),('general','/order/return'),('seller','/order/return'),('super_admin','/order/return'),('general','/order/status-reports'),('seller','/order/status-reports'),('super_admin','/order/status-reports'),('general','/order/statusreport'),('seller','/order/statusreport'),('super_admin','/order/statusreport'),('general','/order/transfer'),('seller','/order/transfer'),('super_admin','/order/transfer'),('general','/order/update'),('seller','/order/update'),('super_admin','/order/update'),('general','/order/view'),('seller','/order/view'),('super_admin','/order/view'),('general','/postcode/*'),('seller','/postcode/*'),('super_admin','/postcode/*'),('super_admin','/postcode/all-code'),('general','/postcode/allcode'),('seller','/postcode/allcode'),('super_admin','/postcode/allcode'),('general','/postcode/create'),('seller','/postcode/create'),('super_admin','/postcode/create'),('general','/postcode/delete'),('seller','/postcode/delete'),('super_admin','/postcode/delete'),('general','/postcode/index'),('seller','/postcode/index'),('super_admin','/postcode/index'),('general','/postcode/update'),('seller','/postcode/update'),('super_admin','/postcode/update'),('general','/postcode/view'),('seller','/postcode/view'),('super_admin','/postcode/view'),('general','/product-order/*'),('seller','/product-order/*'),('super_admin','/product-order/*'),('general','/product-order/create'),('seller','/product-order/create'),('super_admin','/product-order/create'),('seller','/product-order/delete'),('super_admin','/product-order/delete'),('general','/product-order/index'),('seller','/product-order/index'),('super_admin','/product-order/index'),('general','/product-order/update'),('seller','/product-order/update'),('super_admin','/product-order/update'),('general','/product-order/view'),('seller','/product-order/view'),('super_admin','/product-order/view'),('super_admin','/product/*'),('super_admin','/product/create'),('super_admin','/product/delete'),('super_admin','/product/get-product'),('super_admin','/product/index'),('super_admin','/product/update'),('super_admin','/product/view'),('super_admin','/recieveable/*'),('super_admin','/recieveable/create'),('super_admin','/recieveable/getrecieveableamount'),('super_admin','/recieveable/index'),('super_admin','/recieveable/view'),('general','/reports/*'),('seller','/reports/*'),('super_admin','/reports/*'),('general','/reports/inventory-report'),('seller','/reports/inventory-report'),('super_admin','/reports/inventory-report'),('general','/reports/inventory-report-result'),('seller','/reports/inventory-report-result'),('super_admin','/reports/inventory-report-result'),('general','/reports/order-report'),('seller','/reports/order-report'),('super_admin','/reports/order-report'),('general','/reports/order-report-result'),('seller','/reports/order-report-result'),('super_admin','/reports/order-report-result'),('super_admin','/reports/payable-report'),('general','/reports/receivable-payable-report'),('seller','/reports/receivable-payable-report'),('super_admin','/reports/receivable-payable-report'),('general','/reports/receivable-payable-report-result'),('seller','/reports/receivable-payable-report-result'),('super_admin','/reports/receivable-payable-report-result'),('super_admin','/reports/receivable-report'),('general','/shipping-address/*'),('seller','/shipping-address/*'),('super_admin','/shipping-address/*'),('general','/shipping-address/create'),('seller','/shipping-address/create'),('super_admin','/shipping-address/create'),('general','/shipping-address/delete'),('seller','/shipping-address/delete'),('super_admin','/shipping-address/delete'),('general','/shipping-address/index'),('seller','/shipping-address/index'),('super_admin','/shipping-address/index'),('general','/shipping-address/update'),('seller','/shipping-address/update'),('super_admin','/shipping-address/update'),('general','/shipping-address/view'),('seller','/shipping-address/view'),('super_admin','/shipping-address/view'),('general','/site/*'),('seller','/site/*'),('super_admin','/site/*'),('general','/site/about'),('seller','/site/about'),('super_admin','/site/about'),('general','/site/captcha'),('seller','/site/captcha'),('super_admin','/site/captcha'),('general','/site/contact'),('seller','/site/contact'),('super_admin','/site/contact'),('general','/site/error'),('seller','/site/error'),('super_admin','/site/error'),('general','/site/index'),('seller','/site/index'),('super_admin','/site/index'),('general','/site/language'),('seller','/site/language'),('super_admin','/site/language'),('general','/site/login'),('seller','/site/login'),('super_admin','/site/login'),('general','/site/logout'),('seller','/site/logout'),('super_admin','/site/logout'),('general','/site/request-password-reset'),('seller','/site/request-password-reset'),('super_admin','/site/request-password-reset'),('general','/site/reset-password'),('seller','/site/reset-password'),('super_admin','/site/reset-password'),('general','/site/signup'),('seller','/site/signup'),('super_admin','/site/signup'),('seller','/stock-in/*'),('super_admin','/stock-in/*'),('general','/stock-in/allstock'),('seller','/stock-in/allstock'),('super_admin','/stock-in/allstock'),('general','/stock-in/approve'),('seller','/stock-in/approve'),('super_admin','/stock-in/approve'),('general','/stock-in/cancel'),('seller','/stock-in/cancel'),('super_admin','/stock-in/cancel'),('seller','/stock-in/create'),('super_admin','/stock-in/create'),('seller','/stock-in/delete'),('super_admin','/stock-in/delete'),('general','/stock-in/getunits'),('seller','/stock-in/getunits'),('super_admin','/stock-in/getunits'),('general','/stock-in/index'),('seller','/stock-in/index'),('super_admin','/stock-in/index'),('seller','/stock-in/update'),('super_admin','/stock-in/update'),('general','/stock-in/view'),('seller','/stock-in/view'),('super_admin','/stock-in/view'),('general','/stock-out/*'),('seller','/stock-out/*'),('super_admin','/stock-out/*'),('general','/stock-out/create'),('seller','/stock-out/create'),('super_admin','/stock-out/create'),('general','/stock-out/delete'),('seller','/stock-out/delete'),('super_admin','/stock-out/delete'),('general','/stock-out/index'),('seller','/stock-out/index'),('super_admin','/stock-out/index'),('general','/stock-out/update'),('seller','/stock-out/update'),('super_admin','/stock-out/update'),('general','/stock-out/view'),('seller','/stock-out/view'),('super_admin','/stock-out/view'),('general','/stock-status/*'),('seller','/stock-status/*'),('super_admin','/stock-status/*'),('general','/stock-status/create'),('seller','/stock-status/create'),('super_admin','/stock-status/create'),('seller','/stock-status/delete'),('super_admin','/stock-status/delete'),('general','/stock-status/index'),('seller','/stock-status/index'),('super_admin','/stock-status/index'),('general','/stock-status/update'),('seller','/stock-status/update'),('super_admin','/stock-status/update'),('general','/stock-status/view'),('seller','/stock-status/view'),('super_admin','/stock-status/view'),('general','/user-product-level/*'),('seller','/user-product-level/*'),('super_admin','/user-product-level/*'),('general','/user-product-level/create'),('seller','/user-product-level/create'),('super_admin','/user-product-level/create'),('general','/user-product-level/delete'),('seller','/user-product-level/delete'),('super_admin','/user-product-level/delete'),('general','/user-product-level/getunits'),('seller','/user-product-level/getunits'),('super_admin','/user-product-level/getunits'),('general','/user-product-level/getunitsprice'),('seller','/user-product-level/getunitsprice'),('super_admin','/user-product-level/getunitsprice'),('general','/user-product-level/index'),('seller','/user-product-level/index'),('super_admin','/user-product-level/index'),('general','/user-product-level/levelpakages'),('seller','/user-product-level/levelpakages'),('super_admin','/user-product-level/levelpakages'),('general','/user-product-level/update'),('seller','/user-product-level/update'),('super_admin','/user-product-level/update'),('general','/user-product-level/view'),('seller','/user-product-level/view'),('super_admin','/user-product-level/view'),('general','/user/*'),('seller','/user/*'),('super_admin','/user/*'),('general','/user/allcustomer'),('seller','/user/allcustomer'),('super_admin','/user/allcustomer'),('general','/user/allcustomers'),('seller','/user/allcustomers'),('super_admin','/user/allcustomers'),('general','/user/alllevel'),('seller','/user/alllevel'),('super_admin','/user/alllevel'),('general','/user/allusers'),('seller','/user/allusers'),('super_admin','/user/allusers'),('super_admin','/user/childusers'),('general','/user/create'),('seller','/user/create'),('super_admin','/user/create'),('general','/user/customer'),('seller','/user/customer'),('super_admin','/user/customer'),('seller','/user/delete'),('super_admin','/user/delete'),('super_admin','/user/error'),('super_admin','/user/fullfillment'),('super_admin','/user/get-levels'),('super_admin','/user/get-parent-id'),('super_admin','/user/get-seller-levels'),('super_admin','/user/get-users'),('general','/user/getparentid'),('seller','/user/getparentid'),('super_admin','/user/getparentid'),('general','/user/getuseraddress'),('seller','/user/getuseraddress'),('super_admin','/user/getuseraddress'),('seller','/user/import'),('super_admin','/user/import'),('general','/user/index'),('seller','/user/index'),('super_admin','/user/index'),('general','/user/level'),('seller','/user/level'),('super_admin','/user/level'),('general','/user/parentuser'),('seller','/user/parentuser'),('super_admin','/user/parentuser'),('general','/user/parentuserupdate'),('seller','/user/parentuserupdate'),('super_admin','/user/parentuserupdate'),('general','/user/update'),('seller','/user/update'),('super_admin','/user/update'),('general','/user/view'),('seller','/user/view'),('super_admin','/user/view'),('super_admin','/users-level/*'),('super_admin','/users-level/create'),('super_admin','/users-level/delete'),('super_admin','/users-level/index'),('super_admin','/users-level/update'),('super_admin','/users-level/view');
/*!40000 ALTER TABLE `auth_item_child` ENABLE KEYS */;
UNLOCK TABLES;

--
-- Table structure for table `auth_rule`
--

DROP TABLE IF EXISTS `auth_rule`;
/*!40101 SET @saved_cs_client     = @@character_set_client */;
/*!40101 SET character_set_client = utf8 */;
CREATE TABLE `auth_rule` (
  `name` varchar(64) NOT NULL,
  `data` text,
  `created_at` int(11) DEFAULT NULL,
  `updated_at` int(11) DEFAULT NULL,
  PRIMARY KEY (`name`)
) ENGINE=InnoDB DEFAULT CHARSET=latin1;
/*!40101 SET character_set_client = @saved_cs_client */;

--
-- Dumping data for table `auth_rule`
--

LOCK TABLES `auth_rule` WRITE;
/*!40000 ALTER TABLE `auth_rule` DISABLE KEYS */;
/*!40000 ALTER TABLE `auth_rule` ENABLE KEYS */;
UNLOCK TABLES;

--
-- Table structure for table `category`
--

DROP TABLE IF EXISTS `category`;
/*!40101 SET @saved_cs_client     = @@character_set_client */;
/*!40101 SET character_set_client = utf8 */;
CREATE TABLE `category` (
  `id` int(11) NOT NULL AUTO_INCREMENT,
  `name` varchar(45) COLLATE utf8_unicode_ci DEFAULT NULL,
  PRIMARY KEY (`id`)
) ENGINE=InnoDB DEFAULT CHARSET=utf8 COLLATE=utf8_unicode_ci;
/*!40101 SET character_set_client = @saved_cs_client */;

--
-- Dumping data for table `category`
--

LOCK TABLES `category` WRITE;
/*!40000 ALTER TABLE `category` DISABLE KEYS */;
/*!40000 ALTER TABLE `category` ENABLE KEYS */;
UNLOCK TABLES;

--
-- Table structure for table `change_log`
--

DROP TABLE IF EXISTS `change_log`;
/*!40101 SET @saved_cs_client     = @@character_set_client */;
/*!40101 SET character_set_client = utf8 */;
CREATE TABLE `change_log` (
  `id` int(11) NOT NULL AUTO_INCREMENT,
  `user_id` int(11) DEFAULT NULL,
  `parent_id` int(11) DEFAULT NULL,
  `level_id` int(11) DEFAULT NULL,
  `created_by` int(11) DEFAULT NULL,
  `updated_by` int(11) DEFAULT NULL,
  `created_at` timestamp NULL DEFAULT NULL,
  `updated_at` timestamp NULL DEFAULT NULL,
  PRIMARY KEY (`id`)
) ENGINE=InnoDB AUTO_INCREMENT=14 DEFAULT CHARSET=utf8 COLLATE=utf8_unicode_ci;
/*!40101 SET character_set_client = @saved_cs_client */;

--
-- Dumping data for table `change_log`
--

LOCK TABLES `change_log` WRITE;
/*!40000 ALTER TABLE `change_log` DISABLE KEYS */;
INSERT INTO `change_log` VALUES (10,1,0,1,1,1,'2018-02-09 10:45:33','2018-02-09 10:45:33'),(11,1,0,1,1,1,'2018-02-09 10:46:19','2018-02-09 10:46:19'),(12,883,882,12000,882,882,'2018-02-09 10:57:36','2018-02-09 10:57:36'),(13,1,0,1,1,1,'2018-02-09 11:06:52','2018-02-09 11:06:52');
/*!40000 ALTER TABLE `change_log` ENABLE KEYS */;
UNLOCK TABLES;

--
-- Table structure for table `customer`
--

DROP TABLE IF EXISTS `customer`;
/*!40101 SET @saved_cs_client     = @@character_set_client */;
/*!40101 SET character_set_client = utf8 */;
CREATE TABLE `customer` (
  `id` int(11) NOT NULL AUTO_INCREMENT,
  `name` varchar(45) COLLATE utf8_unicode_ci DEFAULT NULL,
  `address` varchar(250) COLLATE utf8_unicode_ci DEFAULT NULL,
  `post_code` varchar(45) COLLATE utf8_unicode_ci DEFAULT NULL,
  `district` varchar(45) COLLATE utf8_unicode_ci DEFAULT NULL,
  `province` varchar(45) COLLATE utf8_unicode_ci DEFAULT NULL,
  `mobile` varchar(45) COLLATE utf8_unicode_ci DEFAULT NULL,
  `phone` varchar(45) COLLATE utf8_unicode_ci DEFAULT NULL,
  `email` varchar(45) COLLATE utf8_unicode_ci DEFAULT NULL,
  PRIMARY KEY (`id`)
) ENGINE=InnoDB DEFAULT CHARSET=utf8 COLLATE=utf8_unicode_ci;
/*!40101 SET character_set_client = @saved_cs_client */;

--
-- Dumping data for table `customer`
--

LOCK TABLES `customer` WRITE;
/*!40000 ALTER TABLE `customer` DISABLE KEYS */;
/*!40000 ALTER TABLE `customer` ENABLE KEYS */;
UNLOCK TABLES;

--
-- Table structure for table `gl`
--

DROP TABLE IF EXISTS `gl`;
/*!40101 SET @saved_cs_client     = @@character_set_client */;
/*!40101 SET character_set_client = utf8 */;
CREATE TABLE `gl` (
  `id` int(11) NOT NULL AUTO_INCREMENT,
  `amount` varchar(45) COLLATE utf8_unicode_ci DEFAULT NULL,
  `created_by` int(11) DEFAULT NULL,
  `updated_by` int(11) DEFAULT NULL,
  `created_at` timestamp NULL DEFAULT NULL,
  `updated_at` timestamp NULL DEFAULT NULL,
  `payment_detail_id` int(11) NOT NULL,
  `order_id` int(11) NOT NULL,
  `account_id` int(11) NOT NULL,
  `hit_account_id` int(11) NOT NULL,
  `payment_slip` varchar(600) COLLATE utf8_unicode_ci DEFAULT NULL,
  PRIMARY KEY (`id`),
  KEY `fk_gl_payment_detail1_idx` (`payment_detail_id`),
  KEY `fk_gl_order1_idx` (`order_id`),
  KEY `fk_gl_account1_idx` (`account_id`),
  CONSTRAINT `fk_gl_account1` FOREIGN KEY (`account_id`) REFERENCES `account` (`id`) ON DELETE NO ACTION ON UPDATE NO ACTION,
  CONSTRAINT `fk_gl_order1` FOREIGN KEY (`order_id`) REFERENCES `order` (`id`) ON DELETE NO ACTION ON UPDATE NO ACTION,
  CONSTRAINT `fk_gl_payment_detail1` FOREIGN KEY (`payment_detail_id`) REFERENCES `payment_detail` (`id`) ON DELETE NO ACTION ON UPDATE NO ACTION
) ENGINE=InnoDB AUTO_INCREMENT=2272 DEFAULT CHARSET=utf8 COLLATE=utf8_unicode_ci;
/*!40101 SET character_set_client = @saved_cs_client */;

--
-- Dumping data for table `gl`
--

LOCK TABLES `gl` WRITE;
/*!40000 ALTER TABLE `gl` DISABLE KEYS */;
INSERT INTO `gl` VALUES (1220,'50000',1,1,'2018-02-09 13:19:50','2018-02-09 13:19:50',1,748,544,2,NULL),(1221,'50000',1,1,'2018-02-09 13:19:50','2018-02-09 13:19:50',1,748,2,544,NULL),(1222,'1950000',1,1,'2018-02-09 13:19:50','2018-02-09 13:19:50',1,748,1,545,NULL),(1223,'1950000',1,1,'2018-02-09 13:19:50','2018-02-09 13:19:50',1,748,545,1,NULL),(1224,'25000',1,1,'2018-02-09 13:25:57','2018-02-09 13:25:57',1,749,544,2,NULL),(1225,'25000',1,1,'2018-02-09 13:25:57','2018-02-09 13:25:57',1,749,2,544,NULL),(1226,'25000',1,1,'2018-02-09 13:25:57','2018-02-09 13:25:57',1,749,546,2,NULL),(1227,'25000',1,1,'2018-02-09 13:25:57','2018-02-09 13:25:57',1,749,2,546,NULL),(1228,'1950000',1,1,'2018-02-09 13:25:57','2018-02-09 13:25:57',1,749,1,547,NULL),(1229,'1950000',1,1,'2018-02-09 13:25:57','2018-02-09 13:25:57',1,749,547,1,NULL),(1230,'16666.666666667',1,1,'2018-02-09 13:26:15','2018-02-09 13:26:15',1,750,544,2,NULL),(1231,'16666.666666667',1,1,'2018-02-09 13:26:15','2018-02-09 13:26:15',1,750,2,544,NULL),(1232,'16666.666666667',1,1,'2018-02-09 13:26:15','2018-02-09 13:26:15',1,750,546,2,NULL),(1233,'16666.666666667',1,1,'2018-02-09 13:26:15','2018-02-09 13:26:15',1,750,2,546,NULL),(1234,'16666.666666667',1,1,'2018-02-09 13:26:15','2018-02-09 13:26:15',1,750,548,2,NULL),(1235,'16666.666666667',1,1,'2018-02-09 13:26:15','2018-02-09 13:26:15',1,750,2,548,NULL),(1236,'1950000',1,1,'2018-02-09 13:26:15','2018-02-09 13:26:15',1,750,1,549,NULL),(1237,'1950000',1,1,'2018-02-09 13:26:15','2018-02-09 13:26:15',1,750,549,1,NULL),(1238,'1480',1,1,'2018-02-09 13:28:55','2018-02-09 13:28:55',1,751,544,2,NULL),(1239,'1480',1,1,'2018-02-09 13:28:55','2018-02-09 13:28:55',1,751,2,544,NULL),(1240,'1480',1,1,'2018-02-09 13:28:55','2018-02-09 13:28:55',1,751,546,2,NULL),(1241,'1480',1,1,'2018-02-09 13:28:55','2018-02-09 13:28:55',1,751,2,546,NULL),(1242,'1480',1,1,'2018-02-09 13:28:55','2018-02-09 13:28:55',1,751,548,2,NULL),(1243,'1480',1,1,'2018-02-09 13:28:55','2018-02-09 13:28:55',1,751,2,548,NULL),(1244,'230880',1,1,'2018-02-09 13:28:55','2018-02-09 13:28:55',1,751,544,551,NULL),(1245,'230880',1,1,'2018-02-09 13:28:55','2018-02-09 13:28:55',1,751,551,544,NULL),(1246,'166.66666666667',1,1,'2018-02-09 13:39:29','2018-02-09 13:39:29',1,752,544,2,NULL),(1247,'166.66666666667',1,1,'2018-02-09 13:39:29','2018-02-09 13:39:29',1,752,2,544,NULL),(1248,'166.66666666667',1,1,'2018-02-09 13:39:29','2018-02-09 13:39:29',1,752,546,2,NULL),(1249,'166.66666666667',1,1,'2018-02-09 13:39:29','2018-02-09 13:39:29',1,752,2,546,NULL),(1250,'166.66666666667',1,1,'2018-02-09 13:39:29','2018-02-09 13:39:29',1,752,548,2,NULL),(1251,'166.66666666667',1,1,'2018-02-09 13:39:29','2018-02-09 13:39:29',1,752,2,548,NULL),(1252,'31500',1,1,'2018-02-09 13:39:29','2018-02-09 13:39:29',1,752,550,553,NULL),(1253,'31500',1,1,'2018-02-09 13:39:29','2018-02-09 13:39:29',1,752,553,550,NULL),(1254,'5',1,1,'2018-02-09 14:15:20','2018-02-09 14:15:20',1,756,544,2,NULL),(1255,'5',1,1,'2018-02-09 14:15:20','2018-02-09 14:15:20',1,756,2,544,NULL),(1256,'5',1,1,'2018-02-09 14:15:20','2018-02-09 14:15:20',1,756,546,2,NULL),(1257,'5',1,1,'2018-02-09 14:15:20','2018-02-09 14:15:20',1,756,2,546,NULL),(1258,'5',1,1,'2018-02-09 14:15:20','2018-02-09 14:15:20',1,756,548,2,NULL),(1259,'5',1,1,'2018-02-09 14:15:20','2018-02-09 14:15:20',1,756,2,548,NULL),(1260,'5',1,1,'2018-02-09 14:15:20','2018-02-09 14:15:20',1,756,558,2,NULL),(1261,'5',1,1,'2018-02-09 14:15:20','2018-02-09 14:15:20',1,756,2,558,NULL),(1262,'780',1,1,'2018-02-09 14:15:20','2018-02-09 14:15:20',1,756,1,559,NULL),(1263,'780',1,1,'2018-02-09 14:15:20','2018-02-09 14:15:20',1,756,559,1,NULL),(1264,'12502.5',1,1,'2018-02-09 14:17:50','2018-02-09 14:17:50',1,757,544,2,NULL),(1265,'12502.5',1,1,'2018-02-09 14:17:50','2018-02-09 14:17:50',1,757,2,544,NULL),(1266,'12502.5',1,1,'2018-02-09 14:17:50','2018-02-09 14:17:50',1,757,546,2,NULL),(1267,'12502.5',1,1,'2018-02-09 14:17:50','2018-02-09 14:17:50',1,757,2,546,NULL),(1268,'12502.5',1,1,'2018-02-09 14:17:50','2018-02-09 14:17:50',1,757,548,2,NULL),(1269,'12502.5',1,1,'2018-02-09 14:17:50','2018-02-09 14:17:50',1,757,2,548,NULL),(1270,'12502.5',1,1,'2018-02-09 14:17:50','2018-02-09 14:17:50',1,757,558,2,NULL),(1271,'12502.5',1,1,'2018-02-09 14:17:50','2018-02-09 14:17:50',1,757,2,558,NULL),(1272,'1950390',1,1,'2018-02-09 14:17:50','2018-02-09 14:17:50',1,757,1,559,NULL),(1273,'1950390',1,1,'2018-02-09 14:17:50','2018-02-09 14:17:50',1,757,559,1,NULL),(1274,'7500',1,1,'2018-02-09 14:51:43','2018-02-09 14:51:43',1,760,544,2,NULL),(1275,'7500',1,1,'2018-02-09 14:51:43','2018-02-09 14:51:43',1,760,2,544,NULL),(1276,'7500',1,1,'2018-02-09 14:51:43','2018-02-09 14:51:43',1,760,546,2,NULL),(1277,'7500',1,1,'2018-02-09 14:51:43','2018-02-09 14:51:43',1,760,2,546,NULL),(1278,'7500',1,1,'2018-02-09 14:51:43','2018-02-09 14:51:43',1,760,548,2,NULL),(1279,'7500',1,1,'2018-02-09 14:51:43','2018-02-09 14:51:43',1,760,2,548,NULL),(1280,'7500',1,1,'2018-02-09 14:51:43','2018-02-09 14:51:43',1,760,558,2,NULL),(1281,'7500',1,1,'2018-02-09 14:51:43','2018-02-09 14:51:43',1,760,2,558,NULL),(1282,'1440000',1,1,'2018-02-09 14:51:43','2018-02-09 14:51:43',1,760,546,561,NULL),(1283,'1440000',1,1,'2018-02-09 14:51:43','2018-02-09 14:51:43',1,760,561,546,NULL),(1284,'50',1,1,'2018-02-09 14:51:43','2018-02-09 14:51:43',1,761,544,2,NULL),(1285,'50',1,1,'2018-02-09 14:51:43','2018-02-09 14:51:43',1,761,2,544,NULL),(1286,'50',1,1,'2018-02-09 14:51:43','2018-02-09 14:51:43',1,761,546,2,NULL),(1287,'50',1,1,'2018-02-09 14:51:43','2018-02-09 14:51:43',1,761,2,546,NULL),(1288,'50',1,1,'2018-02-09 14:51:43','2018-02-09 14:51:43',1,761,548,2,NULL),(1289,'50',1,1,'2018-02-09 14:51:43','2018-02-09 14:51:43',1,761,2,548,NULL),(1290,'50',1,1,'2018-02-09 14:51:43','2018-02-09 14:51:43',1,761,558,2,NULL),(1291,'50',1,1,'2018-02-09 14:51:43','2018-02-09 14:51:43',1,761,2,558,NULL),(1292,'50',893,893,'2018-02-09 14:52:58','2018-02-09 14:52:58',1,762,544,2,NULL),(1293,'50',893,893,'2018-02-09 14:52:58','2018-02-09 14:52:58',1,762,2,544,NULL),(1294,'50',893,893,'2018-02-09 14:52:58','2018-02-09 14:52:58',1,762,546,2,NULL),(1295,'50',893,893,'2018-02-09 14:52:58','2018-02-09 14:52:58',1,762,2,546,NULL),(1296,'50',893,893,'2018-02-09 14:52:58','2018-02-09 14:52:58',1,762,548,2,NULL),(1297,'50',893,893,'2018-02-09 14:52:58','2018-02-09 14:52:58',1,762,2,548,NULL),(1298,'50',893,893,'2018-02-09 14:52:58','2018-02-09 14:52:58',1,762,558,2,NULL),(1299,'50',893,893,'2018-02-09 14:52:58','2018-02-09 14:52:58',1,762,2,558,NULL),(1300,'60',893,893,'2018-02-09 14:52:58','2018-02-09 14:52:58',1,762,560,2,NULL),(1301,'60',893,893,'2018-02-09 14:52:58','2018-02-09 14:52:58',1,762,2,560,NULL),(1302,'12600',893,893,'2018-02-09 14:52:58','2018-02-09 14:52:58',1,762,560,563,NULL),(1303,'12600',893,893,'2018-02-09 14:52:58','2018-02-09 14:52:58',1,762,563,560,NULL),(1304,'375',1,1,'2018-02-09 15:19:45','2018-02-09 15:19:45',1,763,544,2,NULL),(1305,'375',1,1,'2018-02-09 15:19:45','2018-02-09 15:19:45',1,763,2,544,NULL),(1306,'375',1,1,'2018-02-09 15:19:45','2018-02-09 15:19:45',1,763,546,2,NULL),(1307,'375',1,1,'2018-02-09 15:19:45','2018-02-09 15:19:45',1,763,2,546,NULL),(1308,'375',1,1,'2018-02-09 15:19:45','2018-02-09 15:19:45',1,763,548,2,NULL),(1309,'375',1,1,'2018-02-09 15:19:45','2018-02-09 15:19:45',1,763,2,548,NULL),(1310,'375',1,1,'2018-02-09 15:19:45','2018-02-09 15:19:45',1,763,558,2,NULL),(1311,'375',1,1,'2018-02-09 15:19:45','2018-02-09 15:19:45',1,763,2,558,NULL),(1312,'72000',1,1,'2018-02-09 15:19:45','2018-02-09 15:19:45',1,763,546,565,NULL),(1313,'72000',1,1,'2018-02-09 15:19:45','2018-02-09 15:19:45',1,763,565,546,NULL),(1314,'50',1,1,'2018-02-09 15:19:45','2018-02-09 15:19:45',1,764,544,2,NULL),(1315,'50',1,1,'2018-02-09 15:19:45','2018-02-09 15:19:45',1,764,2,544,NULL),(1316,'50',1,1,'2018-02-09 15:19:45','2018-02-09 15:19:45',1,764,546,2,NULL),(1317,'50',1,1,'2018-02-09 15:19:45','2018-02-09 15:19:45',1,764,2,546,NULL),(1318,'50',1,1,'2018-02-09 15:19:45','2018-02-09 15:19:45',1,764,548,2,NULL),(1319,'50',1,1,'2018-02-09 15:19:45','2018-02-09 15:19:45',1,764,2,548,NULL),(1320,'50',1,1,'2018-02-09 15:19:45','2018-02-09 15:19:45',1,764,558,2,NULL),(1321,'50',1,1,'2018-02-09 15:19:45','2018-02-09 15:19:45',1,764,2,558,NULL),(1322,'10000',1,1,'2018-02-09 16:00:15','2018-02-09 16:00:15',1,765,544,2,NULL),(1323,'10000',1,1,'2018-02-09 16:00:15','2018-02-09 16:00:15',1,765,2,544,NULL),(1324,'10000',1,1,'2018-02-09 16:00:15','2018-02-09 16:00:15',1,765,546,2,NULL),(1325,'10000',1,1,'2018-02-09 16:00:15','2018-02-09 16:00:15',1,765,2,546,NULL),(1326,'10000',1,1,'2018-02-09 16:00:15','2018-02-09 16:00:15',1,765,548,2,NULL),(1327,'10000',1,1,'2018-02-09 16:00:15','2018-02-09 16:00:15',1,765,2,548,NULL),(1328,'10000',1,1,'2018-02-09 16:00:15','2018-02-09 16:00:15',1,765,558,2,NULL),(1329,'10000',1,1,'2018-02-09 16:00:15','2018-02-09 16:00:15',1,765,2,558,NULL),(1330,'10000',1,1,'2018-02-09 16:00:15','2018-02-09 16:00:15',1,765,566,2,NULL),(1331,'10000',1,1,'2018-02-09 16:00:15','2018-02-09 16:00:15',1,765,2,566,NULL),(1332,'1950000',1,1,'2018-02-09 16:00:15','2018-02-09 16:00:15',1,765,1,567,NULL),(1333,'1950000',1,1,'2018-02-09 16:00:15','2018-02-09 16:00:15',1,765,567,1,NULL),(1334,'300',1,1,'2018-02-09 16:01:13','2018-02-09 16:01:13',1,766,544,2,NULL),(1335,'300',1,1,'2018-02-09 16:01:13','2018-02-09 16:01:13',1,766,2,544,NULL),(1336,'300',1,1,'2018-02-09 16:01:13','2018-02-09 16:01:13',1,766,546,2,NULL),(1337,'300',1,1,'2018-02-09 16:01:13','2018-02-09 16:01:13',1,766,2,546,NULL),(1338,'300',1,1,'2018-02-09 16:01:13','2018-02-09 16:01:13',1,766,548,2,NULL),(1339,'300',1,1,'2018-02-09 16:01:13','2018-02-09 16:01:13',1,766,2,548,NULL),(1340,'300',1,1,'2018-02-09 16:01:13','2018-02-09 16:01:13',1,766,558,2,NULL),(1341,'300',1,1,'2018-02-09 16:01:13','2018-02-09 16:01:13',1,766,2,558,NULL),(1342,'300',1,1,'2018-02-09 16:01:13','2018-02-09 16:01:13',1,766,566,2,NULL),(1343,'300',1,1,'2018-02-09 16:01:13','2018-02-09 16:01:13',1,766,2,566,NULL),(1344,'78000',1,1,'2018-02-09 16:01:13','2018-02-09 16:01:13',1,766,566,569,NULL),(1345,'78000',1,1,'2018-02-09 16:01:13','2018-02-09 16:01:13',1,766,569,566,NULL),(1346,'40',889,889,'2018-02-10 08:10:30','2018-02-10 08:10:30',1,772,544,2,NULL),(1347,'40',889,889,'2018-02-10 08:10:30','2018-02-10 08:10:30',1,772,2,544,NULL),(1348,'40',889,889,'2018-02-10 08:10:30','2018-02-10 08:10:30',1,772,546,2,NULL),(1349,'40',889,889,'2018-02-10 08:10:30','2018-02-10 08:10:30',1,772,2,546,NULL),(1350,'40',889,889,'2018-02-10 08:10:30','2018-02-10 08:10:30',1,772,548,2,NULL),(1351,'40',889,889,'2018-02-10 08:10:30','2018-02-10 08:10:30',1,772,2,548,NULL),(1352,'40',889,889,'2018-02-10 08:10:30','2018-02-10 08:10:30',1,772,558,2,NULL),(1353,'40',889,889,'2018-02-10 08:10:30','2018-02-10 08:10:30',1,772,2,558,NULL),(1354,'40',889,889,'2018-02-10 08:10:30','2018-02-10 08:10:30',1,772,566,2,NULL),(1355,'40',889,889,'2018-02-10 08:10:30','2018-02-10 08:10:30',1,772,2,566,NULL),(1356,'15600',889,889,'2018-02-10 08:10:33','2018-02-10 08:10:33',1,772,552,557,NULL),(1357,'15600',889,889,'2018-02-10 08:10:33','2018-02-10 08:10:33',1,772,557,552,NULL),(1358,'8333.3333333333',1,1,'2018-02-10 08:52:49','2018-02-10 08:52:49',1,773,544,2,NULL),(1359,'8333.3333333333',1,1,'2018-02-10 08:52:49','2018-02-10 08:52:49',1,773,2,544,NULL),(1360,'8333.3333333333',1,1,'2018-02-10 08:52:49','2018-02-10 08:52:49',1,773,546,2,NULL),(1361,'8333.3333333333',1,1,'2018-02-10 08:52:49','2018-02-10 08:52:49',1,773,2,546,NULL),(1362,'8333.3333333333',1,1,'2018-02-10 08:52:49','2018-02-10 08:52:49',1,773,548,2,NULL),(1363,'8333.3333333333',1,1,'2018-02-10 08:52:49','2018-02-10 08:52:49',1,773,2,548,NULL),(1364,'8333.3333333333',1,1,'2018-02-10 08:52:49','2018-02-10 08:52:49',1,773,558,2,NULL),(1365,'8333.3333333333',1,1,'2018-02-10 08:52:49','2018-02-10 08:52:49',1,773,2,558,NULL),(1366,'8333.3333333333',1,1,'2018-02-10 08:52:49','2018-02-10 08:52:49',1,773,566,2,NULL),(1367,'8333.3333333333',1,1,'2018-02-10 08:52:49','2018-02-10 08:52:49',1,773,2,566,NULL),(1368,'8333.3333333333',1,1,'2018-02-10 08:52:49','2018-02-10 08:52:49',1,773,570,2,NULL),(1369,'8333.3333333333',1,1,'2018-02-10 08:52:49','2018-02-10 08:52:49',1,773,2,570,NULL),(1370,'2400000',1,1,'2018-02-10 08:52:49','2018-02-10 08:52:49',1,773,1,571,NULL),(1371,'2400000',1,1,'2018-02-10 08:52:49','2018-02-10 08:52:49',1,773,571,1,NULL),(1372,'3333.3333333333',1,1,'2018-02-10 08:57:12','2018-02-10 08:57:12',1,774,544,2,NULL),(1373,'3333.3333333333',1,1,'2018-02-10 08:57:12','2018-02-10 08:57:12',1,774,2,544,NULL),(1374,'3333.3333333333',1,1,'2018-02-10 08:57:12','2018-02-10 08:57:12',1,774,546,2,NULL),(1375,'3333.3333333333',1,1,'2018-02-10 08:57:12','2018-02-10 08:57:12',1,774,2,546,NULL),(1376,'3333.3333333333',1,1,'2018-02-10 08:57:12','2018-02-10 08:57:12',1,774,548,2,NULL),(1377,'3333.3333333333',1,1,'2018-02-10 08:57:12','2018-02-10 08:57:12',1,774,2,548,NULL),(1378,'3333.3333333333',1,1,'2018-02-10 08:57:12','2018-02-10 08:57:12',1,774,558,2,NULL),(1379,'3333.3333333333',1,1,'2018-02-10 08:57:12','2018-02-10 08:57:12',1,774,2,558,NULL),(1380,'3333.3333333333',1,1,'2018-02-10 08:57:12','2018-02-10 08:57:12',1,774,566,2,NULL),(1381,'3333.3333333333',1,1,'2018-02-10 08:57:12','2018-02-10 08:57:12',1,774,2,566,NULL),(1382,'3333.3333333333',1,1,'2018-02-10 08:57:12','2018-02-10 08:57:12',1,774,570,2,NULL),(1383,'3333.3333333333',1,1,'2018-02-10 08:57:12','2018-02-10 08:57:12',1,774,2,570,NULL),(1384,'840000',1,1,'2018-02-10 08:57:12','2018-02-10 08:57:12',1,774,570,2,NULL),(1385,'840000',1,1,'2018-02-10 08:57:12','2018-02-10 08:57:12',1,774,2,570,NULL),(1386,'1666.6666666667',898,898,'2018-02-10 09:00:13','2018-02-10 09:00:13',1,775,544,2,NULL),(1387,'1666.6666666667',898,898,'2018-02-10 09:00:13','2018-02-10 09:00:13',1,775,2,544,NULL),(1388,'1666.6666666667',898,898,'2018-02-10 09:00:13','2018-02-10 09:00:13',1,775,546,2,NULL),(1389,'1666.6666666667',898,898,'2018-02-10 09:00:13','2018-02-10 09:00:13',1,775,2,546,NULL),(1390,'1666.6666666667',898,898,'2018-02-10 09:00:13','2018-02-10 09:00:13',1,775,548,2,NULL),(1391,'1666.6666666667',898,898,'2018-02-10 09:00:13','2018-02-10 09:00:13',1,775,2,548,NULL),(1392,'1666.6666666667',898,898,'2018-02-10 09:00:13','2018-02-10 09:00:13',1,775,558,2,NULL),(1393,'1666.6666666667',898,898,'2018-02-10 09:00:13','2018-02-10 09:00:13',1,775,2,558,NULL),(1394,'1666.6666666667',898,898,'2018-02-10 09:00:13','2018-02-10 09:00:13',1,775,566,2,NULL),(1395,'1666.6666666667',898,898,'2018-02-10 09:00:13','2018-02-10 09:00:13',1,775,2,566,NULL),(1396,'1666.6666666667',898,898,'2018-02-10 09:00:13','2018-02-10 09:00:13',1,775,570,2,NULL),(1397,'1666.6666666667',898,898,'2018-02-10 09:00:13','2018-02-10 09:00:13',1,775,2,570,NULL),(1398,'440000',898,898,'2018-02-10 09:00:13','2018-02-10 09:00:13',1,775,570,573,NULL),(1399,'440000',898,898,'2018-02-10 09:00:13','2018-02-10 09:00:13',1,775,573,570,NULL),(1400,'83.333333333333',898,898,'2018-02-10 09:00:13','2018-02-10 09:00:13',1,776,544,2,NULL),(1401,'83.333333333333',898,898,'2018-02-10 09:00:13','2018-02-10 09:00:13',1,776,2,544,NULL),(1402,'83.333333333333',898,898,'2018-02-10 09:00:13','2018-02-10 09:00:13',1,776,546,2,NULL),(1403,'83.333333333333',898,898,'2018-02-10 09:00:13','2018-02-10 09:00:13',1,776,2,546,NULL),(1404,'83.333333333333',898,898,'2018-02-10 09:00:13','2018-02-10 09:00:13',1,776,548,2,NULL),(1405,'83.333333333333',898,898,'2018-02-10 09:00:13','2018-02-10 09:00:13',1,776,2,548,NULL),(1406,'83.333333333333',898,898,'2018-02-10 09:00:13','2018-02-10 09:00:13',1,776,558,2,NULL),(1407,'83.333333333333',898,898,'2018-02-10 09:00:13','2018-02-10 09:00:13',1,776,2,558,NULL),(1408,'83.333333333333',898,898,'2018-02-10 09:00:13','2018-02-10 09:00:13',1,776,566,2,NULL),(1409,'83.333333333333',898,898,'2018-02-10 09:00:13','2018-02-10 09:00:13',1,776,2,566,NULL),(1410,'83.333333333333',898,898,'2018-02-10 09:00:13','2018-02-10 09:00:13',1,776,570,2,NULL),(1411,'83.333333333333',898,898,'2018-02-10 09:00:13','2018-02-10 09:00:13',1,776,2,570,NULL),(1412,'1666.6666666667',898,898,'2018-02-10 09:02:20','2018-02-10 09:02:20',1,777,544,2,NULL),(1413,'1666.6666666667',898,898,'2018-02-10 09:02:20','2018-02-10 09:02:20',1,777,2,544,NULL),(1414,'1666.6666666667',898,898,'2018-02-10 09:02:20','2018-02-10 09:02:20',1,777,546,2,NULL),(1415,'1666.6666666667',898,898,'2018-02-10 09:02:20','2018-02-10 09:02:20',1,777,2,546,NULL),(1416,'1666.6666666667',898,898,'2018-02-10 09:02:20','2018-02-10 09:02:20',1,777,548,2,NULL),(1417,'1666.6666666667',898,898,'2018-02-10 09:02:20','2018-02-10 09:02:20',1,777,2,548,NULL),(1418,'1666.6666666667',898,898,'2018-02-10 09:02:20','2018-02-10 09:02:20',1,777,558,2,NULL),(1419,'1666.6666666667',898,898,'2018-02-10 09:02:20','2018-02-10 09:02:20',1,777,2,558,NULL),(1420,'1666.6666666667',898,898,'2018-02-10 09:02:20','2018-02-10 09:02:20',1,777,566,2,NULL),(1421,'1666.6666666667',898,898,'2018-02-10 09:02:20','2018-02-10 09:02:20',1,777,2,566,NULL),(1422,'1666.6666666667',898,898,'2018-02-10 09:02:20','2018-02-10 09:02:20',1,777,570,2,NULL),(1423,'1666.6666666667',898,898,'2018-02-10 09:02:20','2018-02-10 09:02:20',1,777,2,570,NULL),(1424,'440000',898,898,'2018-02-10 09:02:20','2018-02-10 09:02:20',1,777,570,575,NULL),(1425,'440000',898,898,'2018-02-10 09:02:20','2018-02-10 09:02:20',1,777,575,570,NULL),(1426,'83.333333333333',898,898,'2018-02-10 09:02:20','2018-02-10 09:02:20',1,778,544,2,NULL),(1427,'83.333333333333',898,898,'2018-02-10 09:02:20','2018-02-10 09:02:20',1,778,2,544,NULL),(1428,'83.333333333333',898,898,'2018-02-10 09:02:20','2018-02-10 09:02:20',1,778,546,2,NULL),(1429,'83.333333333333',898,898,'2018-02-10 09:02:20','2018-02-10 09:02:20',1,778,2,546,NULL),(1430,'83.333333333333',898,898,'2018-02-10 09:02:20','2018-02-10 09:02:20',1,778,548,2,NULL),(1431,'83.333333333333',898,898,'2018-02-10 09:02:20','2018-02-10 09:02:20',1,778,2,548,NULL),(1432,'83.333333333333',898,898,'2018-02-10 09:02:20','2018-02-10 09:02:20',1,778,558,2,NULL),(1433,'83.333333333333',898,898,'2018-02-10 09:02:20','2018-02-10 09:02:20',1,778,2,558,NULL),(1434,'83.333333333333',898,898,'2018-02-10 09:02:20','2018-02-10 09:02:20',1,778,566,2,NULL),(1435,'83.333333333333',898,898,'2018-02-10 09:02:20','2018-02-10 09:02:20',1,778,2,566,NULL),(1436,'83.333333333333',898,898,'2018-02-10 09:02:20','2018-02-10 09:02:20',1,778,570,2,NULL),(1437,'83.333333333333',898,898,'2018-02-10 09:02:20','2018-02-10 09:02:20',1,778,2,570,NULL),(1438,'7142.8571428571',1,1,'2018-02-10 09:35:16','2018-02-10 09:35:16',1,779,544,2,NULL),(1439,'7142.8571428571',1,1,'2018-02-10 09:35:16','2018-02-10 09:35:16',1,779,2,544,NULL),(1440,'7142.8571428571',1,1,'2018-02-10 09:35:16','2018-02-10 09:35:16',1,779,546,2,NULL),(1441,'7142.8571428571',1,1,'2018-02-10 09:35:16','2018-02-10 09:35:16',1,779,2,546,NULL),(1442,'7142.8571428571',1,1,'2018-02-10 09:35:16','2018-02-10 09:35:16',1,779,548,2,NULL),(1443,'7142.8571428571',1,1,'2018-02-10 09:35:16','2018-02-10 09:35:16',1,779,2,548,NULL),(1444,'7142.8571428571',1,1,'2018-02-10 09:35:16','2018-02-10 09:35:16',1,779,558,2,NULL),(1445,'7142.8571428571',1,1,'2018-02-10 09:35:16','2018-02-10 09:35:16',1,779,2,558,NULL),(1446,'7142.8571428571',1,1,'2018-02-10 09:35:16','2018-02-10 09:35:16',1,779,566,2,NULL),(1447,'7142.8571428571',1,1,'2018-02-10 09:35:16','2018-02-10 09:35:16',1,779,2,566,NULL),(1448,'7142.8571428571',1,1,'2018-02-10 09:35:16','2018-02-10 09:35:16',1,779,570,2,NULL),(1449,'7142.8571428571',1,1,'2018-02-10 09:35:16','2018-02-10 09:35:16',1,779,2,570,NULL),(1450,'7142.8571428571',1,1,'2018-02-10 09:35:16','2018-02-10 09:35:16',1,779,576,2,NULL),(1451,'7142.8571428571',1,1,'2018-02-10 09:35:16','2018-02-10 09:35:16',1,779,2,576,NULL),(1452,'1950000',1,1,'2018-02-10 09:35:16','2018-02-10 09:35:16',1,779,1,577,NULL),(1453,'1950000',1,1,'2018-02-10 09:35:16','2018-02-10 09:35:16',1,779,577,1,NULL),(1454,'1428.5714285714',901,901,'2018-02-10 09:51:09','2018-02-10 09:51:09',1,781,544,2,NULL),(1455,'1428.5714285714',901,901,'2018-02-10 09:51:09','2018-02-10 09:51:09',1,781,2,544,NULL),(1456,'1428.5714285714',901,901,'2018-02-10 09:51:09','2018-02-10 09:51:09',1,781,546,2,NULL),(1457,'1428.5714285714',901,901,'2018-02-10 09:51:09','2018-02-10 09:51:09',1,781,2,546,NULL),(1458,'1428.5714285714',901,901,'2018-02-10 09:51:09','2018-02-10 09:51:09',1,781,548,2,NULL),(1459,'1428.5714285714',901,901,'2018-02-10 09:51:09','2018-02-10 09:51:09',1,781,2,548,NULL),(1460,'1428.5714285714',901,901,'2018-02-10 09:51:09','2018-02-10 09:51:09',1,781,558,2,NULL),(1461,'1428.5714285714',901,901,'2018-02-10 09:51:09','2018-02-10 09:51:09',1,781,2,558,NULL),(1462,'1428.5714285714',901,901,'2018-02-10 09:51:09','2018-02-10 09:51:09',1,781,566,2,NULL),(1463,'1428.5714285714',901,901,'2018-02-10 09:51:09','2018-02-10 09:51:09',1,781,2,566,NULL),(1464,'1428.5714285714',901,901,'2018-02-10 09:51:09','2018-02-10 09:51:09',1,781,570,2,NULL),(1465,'1428.5714285714',901,901,'2018-02-10 09:51:09','2018-02-10 09:51:09',1,781,2,570,NULL),(1466,'1428.5714285714',901,901,'2018-02-10 09:51:09','2018-02-10 09:51:09',1,781,576,2,NULL),(1467,'1428.5714285714',901,901,'2018-02-10 09:51:09','2018-02-10 09:51:09',1,781,2,576,NULL),(1468,'440000',901,901,'2018-02-10 09:51:09','2018-02-10 09:51:09',1,781,576,579,NULL),(1469,'440000',901,901,'2018-02-10 09:51:09','2018-02-10 09:51:09',1,781,579,576,NULL),(1470,'71.428571428571',901,901,'2018-02-10 09:51:09','2018-02-10 09:51:09',1,782,544,2,NULL),(1471,'71.428571428571',901,901,'2018-02-10 09:51:09','2018-02-10 09:51:09',1,782,2,544,NULL),(1472,'71.428571428571',901,901,'2018-02-10 09:51:09','2018-02-10 09:51:09',1,782,546,2,NULL),(1473,'71.428571428571',901,901,'2018-02-10 09:51:09','2018-02-10 09:51:09',1,782,2,546,NULL),(1474,'71.428571428571',901,901,'2018-02-10 09:51:09','2018-02-10 09:51:09',1,782,548,2,NULL),(1475,'71.428571428571',901,901,'2018-02-10 09:51:09','2018-02-10 09:51:09',1,782,2,548,NULL),(1476,'71.428571428571',901,901,'2018-02-10 09:51:09','2018-02-10 09:51:09',1,782,558,2,NULL),(1477,'71.428571428571',901,901,'2018-02-10 09:51:09','2018-02-10 09:51:09',1,782,2,558,NULL),(1478,'71.428571428571',901,901,'2018-02-10 09:51:09','2018-02-10 09:51:09',1,782,566,2,NULL),(1479,'71.428571428571',901,901,'2018-02-10 09:51:09','2018-02-10 09:51:09',1,782,2,566,NULL),(1480,'71.428571428571',901,901,'2018-02-10 09:51:09','2018-02-10 09:51:09',1,782,570,2,NULL),(1481,'71.428571428571',901,901,'2018-02-10 09:51:09','2018-02-10 09:51:09',1,782,2,570,NULL),(1482,'71.428571428571',901,901,'2018-02-10 09:51:09','2018-02-10 09:51:09',1,782,576,2,NULL),(1483,'71.428571428571',901,901,'2018-02-10 09:51:09','2018-02-10 09:51:09',1,782,2,576,NULL),(1484,'7142.8571428571',1,1,'2018-02-10 09:58:36','2018-02-10 09:58:36',1,783,544,2,NULL),(1485,'7142.8571428571',1,1,'2018-02-10 09:58:36','2018-02-10 09:58:36',1,783,2,544,NULL),(1486,'7142.8571428571',1,1,'2018-02-10 09:58:36','2018-02-10 09:58:36',1,783,546,2,NULL),(1487,'7142.8571428571',1,1,'2018-02-10 09:58:36','2018-02-10 09:58:36',1,783,2,546,NULL),(1488,'7142.8571428571',1,1,'2018-02-10 09:58:36','2018-02-10 09:58:36',1,783,548,2,NULL),(1489,'7142.8571428571',1,1,'2018-02-10 09:58:36','2018-02-10 09:58:36',1,783,2,548,NULL),(1490,'7142.8571428571',1,1,'2018-02-10 09:58:36','2018-02-10 09:58:36',1,783,558,2,NULL),(1491,'7142.8571428571',1,1,'2018-02-10 09:58:36','2018-02-10 09:58:36',1,783,2,558,NULL),(1492,'7142.8571428571',1,1,'2018-02-10 09:58:36','2018-02-10 09:58:36',1,783,566,2,NULL),(1493,'7142.8571428571',1,1,'2018-02-10 09:58:36','2018-02-10 09:58:36',1,783,2,566,NULL),(1494,'7142.8571428571',1,1,'2018-02-10 09:58:36','2018-02-10 09:58:36',1,783,570,2,NULL),(1495,'7142.8571428571',1,1,'2018-02-10 09:58:36','2018-02-10 09:58:36',1,783,2,570,NULL),(1496,'7142.8571428571',1,1,'2018-02-10 09:58:36','2018-02-10 09:58:36',1,783,576,2,NULL),(1497,'7142.8571428571',1,1,'2018-02-10 09:58:36','2018-02-10 09:58:36',1,783,2,576,NULL),(1498,'1950000',1,1,'2018-02-10 09:58:36','2018-02-10 09:58:36',1,783,1,577,NULL),(1499,'1950000',1,1,'2018-02-10 09:58:36','2018-02-10 09:58:36',1,783,577,1,NULL),(1500,'1428.5714285714',898,898,'2018-02-10 10:02:18','2018-02-10 10:02:18',1,785,544,2,NULL),(1501,'1428.5714285714',898,898,'2018-02-10 10:02:18','2018-02-10 10:02:18',1,785,2,544,NULL),(1502,'1428.5714285714',898,898,'2018-02-10 10:02:18','2018-02-10 10:02:18',1,785,546,2,NULL),(1503,'1428.5714285714',898,898,'2018-02-10 10:02:18','2018-02-10 10:02:18',1,785,2,546,NULL),(1504,'1428.5714285714',898,898,'2018-02-10 10:02:18','2018-02-10 10:02:18',1,785,548,2,NULL),(1505,'1428.5714285714',898,898,'2018-02-10 10:02:18','2018-02-10 10:02:18',1,785,2,548,NULL),(1506,'1428.5714285714',898,898,'2018-02-10 10:02:18','2018-02-10 10:02:18',1,785,558,2,NULL),(1507,'1428.5714285714',898,898,'2018-02-10 10:02:18','2018-02-10 10:02:18',1,785,2,558,NULL),(1508,'1428.5714285714',898,898,'2018-02-10 10:02:18','2018-02-10 10:02:18',1,785,566,2,NULL),(1509,'1428.5714285714',898,898,'2018-02-10 10:02:18','2018-02-10 10:02:18',1,785,2,566,NULL),(1510,'1428.5714285714',898,898,'2018-02-10 10:02:18','2018-02-10 10:02:18',1,785,570,2,NULL),(1511,'1428.5714285714',898,898,'2018-02-10 10:02:18','2018-02-10 10:02:18',1,785,2,570,NULL),(1512,'1428.5714285714',898,898,'2018-02-10 10:02:18','2018-02-10 10:02:18',1,785,576,2,NULL),(1513,'1428.5714285714',898,898,'2018-02-10 10:02:18','2018-02-10 10:02:18',1,785,2,576,NULL),(1514,'390000',898,898,'2018-02-10 10:02:18','2018-02-10 10:02:18',1,785,576,571,NULL),(1515,'390000',898,898,'2018-02-10 10:02:18','2018-02-10 10:02:18',1,785,571,576,NULL),(1516,'4.2857142857143',1,1,'2018-02-10 10:06:10','2018-02-10 10:06:10',1,758,544,2,NULL),(1517,'4.2857142857143',1,1,'2018-02-10 10:06:10','2018-02-10 10:06:10',1,758,2,544,NULL),(1518,'4.2857142857143',1,1,'2018-02-10 10:06:10','2018-02-10 10:06:10',1,758,546,2,NULL),(1519,'4.2857142857143',1,1,'2018-02-10 10:06:10','2018-02-10 10:06:10',1,758,2,546,NULL),(1520,'4.2857142857143',1,1,'2018-02-10 10:06:10','2018-02-10 10:06:10',1,758,548,2,NULL),(1521,'4.2857142857143',1,1,'2018-02-10 10:06:10','2018-02-10 10:06:10',1,758,2,548,NULL),(1522,'4.2857142857143',1,1,'2018-02-10 10:06:10','2018-02-10 10:06:10',1,758,558,2,NULL),(1523,'4.2857142857143',1,1,'2018-02-10 10:06:10','2018-02-10 10:06:10',1,758,2,558,NULL),(1524,'4.2857142857143',1,1,'2018-02-10 10:06:10','2018-02-10 10:06:10',1,758,566,2,NULL),(1525,'4.2857142857143',1,1,'2018-02-10 10:06:10','2018-02-10 10:06:10',1,758,2,566,NULL),(1526,'4.2857142857143',1,1,'2018-02-10 10:06:10','2018-02-10 10:06:10',1,758,570,2,NULL),(1527,'4.2857142857143',1,1,'2018-02-10 10:06:10','2018-02-10 10:06:10',1,758,2,570,NULL),(1528,'4.2857142857143',1,1,'2018-02-10 10:06:10','2018-02-10 10:06:10',1,758,576,2,NULL),(1529,'4.2857142857143',1,1,'2018-02-10 10:06:10','2018-02-10 10:06:10',1,758,2,576,NULL),(1530,'2340',1,1,'2018-02-10 10:06:13','2018-02-10 10:06:13',1,758,558,557,NULL),(1531,'2340',1,1,'2018-02-10 10:06:13','2018-02-10 10:06:13',1,758,557,558,NULL),(1532,'142.85714285714',1,1,'2018-02-10 10:50:23','2018-02-10 10:50:23',1,786,544,2,NULL),(1533,'142.85714285714',1,1,'2018-02-10 10:50:23','2018-02-10 10:50:23',1,786,2,544,NULL),(1534,'142.85714285714',1,1,'2018-02-10 10:50:23','2018-02-10 10:50:23',1,786,546,2,NULL),(1535,'142.85714285714',1,1,'2018-02-10 10:50:23','2018-02-10 10:50:23',1,786,2,546,NULL),(1536,'142.85714285714',1,1,'2018-02-10 10:50:23','2018-02-10 10:50:23',1,786,548,2,NULL),(1537,'142.85714285714',1,1,'2018-02-10 10:50:23','2018-02-10 10:50:23',1,786,2,548,NULL),(1538,'142.85714285714',1,1,'2018-02-10 10:50:23','2018-02-10 10:50:23',1,786,558,2,NULL),(1539,'142.85714285714',1,1,'2018-02-10 10:50:23','2018-02-10 10:50:23',1,786,2,558,NULL),(1540,'142.85714285714',1,1,'2018-02-10 10:50:23','2018-02-10 10:50:23',1,786,566,2,NULL),(1541,'142.85714285714',1,1,'2018-02-10 10:50:23','2018-02-10 10:50:23',1,786,2,566,NULL),(1542,'142.85714285714',1,1,'2018-02-10 10:50:23','2018-02-10 10:50:23',1,786,570,2,NULL),(1543,'142.85714285714',1,1,'2018-02-10 10:50:23','2018-02-10 10:50:23',1,786,2,570,NULL),(1544,'142.85714285714',1,1,'2018-02-10 10:50:23','2018-02-10 10:50:23',1,786,576,2,NULL),(1545,'142.85714285714',1,1,'2018-02-10 10:50:23','2018-02-10 10:50:23',1,786,2,576,NULL),(1546,'63000',1,1,'2018-02-10 10:50:23','2018-02-10 10:50:23',1,786,550,553,NULL),(1547,'63000',1,1,'2018-02-10 10:50:23','2018-02-10 10:50:23',1,786,553,550,NULL),(1548,'4.2857142857143',1,1,'2018-02-10 11:18:59','2018-02-10 11:18:59',1,753,544,2,NULL),(1549,'4.2857142857143',1,1,'2018-02-10 11:18:59','2018-02-10 11:18:59',1,753,2,544,NULL),(1550,'4.2857142857143',1,1,'2018-02-10 11:18:59','2018-02-10 11:18:59',1,753,546,2,NULL),(1551,'4.2857142857143',1,1,'2018-02-10 11:18:59','2018-02-10 11:18:59',1,753,2,546,NULL),(1552,'4.2857142857143',1,1,'2018-02-10 11:18:59','2018-02-10 11:18:59',1,753,548,2,NULL),(1553,'4.2857142857143',1,1,'2018-02-10 11:18:59','2018-02-10 11:18:59',1,753,2,548,NULL),(1554,'4.2857142857143',1,1,'2018-02-10 11:18:59','2018-02-10 11:18:59',1,753,558,2,NULL),(1555,'4.2857142857143',1,1,'2018-02-10 11:18:59','2018-02-10 11:18:59',1,753,2,558,NULL),(1556,'4.2857142857143',1,1,'2018-02-10 11:18:59','2018-02-10 11:18:59',1,753,566,2,NULL),(1557,'4.2857142857143',1,1,'2018-02-10 11:18:59','2018-02-10 11:18:59',1,753,2,566,NULL),(1558,'4.2857142857143',1,1,'2018-02-10 11:18:59','2018-02-10 11:18:59',1,753,570,2,NULL),(1559,'4.2857142857143',1,1,'2018-02-10 11:18:59','2018-02-10 11:18:59',1,753,2,570,NULL),(1560,'4.2857142857143',1,1,'2018-02-10 11:18:59','2018-02-10 11:18:59',1,753,576,2,NULL),(1561,'4.2857142857143',1,1,'2018-02-10 11:18:59','2018-02-10 11:18:59',1,753,2,576,NULL),(1562,'2340',1,1,'2018-02-10 11:19:01','2018-02-10 11:19:01',1,753,550,557,NULL),(1563,'2340',1,1,'2018-02-10 11:19:01','2018-02-10 11:19:01',1,753,557,550,NULL),(1564,'142.85714285714',1,1,'2018-02-10 11:35:16','2018-02-10 11:35:16',1,759,544,2,NULL),(1565,'142.85714285714',1,1,'2018-02-10 11:35:16','2018-02-10 11:35:16',1,759,2,544,NULL),(1566,'142.85714285714',1,1,'2018-02-10 11:35:16','2018-02-10 11:35:16',1,759,546,2,NULL),(1567,'142.85714285714',1,1,'2018-02-10 11:35:16','2018-02-10 11:35:16',1,759,2,546,NULL),(1568,'142.85714285714',1,1,'2018-02-10 11:35:16','2018-02-10 11:35:16',1,759,548,2,NULL),(1569,'142.85714285714',1,1,'2018-02-10 11:35:16','2018-02-10 11:35:16',1,759,2,548,NULL),(1570,'142.85714285714',1,1,'2018-02-10 11:35:16','2018-02-10 11:35:16',1,759,558,2,NULL),(1571,'142.85714285714',1,1,'2018-02-10 11:35:16','2018-02-10 11:35:16',1,759,2,558,NULL),(1572,'142.85714285714',1,1,'2018-02-10 11:35:16','2018-02-10 11:35:16',1,759,566,2,NULL),(1573,'142.85714285714',1,1,'2018-02-10 11:35:16','2018-02-10 11:35:16',1,759,2,566,NULL),(1574,'142.85714285714',1,1,'2018-02-10 11:35:16','2018-02-10 11:35:16',1,759,570,2,NULL),(1575,'142.85714285714',1,1,'2018-02-10 11:35:16','2018-02-10 11:35:16',1,759,2,570,NULL),(1576,'142.85714285714',1,1,'2018-02-10 11:35:16','2018-02-10 11:35:16',1,759,576,2,NULL),(1577,'142.85714285714',1,1,'2018-02-10 11:35:16','2018-02-10 11:35:16',1,759,2,576,NULL),(1578,'39000',1,1,'2018-02-10 11:35:16','2018-02-10 11:35:16',1,759,1,559,NULL),(1579,'39000',1,1,'2018-02-10 11:35:16','2018-02-10 11:35:16',1,759,559,1,NULL),(1580,'42.857142857143',1,1,'2018-02-10 11:35:18','2018-02-10 11:35:18',1,770,544,2,NULL),(1581,'42.857142857143',1,1,'2018-02-10 11:35:18','2018-02-10 11:35:18',1,770,2,544,NULL),(1582,'42.857142857143',1,1,'2018-02-10 11:35:18','2018-02-10 11:35:18',1,770,546,2,NULL),(1583,'42.857142857143',1,1,'2018-02-10 11:35:18','2018-02-10 11:35:18',1,770,2,546,NULL),(1584,'42.857142857143',1,1,'2018-02-10 11:35:18','2018-02-10 11:35:18',1,770,548,2,NULL),(1585,'42.857142857143',1,1,'2018-02-10 11:35:18','2018-02-10 11:35:18',1,770,2,548,NULL),(1586,'42.857142857143',1,1,'2018-02-10 11:35:18','2018-02-10 11:35:18',1,770,558,2,NULL),(1587,'42.857142857143',1,1,'2018-02-10 11:35:18','2018-02-10 11:35:18',1,770,2,558,NULL),(1588,'42.857142857143',1,1,'2018-02-10 11:35:18','2018-02-10 11:35:18',1,770,566,2,NULL),(1589,'42.857142857143',1,1,'2018-02-10 11:35:18','2018-02-10 11:35:18',1,770,2,566,NULL),(1590,'42.857142857143',1,1,'2018-02-10 11:35:18','2018-02-10 11:35:18',1,770,570,2,NULL),(1591,'42.857142857143',1,1,'2018-02-10 11:35:18','2018-02-10 11:35:18',1,770,2,570,NULL),(1592,'42.857142857143',1,1,'2018-02-10 11:35:18','2018-02-10 11:35:18',1,770,576,2,NULL),(1593,'42.857142857143',1,1,'2018-02-10 11:35:18','2018-02-10 11:35:18',1,770,2,576,NULL),(1594,'18900',1,1,'2018-02-10 11:35:18','2018-02-10 11:35:18',1,770,550,553,NULL),(1595,'18900',1,1,'2018-02-10 11:35:18','2018-02-10 11:35:18',1,770,553,550,NULL),(1596,'2.8571428571429',1,1,'2018-02-10 11:35:20','2018-02-10 11:35:20',1,754,544,2,NULL),(1597,'2.8571428571429',1,1,'2018-02-10 11:35:20','2018-02-10 11:35:20',1,754,2,544,NULL),(1598,'2.8571428571429',1,1,'2018-02-10 11:35:20','2018-02-10 11:35:20',1,754,546,2,NULL),(1599,'2.8571428571429',1,1,'2018-02-10 11:35:20','2018-02-10 11:35:20',1,754,2,546,NULL),(1600,'2.8571428571429',1,1,'2018-02-10 11:35:20','2018-02-10 11:35:20',1,754,548,2,NULL),(1601,'2.8571428571429',1,1,'2018-02-10 11:35:20','2018-02-10 11:35:20',1,754,2,548,NULL),(1602,'2.8571428571429',1,1,'2018-02-10 11:35:20','2018-02-10 11:35:20',1,754,558,2,NULL),(1603,'2.8571428571429',1,1,'2018-02-10 11:35:20','2018-02-10 11:35:20',1,754,2,558,NULL),(1604,'2.8571428571429',1,1,'2018-02-10 11:35:20','2018-02-10 11:35:20',1,754,566,2,NULL),(1605,'2.8571428571429',1,1,'2018-02-10 11:35:20','2018-02-10 11:35:20',1,754,2,566,NULL),(1606,'2.8571428571429',1,1,'2018-02-10 11:35:20','2018-02-10 11:35:20',1,754,570,2,NULL),(1607,'2.8571428571429',1,1,'2018-02-10 11:35:20','2018-02-10 11:35:20',1,754,2,570,NULL),(1608,'2.8571428571429',1,1,'2018-02-10 11:35:20','2018-02-10 11:35:20',1,754,576,2,NULL),(1609,'2.8571428571429',1,1,'2018-02-10 11:35:20','2018-02-10 11:35:20',1,754,2,576,NULL),(1610,'1560',1,1,'2018-02-10 11:35:22','2018-02-10 11:35:22',1,754,550,557,NULL),(1611,'1560',1,1,'2018-02-10 11:35:22','2018-02-10 11:35:22',1,754,557,550,NULL),(1612,'1.4285714285714',1,1,'2018-02-10 11:37:03','2018-02-10 11:37:03',1,755,544,2,NULL),(1613,'1.4285714285714',1,1,'2018-02-10 11:37:03','2018-02-10 11:37:03',1,755,2,544,NULL),(1614,'1.4285714285714',1,1,'2018-02-10 11:37:03','2018-02-10 11:37:03',1,755,546,2,NULL),(1615,'1.4285714285714',1,1,'2018-02-10 11:37:03','2018-02-10 11:37:03',1,755,2,546,NULL),(1616,'1.4285714285714',1,1,'2018-02-10 11:37:03','2018-02-10 11:37:03',1,755,548,2,NULL),(1617,'1.4285714285714',1,1,'2018-02-10 11:37:03','2018-02-10 11:37:03',1,755,2,548,NULL),(1618,'1.4285714285714',1,1,'2018-02-10 11:37:03','2018-02-10 11:37:03',1,755,558,2,NULL),(1619,'1.4285714285714',1,1,'2018-02-10 11:37:03','2018-02-10 11:37:03',1,755,2,558,NULL),(1620,'1.4285714285714',1,1,'2018-02-10 11:37:03','2018-02-10 11:37:03',1,755,566,2,NULL),(1621,'1.4285714285714',1,1,'2018-02-10 11:37:03','2018-02-10 11:37:03',1,755,2,566,NULL),(1622,'1.4285714285714',1,1,'2018-02-10 11:37:03','2018-02-10 11:37:03',1,755,570,2,NULL),(1623,'1.4285714285714',1,1,'2018-02-10 11:37:03','2018-02-10 11:37:03',1,755,2,570,NULL),(1624,'1.4285714285714',1,1,'2018-02-10 11:37:03','2018-02-10 11:37:03',1,755,576,2,NULL),(1625,'1.4285714285714',1,1,'2018-02-10 11:37:03','2018-02-10 11:37:03',1,755,2,576,NULL),(1626,'780',1,1,'2018-02-10 11:37:04','2018-02-10 11:37:04',1,755,550,557,NULL),(1627,'780',1,1,'2018-02-10 11:37:04','2018-02-10 11:37:04',1,755,557,550,NULL),(1628,'21.428571428571',885,885,'2018-02-10 12:03:56','2018-02-10 12:03:56',1,789,544,2,NULL),(1629,'21.428571428571',885,885,'2018-02-10 12:03:56','2018-02-10 12:03:56',1,789,2,544,NULL),(1630,'21.428571428571',885,885,'2018-02-10 12:03:56','2018-02-10 12:03:56',1,789,546,2,NULL),(1631,'21.428571428571',885,885,'2018-02-10 12:03:56','2018-02-10 12:03:56',1,789,2,546,NULL),(1632,'21.428571428571',885,885,'2018-02-10 12:03:56','2018-02-10 12:03:56',1,789,548,2,NULL),(1633,'21.428571428571',885,885,'2018-02-10 12:03:56','2018-02-10 12:03:56',1,789,2,548,NULL),(1634,'21.428571428571',885,885,'2018-02-10 12:03:56','2018-02-10 12:03:56',1,789,558,2,NULL),(1635,'21.428571428571',885,885,'2018-02-10 12:03:56','2018-02-10 12:03:56',1,789,2,558,NULL),(1636,'21.428571428571',885,885,'2018-02-10 12:03:56','2018-02-10 12:03:56',1,789,566,2,NULL),(1637,'21.428571428571',885,885,'2018-02-10 12:03:56','2018-02-10 12:03:56',1,789,2,566,NULL),(1638,'21.428571428571',885,885,'2018-02-10 12:03:56','2018-02-10 12:03:56',1,789,570,2,NULL),(1639,'21.428571428571',885,885,'2018-02-10 12:03:56','2018-02-10 12:03:56',1,789,2,570,NULL),(1640,'21.428571428571',885,885,'2018-02-10 12:03:56','2018-02-10 12:03:56',1,789,576,2,NULL),(1641,'21.428571428571',885,885,'2018-02-10 12:03:56','2018-02-10 12:03:56',1,789,2,576,NULL),(1642,'11700',885,885,'2018-02-10 12:03:58','2018-02-10 12:03:58',1,789,544,557,NULL),(1643,'11700',885,885,'2018-02-10 12:03:58','2018-02-10 12:03:58',1,789,557,544,NULL),(1644,'714.28571428571',902,902,'2018-02-11 02:22:56','2018-02-11 02:22:56',1,790,544,2,NULL),(1645,'714.28571428571',902,902,'2018-02-11 02:22:56','2018-02-11 02:22:56',1,790,2,544,NULL),(1646,'714.28571428571',902,902,'2018-02-11 02:22:56','2018-02-11 02:22:56',1,790,546,2,NULL),(1647,'714.28571428571',902,902,'2018-02-11 02:22:56','2018-02-11 02:22:56',1,790,2,546,NULL),(1648,'714.28571428571',902,902,'2018-02-11 02:22:56','2018-02-11 02:22:56',1,790,548,2,NULL),(1649,'714.28571428571',902,902,'2018-02-11 02:22:56','2018-02-11 02:22:56',1,790,2,548,NULL),(1650,'714.28571428571',902,902,'2018-02-11 02:22:56','2018-02-11 02:22:56',1,790,558,2,NULL),(1651,'714.28571428571',902,902,'2018-02-11 02:22:56','2018-02-11 02:22:56',1,790,2,558,NULL),(1652,'714.28571428571',902,902,'2018-02-11 02:22:56','2018-02-11 02:22:56',1,790,566,2,NULL),(1653,'714.28571428571',902,902,'2018-02-11 02:22:56','2018-02-11 02:22:56',1,790,2,566,NULL),(1654,'714.28571428571',902,902,'2018-02-11 02:22:56','2018-02-11 02:22:56',1,790,570,2,NULL),(1655,'714.28571428571',902,902,'2018-02-11 02:22:56','2018-02-11 02:22:56',1,790,2,570,NULL),(1656,'714.28571428571',902,902,'2018-02-11 02:22:56','2018-02-11 02:22:56',1,790,576,2,NULL),(1657,'714.28571428571',902,902,'2018-02-11 02:22:56','2018-02-11 02:22:56',1,790,2,576,NULL),(1658,'2500',902,902,'2018-02-11 02:22:56','2018-02-11 02:22:56',1,790,578,2,NULL),(1659,'2500',902,902,'2018-02-11 02:22:56','2018-02-11 02:22:56',1,790,2,578,NULL),(1660,'240000',902,902,'2018-02-11 02:22:56','2018-02-11 02:22:56',1,790,578,581,NULL),(1661,'240000',902,902,'2018-02-11 02:22:56','2018-02-11 02:22:56',1,790,581,578,NULL),(1662,'28.571428571429',902,902,'2018-02-11 02:22:56','2018-02-11 02:22:56',1,791,544,2,NULL),(1663,'28.571428571429',902,902,'2018-02-11 02:22:56','2018-02-11 02:22:56',1,791,2,544,NULL),(1664,'28.571428571429',902,902,'2018-02-11 02:22:56','2018-02-11 02:22:56',1,791,546,2,NULL),(1665,'28.571428571429',902,902,'2018-02-11 02:22:56','2018-02-11 02:22:56',1,791,2,546,NULL),(1666,'28.571428571429',902,902,'2018-02-11 02:22:56','2018-02-11 02:22:56',1,791,548,2,NULL),(1667,'28.571428571429',902,902,'2018-02-11 02:22:56','2018-02-11 02:22:56',1,791,2,548,NULL),(1668,'28.571428571429',902,902,'2018-02-11 02:22:56','2018-02-11 02:22:56',1,791,558,2,NULL),(1669,'28.571428571429',902,902,'2018-02-11 02:22:56','2018-02-11 02:22:56',1,791,2,558,NULL),(1670,'28.571428571429',902,902,'2018-02-11 02:22:56','2018-02-11 02:22:56',1,791,566,2,NULL),(1671,'28.571428571429',902,902,'2018-02-11 02:22:56','2018-02-11 02:22:56',1,791,2,566,NULL),(1672,'28.571428571429',902,902,'2018-02-11 02:22:56','2018-02-11 02:22:56',1,791,570,2,NULL),(1673,'28.571428571429',902,902,'2018-02-11 02:22:56','2018-02-11 02:22:56',1,791,2,570,NULL),(1674,'28.571428571429',902,902,'2018-02-11 02:22:56','2018-02-11 02:22:56',1,791,576,2,NULL),(1675,'28.571428571429',902,902,'2018-02-11 02:22:56','2018-02-11 02:22:56',1,791,2,576,NULL),(1676,'142.85714285714',885,885,'2018-02-14 10:58:53','2018-02-14 10:58:53',1,792,544,2,NULL),(1677,'142.85714285714',885,885,'2018-02-14 10:58:53','2018-02-14 10:58:53',1,792,2,544,NULL),(1678,'142.85714285714',885,885,'2018-02-14 10:58:53','2018-02-14 10:58:53',1,792,546,2,NULL),(1679,'142.85714285714',885,885,'2018-02-14 10:58:53','2018-02-14 10:58:53',1,792,2,546,NULL),(1680,'142.85714285714',885,885,'2018-02-14 10:58:53','2018-02-14 10:58:53',1,792,548,2,NULL),(1681,'142.85714285714',885,885,'2018-02-14 10:58:53','2018-02-14 10:58:53',1,792,2,548,NULL),(1682,'142.85714285714',885,885,'2018-02-14 10:58:53','2018-02-14 10:58:53',1,792,558,2,NULL),(1683,'142.85714285714',885,885,'2018-02-14 10:58:53','2018-02-14 10:58:53',1,792,2,558,NULL),(1684,'142.85714285714',885,885,'2018-02-14 10:58:53','2018-02-14 10:58:53',1,792,566,2,NULL),(1685,'142.85714285714',885,885,'2018-02-14 10:58:53','2018-02-14 10:58:53',1,792,2,566,NULL),(1686,'142.85714285714',885,885,'2018-02-14 10:58:53','2018-02-14 10:58:53',1,792,570,2,NULL),(1687,'142.85714285714',885,885,'2018-02-14 10:58:53','2018-02-14 10:58:53',1,792,2,570,NULL),(1688,'142.85714285714',885,885,'2018-02-14 10:58:53','2018-02-14 10:58:53',1,792,576,2,NULL),(1689,'142.85714285714',885,885,'2018-02-14 10:58:53','2018-02-14 10:58:53',1,792,2,576,NULL),(1690,'63000',885,885,'2018-02-14 10:58:53','2018-02-14 10:58:53',1,792,544,583,NULL),(1691,'63000',885,885,'2018-02-14 10:58:53','2018-02-14 10:58:53',1,792,583,544,NULL),(1692,'2058.5714285714',885,885,'2018-02-14 11:07:26','2018-02-14 11:07:26',1,793,544,2,NULL),(1693,'2058.5714285714',885,885,'2018-02-14 11:07:26','2018-02-14 11:07:26',1,793,2,544,NULL),(1694,'2058.5714285714',885,885,'2018-02-14 11:07:26','2018-02-14 11:07:26',1,793,546,2,NULL),(1695,'2058.5714285714',885,885,'2018-02-14 11:07:26','2018-02-14 11:07:26',1,793,2,546,NULL),(1696,'2058.5714285714',885,885,'2018-02-14 11:07:26','2018-02-14 11:07:26',1,793,548,2,NULL),(1697,'2058.5714285714',885,885,'2018-02-14 11:07:26','2018-02-14 11:07:26',1,793,2,548,NULL),(1698,'2058.5714285714',885,885,'2018-02-14 11:07:26','2018-02-14 11:07:26',1,793,558,2,NULL),(1699,'2058.5714285714',885,885,'2018-02-14 11:07:26','2018-02-14 11:07:26',1,793,2,558,NULL),(1700,'2058.5714285714',885,885,'2018-02-14 11:07:26','2018-02-14 11:07:26',1,793,566,2,NULL),(1701,'2058.5714285714',885,885,'2018-02-14 11:07:26','2018-02-14 11:07:26',1,793,2,566,NULL),(1702,'2058.5714285714',885,885,'2018-02-14 11:07:26','2018-02-14 11:07:26',1,793,570,2,NULL),(1703,'2058.5714285714',885,885,'2018-02-14 11:07:26','2018-02-14 11:07:26',1,793,2,570,NULL),(1704,'2058.5714285714',885,885,'2018-02-14 11:07:26','2018-02-14 11:07:26',1,793,576,2,NULL),(1705,'2058.5714285714',885,885,'2018-02-14 11:07:26','2018-02-14 11:07:26',1,793,2,576,NULL),(1706,'634040',885,885,'2018-02-14 11:07:26','2018-02-14 11:07:26',1,793,544,585,NULL),(1707,'634040',885,885,'2018-02-14 11:07:26','2018-02-14 11:07:26',1,793,585,544,NULL),(1708,'142.85714285714',1,1,'2018-02-14 12:59:18','2018-02-14 12:59:18',1,794,544,2,NULL),(1709,'142.85714285714',1,1,'2018-02-14 12:59:18','2018-02-14 12:59:18',1,794,2,544,NULL),(1710,'142.85714285714',1,1,'2018-02-14 12:59:18','2018-02-14 12:59:18',1,794,546,2,NULL),(1711,'142.85714285714',1,1,'2018-02-14 12:59:18','2018-02-14 12:59:18',1,794,2,546,NULL),(1712,'142.85714285714',1,1,'2018-02-14 12:59:18','2018-02-14 12:59:18',1,794,548,2,NULL),(1713,'142.85714285714',1,1,'2018-02-14 12:59:18','2018-02-14 12:59:18',1,794,2,548,NULL),(1714,'142.85714285714',1,1,'2018-02-14 12:59:18','2018-02-14 12:59:18',1,794,558,2,NULL),(1715,'142.85714285714',1,1,'2018-02-14 12:59:18','2018-02-14 12:59:18',1,794,2,558,NULL),(1716,'142.85714285714',1,1,'2018-02-14 12:59:18','2018-02-14 12:59:18',1,794,566,2,NULL),(1717,'142.85714285714',1,1,'2018-02-14 12:59:18','2018-02-14 12:59:18',1,794,2,566,NULL),(1718,'142.85714285714',1,1,'2018-02-14 12:59:18','2018-02-14 12:59:18',1,794,570,2,NULL),(1719,'142.85714285714',1,1,'2018-02-14 12:59:18','2018-02-14 12:59:18',1,794,2,570,NULL),(1720,'142.85714285714',1,1,'2018-02-14 12:59:18','2018-02-14 12:59:18',1,794,576,2,NULL),(1721,'142.85714285714',1,1,'2018-02-14 12:59:18','2018-02-14 12:59:18',1,794,2,576,NULL),(1722,'44000',1,1,'2018-02-14 12:59:18','2018-02-14 12:59:18',1,794,1,587,NULL),(1723,'44000',1,1,'2018-02-14 12:59:18','2018-02-14 12:59:18',1,794,587,1,NULL),(1724,'1428.5714285714',901,901,'2018-02-14 13:30:40','2018-02-14 13:30:40',1,795,544,2,NULL),(1725,'1428.5714285714',901,901,'2018-02-14 13:30:40','2018-02-14 13:30:40',1,795,2,544,NULL),(1726,'1428.5714285714',901,901,'2018-02-14 13:30:40','2018-02-14 13:30:40',1,795,546,2,NULL),(1727,'1428.5714285714',901,901,'2018-02-14 13:30:40','2018-02-14 13:30:40',1,795,2,546,NULL),(1728,'1428.5714285714',901,901,'2018-02-14 13:30:40','2018-02-14 13:30:40',1,795,548,2,NULL),(1729,'1428.5714285714',901,901,'2018-02-14 13:30:40','2018-02-14 13:30:40',1,795,2,548,NULL),(1730,'1428.5714285714',901,901,'2018-02-14 13:30:40','2018-02-14 13:30:40',1,795,558,2,NULL),(1731,'1428.5714285714',901,901,'2018-02-14 13:30:40','2018-02-14 13:30:40',1,795,2,558,NULL),(1732,'1428.5714285714',901,901,'2018-02-14 13:30:40','2018-02-14 13:30:40',1,795,566,2,NULL),(1733,'1428.5714285714',901,901,'2018-02-14 13:30:40','2018-02-14 13:30:40',1,795,2,566,NULL),(1734,'1428.5714285714',901,901,'2018-02-14 13:30:40','2018-02-14 13:30:40',1,795,570,2,NULL),(1735,'1428.5714285714',901,901,'2018-02-14 13:30:40','2018-02-14 13:30:40',1,795,2,570,NULL),(1736,'1428.5714285714',901,901,'2018-02-14 13:30:40','2018-02-14 13:30:40',1,795,576,2,NULL),(1737,'1428.5714285714',901,901,'2018-02-14 13:30:40','2018-02-14 13:30:40',1,795,2,576,NULL),(1738,'440000',901,901,'2018-02-14 13:30:40','2018-02-14 13:30:40',1,795,576,589,NULL),(1739,'440000',901,901,'2018-02-14 13:30:40','2018-02-14 13:30:40',1,795,589,576,NULL),(1740,'714.28571428571',907,907,'2018-02-14 13:33:12','2018-02-14 13:33:12',1,796,544,2,NULL),(1741,'714.28571428571',907,907,'2018-02-14 13:33:12','2018-02-14 13:33:12',1,796,2,544,NULL),(1742,'714.28571428571',907,907,'2018-02-14 13:33:12','2018-02-14 13:33:12',1,796,546,2,NULL),(1743,'714.28571428571',907,907,'2018-02-14 13:33:12','2018-02-14 13:33:12',1,796,2,546,NULL),(1744,'714.28571428571',907,907,'2018-02-14 13:33:12','2018-02-14 13:33:12',1,796,548,2,NULL),(1745,'714.28571428571',907,907,'2018-02-14 13:33:12','2018-02-14 13:33:12',1,796,2,548,NULL),(1746,'714.28571428571',907,907,'2018-02-14 13:33:12','2018-02-14 13:33:12',1,796,558,2,NULL),(1747,'714.28571428571',907,907,'2018-02-14 13:33:12','2018-02-14 13:33:12',1,796,2,558,NULL),(1748,'714.28571428571',907,907,'2018-02-14 13:33:12','2018-02-14 13:33:12',1,796,566,2,NULL),(1749,'714.28571428571',907,907,'2018-02-14 13:33:12','2018-02-14 13:33:12',1,796,2,566,NULL),(1750,'714.28571428571',907,907,'2018-02-14 13:33:12','2018-02-14 13:33:12',1,796,570,2,NULL),(1751,'714.28571428571',907,907,'2018-02-14 13:33:12','2018-02-14 13:33:12',1,796,2,570,NULL),(1752,'714.28571428571',907,907,'2018-02-14 13:33:12','2018-02-14 13:33:12',1,796,576,2,NULL),(1753,'714.28571428571',907,907,'2018-02-14 13:33:12','2018-02-14 13:33:12',1,796,2,576,NULL),(1754,'2500',907,907,'2018-02-14 13:33:12','2018-02-14 13:33:12',1,796,588,2,NULL),(1755,'2500',907,907,'2018-02-14 13:33:12','2018-02-14 13:33:12',1,796,2,588,NULL),(1756,'240000',907,907,'2018-02-14 13:33:12','2018-02-14 13:33:12',1,796,588,591,NULL),(1757,'240000',907,907,'2018-02-14 13:33:12','2018-02-14 13:33:12',1,796,591,588,NULL),(1758,'1428.5714285714',901,901,'2018-02-14 13:50:16','2018-02-14 13:50:16',1,799,544,2,NULL),(1759,'1428.5714285714',901,901,'2018-02-14 13:50:16','2018-02-14 13:50:16',1,799,2,544,NULL),(1760,'1428.5714285714',901,901,'2018-02-14 13:50:16','2018-02-14 13:50:16',1,799,546,2,NULL),(1761,'1428.5714285714',901,901,'2018-02-14 13:50:16','2018-02-14 13:50:16',1,799,2,546,NULL),(1762,'1428.5714285714',901,901,'2018-02-14 13:50:16','2018-02-14 13:50:16',1,799,548,2,NULL),(1763,'1428.5714285714',901,901,'2018-02-14 13:50:16','2018-02-14 13:50:16',1,799,2,548,NULL),(1764,'1428.5714285714',901,901,'2018-02-14 13:50:16','2018-02-14 13:50:16',1,799,558,2,NULL),(1765,'1428.5714285714',901,901,'2018-02-14 13:50:16','2018-02-14 13:50:16',1,799,2,558,NULL),(1766,'1428.5714285714',901,901,'2018-02-14 13:50:16','2018-02-14 13:50:16',1,799,566,2,NULL),(1767,'1428.5714285714',901,901,'2018-02-14 13:50:16','2018-02-14 13:50:16',1,799,2,566,NULL),(1768,'1428.5714285714',901,901,'2018-02-14 13:50:16','2018-02-14 13:50:16',1,799,570,2,NULL),(1769,'1428.5714285714',901,901,'2018-02-14 13:50:16','2018-02-14 13:50:16',1,799,2,570,NULL),(1770,'1428.5714285714',901,901,'2018-02-14 13:50:16','2018-02-14 13:50:16',1,799,576,2,NULL),(1771,'1428.5714285714',901,901,'2018-02-14 13:50:16','2018-02-14 13:50:16',1,799,2,576,NULL),(1772,'440000',901,901,'2018-02-14 13:50:16','2018-02-14 13:50:16',1,799,576,593,NULL),(1773,'440000',901,901,'2018-02-14 13:50:16','2018-02-14 13:50:16',1,799,593,576,NULL),(1774,'1428.5714285714',901,901,'2018-02-14 13:51:55','2018-02-14 13:51:55',1,800,544,2,NULL),(1775,'1428.5714285714',901,901,'2018-02-14 13:51:55','2018-02-14 13:51:55',1,800,2,544,NULL),(1776,'1428.5714285714',901,901,'2018-02-14 13:51:55','2018-02-14 13:51:55',1,800,546,2,NULL),(1777,'1428.5714285714',901,901,'2018-02-14 13:51:55','2018-02-14 13:51:55',1,800,2,546,NULL),(1778,'1428.5714285714',901,901,'2018-02-14 13:51:55','2018-02-14 13:51:55',1,800,548,2,NULL),(1779,'1428.5714285714',901,901,'2018-02-14 13:51:55','2018-02-14 13:51:55',1,800,2,548,NULL),(1780,'1428.5714285714',901,901,'2018-02-14 13:51:55','2018-02-14 13:51:55',1,800,558,2,NULL),(1781,'1428.5714285714',901,901,'2018-02-14 13:51:55','2018-02-14 13:51:55',1,800,2,558,NULL),(1782,'1428.5714285714',901,901,'2018-02-14 13:51:55','2018-02-14 13:51:55',1,800,566,2,NULL),(1783,'1428.5714285714',901,901,'2018-02-14 13:51:55','2018-02-14 13:51:55',1,800,2,566,NULL),(1784,'1428.5714285714',901,901,'2018-02-14 13:51:55','2018-02-14 13:51:55',1,800,570,2,NULL),(1785,'1428.5714285714',901,901,'2018-02-14 13:51:55','2018-02-14 13:51:55',1,800,2,570,NULL),(1786,'1428.5714285714',901,901,'2018-02-14 13:51:55','2018-02-14 13:51:55',1,800,576,2,NULL),(1787,'1428.5714285714',901,901,'2018-02-14 13:51:55','2018-02-14 13:51:55',1,800,2,576,NULL),(1788,'440000',901,901,'2018-02-14 13:51:55','2018-02-14 13:51:55',1,800,576,595,NULL),(1789,'440000',901,901,'2018-02-14 13:51:55','2018-02-14 13:51:55',1,800,595,576,NULL),(1790,'1428.5714285714',901,901,'2018-02-14 13:52:34','2018-02-14 13:52:34',1,801,544,2,NULL),(1791,'1428.5714285714',901,901,'2018-02-14 13:52:34','2018-02-14 13:52:34',1,801,2,544,NULL),(1792,'1428.5714285714',901,901,'2018-02-14 13:52:34','2018-02-14 13:52:34',1,801,546,2,NULL),(1793,'1428.5714285714',901,901,'2018-02-14 13:52:34','2018-02-14 13:52:34',1,801,2,546,NULL),(1794,'1428.5714285714',901,901,'2018-02-14 13:52:34','2018-02-14 13:52:34',1,801,548,2,NULL),(1795,'1428.5714285714',901,901,'2018-02-14 13:52:34','2018-02-14 13:52:34',1,801,2,548,NULL),(1796,'1428.5714285714',901,901,'2018-02-14 13:52:34','2018-02-14 13:52:34',1,801,558,2,NULL),(1797,'1428.5714285714',901,901,'2018-02-14 13:52:34','2018-02-14 13:52:34',1,801,2,558,NULL),(1798,'1428.5714285714',901,901,'2018-02-14 13:52:34','2018-02-14 13:52:34',1,801,566,2,NULL),(1799,'1428.5714285714',901,901,'2018-02-14 13:52:34','2018-02-14 13:52:34',1,801,2,566,NULL),(1800,'1428.5714285714',901,901,'2018-02-14 13:52:34','2018-02-14 13:52:34',1,801,570,2,NULL),(1801,'1428.5714285714',901,901,'2018-02-14 13:52:34','2018-02-14 13:52:34',1,801,2,570,NULL),(1802,'1428.5714285714',901,901,'2018-02-14 13:52:34','2018-02-14 13:52:34',1,801,576,2,NULL),(1803,'1428.5714285714',901,901,'2018-02-14 13:52:34','2018-02-14 13:52:34',1,801,2,576,NULL),(1804,'440000',901,901,'2018-02-14 13:52:34','2018-02-14 13:52:34',1,801,576,597,NULL),(1805,'440000',901,901,'2018-02-14 13:52:34','2018-02-14 13:52:34',1,801,597,576,NULL),(1806,'1428.5714285714',901,901,'2018-02-14 13:53:19','2018-02-14 13:53:19',1,802,544,2,NULL),(1807,'1428.5714285714',901,901,'2018-02-14 13:53:19','2018-02-14 13:53:19',1,802,2,544,NULL),(1808,'1428.5714285714',901,901,'2018-02-14 13:53:19','2018-02-14 13:53:19',1,802,546,2,NULL),(1809,'1428.5714285714',901,901,'2018-02-14 13:53:19','2018-02-14 13:53:19',1,802,2,546,NULL),(1810,'1428.5714285714',901,901,'2018-02-14 13:53:19','2018-02-14 13:53:19',1,802,548,2,NULL),(1811,'1428.5714285714',901,901,'2018-02-14 13:53:19','2018-02-14 13:53:19',1,802,2,548,NULL),(1812,'1428.5714285714',901,901,'2018-02-14 13:53:19','2018-02-14 13:53:19',1,802,558,2,NULL),(1813,'1428.5714285714',901,901,'2018-02-14 13:53:19','2018-02-14 13:53:19',1,802,2,558,NULL),(1814,'1428.5714285714',901,901,'2018-02-14 13:53:19','2018-02-14 13:53:19',1,802,566,2,NULL),(1815,'1428.5714285714',901,901,'2018-02-14 13:53:19','2018-02-14 13:53:19',1,802,2,566,NULL),(1816,'1428.5714285714',901,901,'2018-02-14 13:53:19','2018-02-14 13:53:19',1,802,570,2,NULL),(1817,'1428.5714285714',901,901,'2018-02-14 13:53:19','2018-02-14 13:53:19',1,802,2,570,NULL),(1818,'1428.5714285714',901,901,'2018-02-14 13:53:19','2018-02-14 13:53:19',1,802,576,2,NULL),(1819,'1428.5714285714',901,901,'2018-02-14 13:53:19','2018-02-14 13:53:19',1,802,2,576,NULL),(1820,'440000',901,901,'2018-02-14 13:53:19','2018-02-14 13:53:19',1,802,576,599,NULL),(1821,'440000',901,901,'2018-02-14 13:53:19','2018-02-14 13:53:19',1,802,599,576,NULL),(1822,'428.57142857143',901,901,'2018-02-14 13:56:11','2018-02-14 13:56:11',1,803,544,2,NULL),(1823,'428.57142857143',901,901,'2018-02-14 13:56:11','2018-02-14 13:56:11',1,803,2,544,NULL),(1824,'428.57142857143',901,901,'2018-02-14 13:56:11','2018-02-14 13:56:11',1,803,546,2,NULL),(1825,'428.57142857143',901,901,'2018-02-14 13:56:11','2018-02-14 13:56:11',1,803,2,546,NULL),(1826,'428.57142857143',901,901,'2018-02-14 13:56:11','2018-02-14 13:56:11',1,803,548,2,NULL),(1827,'428.57142857143',901,901,'2018-02-14 13:56:11','2018-02-14 13:56:11',1,803,2,548,NULL),(1828,'428.57142857143',901,901,'2018-02-14 13:56:11','2018-02-14 13:56:11',1,803,558,2,NULL),(1829,'428.57142857143',901,901,'2018-02-14 13:56:11','2018-02-14 13:56:11',1,803,2,558,NULL),(1830,'428.57142857143',901,901,'2018-02-14 13:56:11','2018-02-14 13:56:11',1,803,566,2,NULL),(1831,'428.57142857143',901,901,'2018-02-14 13:56:11','2018-02-14 13:56:11',1,803,2,566,NULL),(1832,'428.57142857143',901,901,'2018-02-14 13:56:11','2018-02-14 13:56:11',1,803,570,2,NULL),(1833,'428.57142857143',901,901,'2018-02-14 13:56:11','2018-02-14 13:56:11',1,803,2,570,NULL),(1834,'428.57142857143',901,901,'2018-02-14 13:56:11','2018-02-14 13:56:11',1,803,576,2,NULL),(1835,'428.57142857143',901,901,'2018-02-14 13:56:11','2018-02-14 13:56:11',1,803,2,576,NULL),(1836,'714.28571428571',901,901,'2018-02-15 08:31:53','2018-02-15 08:31:53',1,804,544,2,NULL),(1837,'714.28571428571',901,901,'2018-02-15 08:31:53','2018-02-15 08:31:53',1,804,2,544,NULL),(1838,'714.28571428571',901,901,'2018-02-15 08:31:53','2018-02-15 08:31:53',1,804,546,2,NULL),(1839,'714.28571428571',901,901,'2018-02-15 08:31:53','2018-02-15 08:31:53',1,804,2,546,NULL),(1840,'714.28571428571',901,901,'2018-02-15 08:31:53','2018-02-15 08:31:53',1,804,548,2,NULL),(1841,'714.28571428571',901,901,'2018-02-15 08:31:53','2018-02-15 08:31:53',1,804,2,548,NULL),(1842,'714.28571428571',901,901,'2018-02-15 08:31:53','2018-02-15 08:31:53',1,804,558,2,NULL),(1843,'714.28571428571',901,901,'2018-02-15 08:31:53','2018-02-15 08:31:53',1,804,2,558,NULL),(1844,'714.28571428571',901,901,'2018-02-15 08:31:53','2018-02-15 08:31:53',1,804,566,2,NULL),(1845,'714.28571428571',901,901,'2018-02-15 08:31:53','2018-02-15 08:31:53',1,804,2,566,NULL),(1846,'714.28571428571',901,901,'2018-02-15 08:31:53','2018-02-15 08:31:53',1,804,570,2,NULL),(1847,'714.28571428571',901,901,'2018-02-15 08:31:53','2018-02-15 08:31:53',1,804,2,570,NULL),(1848,'714.28571428571',901,901,'2018-02-15 08:31:53','2018-02-15 08:31:53',1,804,576,2,NULL),(1849,'714.28571428571',901,901,'2018-02-15 08:31:53','2018-02-15 08:31:53',1,804,2,576,NULL),(1850,'277500',901,901,'2018-02-15 08:31:53','2018-02-15 08:31:53',1,804,576,603,NULL),(1851,'277500',901,901,'2018-02-15 08:31:53','2018-02-15 08:31:53',1,804,603,576,NULL),(1852,'21.428571428571',901,901,'2018-02-15 08:33:09','2018-02-15 08:33:09',1,805,544,2,NULL),(1853,'21.428571428571',901,901,'2018-02-15 08:33:09','2018-02-15 08:33:09',1,805,2,544,NULL),(1854,'21.428571428571',901,901,'2018-02-15 08:33:09','2018-02-15 08:33:09',1,805,546,2,NULL),(1855,'21.428571428571',901,901,'2018-02-15 08:33:09','2018-02-15 08:33:09',1,805,2,546,NULL),(1856,'21.428571428571',901,901,'2018-02-15 08:33:09','2018-02-15 08:33:09',1,805,548,2,NULL),(1857,'21.428571428571',901,901,'2018-02-15 08:33:09','2018-02-15 08:33:09',1,805,2,548,NULL),(1858,'21.428571428571',901,901,'2018-02-15 08:33:09','2018-02-15 08:33:09',1,805,558,2,NULL),(1859,'21.428571428571',901,901,'2018-02-15 08:33:09','2018-02-15 08:33:09',1,805,2,558,NULL),(1860,'21.428571428571',901,901,'2018-02-15 08:33:09','2018-02-15 08:33:09',1,805,566,2,NULL),(1861,'21.428571428571',901,901,'2018-02-15 08:33:09','2018-02-15 08:33:09',1,805,2,566,NULL),(1862,'21.428571428571',901,901,'2018-02-15 08:33:09','2018-02-15 08:33:09',1,805,570,2,NULL),(1863,'21.428571428571',901,901,'2018-02-15 08:33:09','2018-02-15 08:33:09',1,805,2,570,NULL),(1864,'21.428571428571',901,901,'2018-02-15 08:33:09','2018-02-15 08:33:09',1,805,576,2,NULL),(1865,'21.428571428571',901,901,'2018-02-15 08:33:09','2018-02-15 08:33:09',1,805,2,576,NULL),(1866,'5985',901,901,'2018-02-15 08:33:09','2018-02-15 08:33:09',1,805,576,605,NULL),(1867,'5985',901,901,'2018-02-15 08:33:09','2018-02-15 08:33:09',1,805,605,576,NULL),(1868,'71.428571428571',901,901,'2018-02-15 08:37:07','2018-02-15 08:37:07',1,806,544,2,NULL),(1869,'71.428571428571',901,901,'2018-02-15 08:37:07','2018-02-15 08:37:07',1,806,2,544,NULL),(1870,'71.428571428571',901,901,'2018-02-15 08:37:07','2018-02-15 08:37:07',1,806,546,2,NULL),(1871,'71.428571428571',901,901,'2018-02-15 08:37:07','2018-02-15 08:37:07',1,806,2,546,NULL),(1872,'71.428571428571',901,901,'2018-02-15 08:37:07','2018-02-15 08:37:07',1,806,548,2,NULL),(1873,'71.428571428571',901,901,'2018-02-15 08:37:07','2018-02-15 08:37:07',1,806,2,548,NULL),(1874,'71.428571428571',901,901,'2018-02-15 08:37:07','2018-02-15 08:37:07',1,806,558,2,NULL),(1875,'71.428571428571',901,901,'2018-02-15 08:37:07','2018-02-15 08:37:07',1,806,2,558,NULL),(1876,'71.428571428571',901,901,'2018-02-15 08:37:07','2018-02-15 08:37:07',1,806,566,2,NULL),(1877,'71.428571428571',901,901,'2018-02-15 08:37:07','2018-02-15 08:37:07',1,806,2,566,NULL),(1878,'71.428571428571',901,901,'2018-02-15 08:37:07','2018-02-15 08:37:07',1,806,570,2,NULL),(1879,'71.428571428571',901,901,'2018-02-15 08:37:07','2018-02-15 08:37:07',1,806,2,570,NULL),(1880,'71.428571428571',901,901,'2018-02-15 08:37:07','2018-02-15 08:37:07',1,806,576,2,NULL),(1881,'71.428571428571',901,901,'2018-02-15 08:37:07','2018-02-15 08:37:07',1,806,2,576,NULL),(1882,'19950',901,901,'2018-02-15 08:37:07','2018-02-15 08:37:07',1,806,576,607,NULL),(1883,'19950',901,901,'2018-02-15 08:37:07','2018-02-15 08:37:07',1,806,607,576,NULL),(1884,'500',901,901,'2018-02-15 08:39:07','2018-02-15 08:39:07',1,807,544,2,NULL),(1885,'500',901,901,'2018-02-15 08:39:07','2018-02-15 08:39:07',1,807,2,544,NULL),(1886,'500',901,901,'2018-02-15 08:39:07','2018-02-15 08:39:07',1,807,546,2,NULL),(1887,'500',901,901,'2018-02-15 08:39:07','2018-02-15 08:39:07',1,807,2,546,NULL),(1888,'500',901,901,'2018-02-15 08:39:07','2018-02-15 08:39:07',1,807,548,2,NULL),(1889,'500',901,901,'2018-02-15 08:39:07','2018-02-15 08:39:07',1,807,2,548,NULL),(1890,'500',901,901,'2018-02-15 08:39:07','2018-02-15 08:39:07',1,807,558,2,NULL),(1891,'500',901,901,'2018-02-15 08:39:07','2018-02-15 08:39:07',1,807,2,558,NULL),(1892,'500',901,901,'2018-02-15 08:39:07','2018-02-15 08:39:07',1,807,566,2,NULL),(1893,'500',901,901,'2018-02-15 08:39:07','2018-02-15 08:39:07',1,807,2,566,NULL),(1894,'500',901,901,'2018-02-15 08:39:07','2018-02-15 08:39:07',1,807,570,2,NULL),(1895,'500',901,901,'2018-02-15 08:39:07','2018-02-15 08:39:07',1,807,2,570,NULL),(1896,'500',901,901,'2018-02-15 08:39:07','2018-02-15 08:39:07',1,807,576,2,NULL),(1897,'500',901,901,'2018-02-15 08:39:07','2018-02-15 08:39:07',1,807,2,576,NULL),(1898,'154000',901,901,'2018-02-15 08:39:07','2018-02-15 08:39:07',1,807,576,609,NULL),(1899,'154000',901,901,'2018-02-15 08:39:07','2018-02-15 08:39:07',1,807,609,576,NULL),(1900,'71.428571428571',901,901,'2018-02-15 08:39:21','2018-02-15 08:39:21',1,808,544,2,NULL),(1901,'71.428571428571',901,901,'2018-02-15 08:39:21','2018-02-15 08:39:21',1,808,2,544,NULL),(1902,'71.428571428571',901,901,'2018-02-15 08:39:21','2018-02-15 08:39:21',1,808,546,2,NULL),(1903,'71.428571428571',901,901,'2018-02-15 08:39:21','2018-02-15 08:39:21',1,808,2,546,NULL),(1904,'71.428571428571',901,901,'2018-02-15 08:39:21','2018-02-15 08:39:21',1,808,548,2,NULL),(1905,'71.428571428571',901,901,'2018-02-15 08:39:21','2018-02-15 08:39:21',1,808,2,548,NULL),(1906,'71.428571428571',901,901,'2018-02-15 08:39:21','2018-02-15 08:39:21',1,808,558,2,NULL),(1907,'71.428571428571',901,901,'2018-02-15 08:39:21','2018-02-15 08:39:21',1,808,2,558,NULL),(1908,'71.428571428571',901,901,'2018-02-15 08:39:21','2018-02-15 08:39:21',1,808,566,2,NULL),(1909,'71.428571428571',901,901,'2018-02-15 08:39:21','2018-02-15 08:39:21',1,808,2,566,NULL),(1910,'71.428571428571',901,901,'2018-02-15 08:39:21','2018-02-15 08:39:21',1,808,570,2,NULL),(1911,'71.428571428571',901,901,'2018-02-15 08:39:21','2018-02-15 08:39:21',1,808,2,570,NULL),(1912,'71.428571428571',901,901,'2018-02-15 08:39:22','2018-02-15 08:39:22',1,808,576,2,NULL),(1913,'71.428571428571',901,901,'2018-02-15 08:39:22','2018-02-15 08:39:22',1,808,2,576,NULL),(1914,'19950',901,901,'2018-02-15 08:39:22','2018-02-15 08:39:22',1,808,576,611,NULL),(1915,'19950',901,901,'2018-02-15 08:39:22','2018-02-15 08:39:22',1,808,611,576,NULL),(1916,'28.571428571429',901,901,'2018-02-15 08:40:20','2018-02-15 08:40:20',1,809,544,2,NULL),(1917,'28.571428571429',901,901,'2018-02-15 08:40:20','2018-02-15 08:40:20',1,809,2,544,NULL),(1918,'28.571428571429',901,901,'2018-02-15 08:40:20','2018-02-15 08:40:20',1,809,546,2,NULL),(1919,'28.571428571429',901,901,'2018-02-15 08:40:20','2018-02-15 08:40:20',1,809,2,546,NULL),(1920,'28.571428571429',901,901,'2018-02-15 08:40:20','2018-02-15 08:40:20',1,809,548,2,NULL),(1921,'28.571428571429',901,901,'2018-02-15 08:40:20','2018-02-15 08:40:20',1,809,2,548,NULL),(1922,'28.571428571429',901,901,'2018-02-15 08:40:20','2018-02-15 08:40:20',1,809,558,2,NULL),(1923,'28.571428571429',901,901,'2018-02-15 08:40:20','2018-02-15 08:40:20',1,809,2,558,NULL),(1924,'28.571428571429',901,901,'2018-02-15 08:40:20','2018-02-15 08:40:20',1,809,566,2,NULL),(1925,'28.571428571429',901,901,'2018-02-15 08:40:20','2018-02-15 08:40:20',1,809,2,566,NULL),(1926,'28.571428571429',901,901,'2018-02-15 08:40:20','2018-02-15 08:40:20',1,809,570,2,NULL),(1927,'28.571428571429',901,901,'2018-02-15 08:40:20','2018-02-15 08:40:20',1,809,2,570,NULL),(1928,'28.571428571429',901,901,'2018-02-15 08:40:20','2018-02-15 08:40:20',1,809,576,2,NULL),(1929,'28.571428571429',901,901,'2018-02-15 08:40:20','2018-02-15 08:40:20',1,809,2,576,NULL),(1930,'12600',901,901,'2018-02-15 08:40:20','2018-02-15 08:40:20',1,809,576,613,NULL),(1931,'12600',901,901,'2018-02-15 08:40:20','2018-02-15 08:40:20',1,809,613,576,NULL),(1932,'571.42857142857',901,901,'2018-02-15 08:40:26','2018-02-15 08:40:26',1,810,544,2,NULL),(1933,'571.42857142857',901,901,'2018-02-15 08:40:26','2018-02-15 08:40:26',1,810,2,544,NULL),(1934,'571.42857142857',901,901,'2018-02-15 08:40:26','2018-02-15 08:40:26',1,810,546,2,NULL),(1935,'571.42857142857',901,901,'2018-02-15 08:40:26','2018-02-15 08:40:26',1,810,2,546,NULL),(1936,'571.42857142857',901,901,'2018-02-15 08:40:26','2018-02-15 08:40:26',1,810,548,2,NULL),(1937,'571.42857142857',901,901,'2018-02-15 08:40:26','2018-02-15 08:40:26',1,810,2,548,NULL),(1938,'571.42857142857',901,901,'2018-02-15 08:40:26','2018-02-15 08:40:26',1,810,558,2,NULL),(1939,'571.42857142857',901,901,'2018-02-15 08:40:26','2018-02-15 08:40:26',1,810,2,558,NULL),(1940,'571.42857142857',901,901,'2018-02-15 08:40:26','2018-02-15 08:40:26',1,810,566,2,NULL),(1941,'571.42857142857',901,901,'2018-02-15 08:40:26','2018-02-15 08:40:26',1,810,2,566,NULL),(1942,'571.42857142857',901,901,'2018-02-15 08:40:26','2018-02-15 08:40:26',1,810,570,2,NULL),(1943,'571.42857142857',901,901,'2018-02-15 08:40:26','2018-02-15 08:40:26',1,810,2,570,NULL),(1944,'571.42857142857',901,901,'2018-02-15 08:40:26','2018-02-15 08:40:26',1,810,576,2,NULL),(1945,'571.42857142857',901,901,'2018-02-15 08:40:26','2018-02-15 08:40:26',1,810,2,576,NULL),(1946,'159600',901,901,'2018-02-15 08:40:26','2018-02-15 08:40:26',1,810,576,615,NULL),(1947,'159600',901,901,'2018-02-15 08:40:26','2018-02-15 08:40:26',1,810,615,576,NULL),(1948,'634.28571428571',901,901,'2018-02-15 08:42:40','2018-02-15 08:42:40',1,811,544,2,NULL),(1949,'634.28571428571',901,901,'2018-02-15 08:42:40','2018-02-15 08:42:40',1,811,2,544,NULL),(1950,'634.28571428571',901,901,'2018-02-15 08:42:40','2018-02-15 08:42:40',1,811,546,2,NULL),(1951,'634.28571428571',901,901,'2018-02-15 08:42:40','2018-02-15 08:42:40',1,811,2,546,NULL),(1952,'634.28571428571',901,901,'2018-02-15 08:42:40','2018-02-15 08:42:40',1,811,548,2,NULL),(1953,'634.28571428571',901,901,'2018-02-15 08:42:40','2018-02-15 08:42:40',1,811,2,548,NULL),(1954,'634.28571428571',901,901,'2018-02-15 08:42:40','2018-02-15 08:42:40',1,811,558,2,NULL),(1955,'634.28571428571',901,901,'2018-02-15 08:42:40','2018-02-15 08:42:40',1,811,2,558,NULL),(1956,'634.28571428571',901,901,'2018-02-15 08:42:40','2018-02-15 08:42:40',1,811,566,2,NULL),(1957,'634.28571428571',901,901,'2018-02-15 08:42:40','2018-02-15 08:42:40',1,811,2,566,NULL),(1958,'634.28571428571',901,901,'2018-02-15 08:42:40','2018-02-15 08:42:40',1,811,570,2,NULL),(1959,'634.28571428571',901,901,'2018-02-15 08:42:40','2018-02-15 08:42:40',1,811,2,570,NULL),(1960,'634.28571428571',901,901,'2018-02-15 08:42:40','2018-02-15 08:42:40',1,811,576,2,NULL),(1961,'634.28571428571',901,901,'2018-02-15 08:42:40','2018-02-15 08:42:40',1,811,2,576,NULL),(1962,'177156',901,901,'2018-02-15 08:42:40','2018-02-15 08:42:40',1,811,576,617,NULL),(1963,'177156',901,901,'2018-02-15 08:42:40','2018-02-15 08:42:40',1,811,617,576,NULL),(1964,'475.71428571429',901,901,'2018-02-15 08:43:31','2018-02-15 08:43:31',1,812,544,2,NULL),(1965,'475.71428571429',901,901,'2018-02-15 08:43:31','2018-02-15 08:43:31',1,812,2,544,NULL),(1966,'475.71428571429',901,901,'2018-02-15 08:43:31','2018-02-15 08:43:31',1,812,546,2,NULL),(1967,'475.71428571429',901,901,'2018-02-15 08:43:31','2018-02-15 08:43:31',1,812,2,546,NULL),(1968,'475.71428571429',901,901,'2018-02-15 08:43:31','2018-02-15 08:43:31',1,812,548,2,NULL),(1969,'475.71428571429',901,901,'2018-02-15 08:43:31','2018-02-15 08:43:31',1,812,2,548,NULL),(1970,'475.71428571429',901,901,'2018-02-15 08:43:31','2018-02-15 08:43:31',1,812,558,2,NULL),(1971,'475.71428571429',901,901,'2018-02-15 08:43:31','2018-02-15 08:43:31',1,812,2,558,NULL),(1972,'475.71428571429',901,901,'2018-02-15 08:43:31','2018-02-15 08:43:31',1,812,566,2,NULL),(1973,'475.71428571429',901,901,'2018-02-15 08:43:31','2018-02-15 08:43:31',1,812,2,566,NULL),(1974,'475.71428571429',901,901,'2018-02-15 08:43:31','2018-02-15 08:43:31',1,812,570,2,NULL),(1975,'475.71428571429',901,901,'2018-02-15 08:43:31','2018-02-15 08:43:31',1,812,2,570,NULL),(1976,'475.71428571429',901,901,'2018-02-15 08:43:31','2018-02-15 08:43:31',1,812,576,2,NULL),(1977,'475.71428571429',901,901,'2018-02-15 08:43:31','2018-02-15 08:43:31',1,812,2,576,NULL),(1978,'209790',901,901,'2018-02-15 08:43:31','2018-02-15 08:43:31',1,812,576,619,NULL),(1979,'209790',901,901,'2018-02-15 08:43:31','2018-02-15 08:43:31',1,812,619,576,NULL),(1980,'428.57142857143',901,901,'2018-02-15 08:44:43','2018-02-15 08:44:43',1,813,544,2,NULL),(1981,'428.57142857143',901,901,'2018-02-15 08:44:43','2018-02-15 08:44:43',1,813,2,544,NULL),(1982,'428.57142857143',901,901,'2018-02-15 08:44:43','2018-02-15 08:44:43',1,813,546,2,NULL),(1983,'428.57142857143',901,901,'2018-02-15 08:44:43','2018-02-15 08:44:43',1,813,2,546,NULL),(1984,'428.57142857143',901,901,'2018-02-15 08:44:43','2018-02-15 08:44:43',1,813,548,2,NULL),(1985,'428.57142857143',901,901,'2018-02-15 08:44:43','2018-02-15 08:44:43',1,813,2,548,NULL),(1986,'428.57142857143',901,901,'2018-02-15 08:44:43','2018-02-15 08:44:43',1,813,558,2,NULL),(1987,'428.57142857143',901,901,'2018-02-15 08:44:43','2018-02-15 08:44:43',1,813,2,558,NULL),(1988,'428.57142857143',901,901,'2018-02-15 08:44:43','2018-02-15 08:44:43',1,813,566,2,NULL),(1989,'428.57142857143',901,901,'2018-02-15 08:44:43','2018-02-15 08:44:43',1,813,2,566,NULL),(1990,'428.57142857143',901,901,'2018-02-15 08:44:43','2018-02-15 08:44:43',1,813,570,2,NULL),(1991,'428.57142857143',901,901,'2018-02-15 08:44:43','2018-02-15 08:44:43',1,813,2,570,NULL),(1992,'428.57142857143',901,901,'2018-02-15 08:44:43','2018-02-15 08:44:43',1,813,576,2,NULL),(1993,'428.57142857143',901,901,'2018-02-15 08:44:43','2018-02-15 08:44:43',1,813,2,576,NULL),(1994,'177000',901,901,'2018-02-15 08:44:43','2018-02-15 08:44:43',1,813,576,621,NULL),(1995,'177000',901,901,'2018-02-15 08:44:43','2018-02-15 08:44:43',1,813,621,576,NULL),(1996,'142.85714285714',901,901,'2018-02-15 08:49:56','2018-02-15 08:49:56',1,814,544,2,NULL),(1997,'142.85714285714',901,901,'2018-02-15 08:49:56','2018-02-15 08:49:56',1,814,2,544,NULL),(1998,'142.85714285714',901,901,'2018-02-15 08:49:56','2018-02-15 08:49:56',1,814,546,2,NULL),(1999,'142.85714285714',901,901,'2018-02-15 08:49:56','2018-02-15 08:49:56',1,814,2,546,NULL),(2000,'142.85714285714',901,901,'2018-02-15 08:49:56','2018-02-15 08:49:56',1,814,548,2,NULL),(2001,'142.85714285714',901,901,'2018-02-15 08:49:56','2018-02-15 08:49:56',1,814,2,548,NULL),(2002,'142.85714285714',901,901,'2018-02-15 08:49:56','2018-02-15 08:49:56',1,814,558,2,NULL),(2003,'142.85714285714',901,901,'2018-02-15 08:49:56','2018-02-15 08:49:56',1,814,2,558,NULL),(2004,'142.85714285714',901,901,'2018-02-15 08:49:56','2018-02-15 08:49:56',1,814,566,2,NULL),(2005,'142.85714285714',901,901,'2018-02-15 08:49:56','2018-02-15 08:49:56',1,814,2,566,NULL),(2006,'142.85714285714',901,901,'2018-02-15 08:49:56','2018-02-15 08:49:56',1,814,570,2,NULL),(2007,'142.85714285714',901,901,'2018-02-15 08:49:56','2018-02-15 08:49:56',1,814,2,570,NULL),(2008,'142.85714285714',901,901,'2018-02-15 08:49:56','2018-02-15 08:49:56',1,814,576,2,NULL),(2009,'142.85714285714',901,901,'2018-02-15 08:49:56','2018-02-15 08:49:56',1,814,2,576,NULL),(2010,'63000',901,901,'2018-02-15 08:49:56','2018-02-15 08:49:56',1,814,576,613,NULL),(2011,'63000',901,901,'2018-02-15 08:49:56','2018-02-15 08:49:56',1,814,613,576,NULL),(2012,'21.428571428571',901,901,'2018-02-15 11:04:07','2018-02-15 11:04:07',1,815,544,2,NULL),(2013,'21.428571428571',901,901,'2018-02-15 11:04:07','2018-02-15 11:04:07',1,815,2,544,NULL),(2014,'21.428571428571',901,901,'2018-02-15 11:04:07','2018-02-15 11:04:07',1,815,546,2,NULL),(2015,'21.428571428571',901,901,'2018-02-15 11:04:07','2018-02-15 11:04:07',1,815,2,546,NULL),(2016,'21.428571428571',901,901,'2018-02-15 11:04:07','2018-02-15 11:04:07',1,815,548,2,NULL),(2017,'21.428571428571',901,901,'2018-02-15 11:04:07','2018-02-15 11:04:07',1,815,2,548,NULL),(2018,'21.428571428571',901,901,'2018-02-15 11:04:07','2018-02-15 11:04:07',1,815,558,2,NULL),(2019,'21.428571428571',901,901,'2018-02-15 11:04:07','2018-02-15 11:04:07',1,815,2,558,NULL),(2020,'21.428571428571',901,901,'2018-02-15 11:04:07','2018-02-15 11:04:07',1,815,566,2,NULL),(2021,'21.428571428571',901,901,'2018-02-15 11:04:07','2018-02-15 11:04:07',1,815,2,566,NULL),(2022,'21.428571428571',901,901,'2018-02-15 11:04:07','2018-02-15 11:04:07',1,815,570,2,NULL),(2023,'21.428571428571',901,901,'2018-02-15 11:04:07','2018-02-15 11:04:07',1,815,2,570,NULL),(2024,'21.428571428571',901,901,'2018-02-15 11:04:07','2018-02-15 11:04:07',1,815,576,2,NULL),(2025,'21.428571428571',901,901,'2018-02-15 11:04:07','2018-02-15 11:04:07',1,815,2,576,NULL),(2026,'9450',901,901,'2018-02-15 11:04:07','2018-02-15 11:04:07',1,815,576,623,NULL),(2027,'9450',901,901,'2018-02-15 11:04:07','2018-02-15 11:04:07',1,815,623,576,NULL),(2028,'142.85714285714',903,903,'2018-02-15 13:59:18','2018-02-15 13:59:18',1,816,544,2,NULL),(2029,'142.85714285714',903,903,'2018-02-15 13:59:18','2018-02-15 13:59:18',1,816,2,544,NULL),(2030,'142.85714285714',903,903,'2018-02-15 13:59:18','2018-02-15 13:59:18',1,816,546,2,NULL),(2031,'142.85714285714',903,903,'2018-02-15 13:59:18','2018-02-15 13:59:18',1,816,2,546,NULL),(2032,'142.85714285714',903,903,'2018-02-15 13:59:18','2018-02-15 13:59:18',1,816,548,2,NULL),(2033,'142.85714285714',903,903,'2018-02-15 13:59:18','2018-02-15 13:59:18',1,816,2,548,NULL),(2034,'142.85714285714',903,903,'2018-02-15 13:59:18','2018-02-15 13:59:18',1,816,558,2,NULL),(2035,'142.85714285714',903,903,'2018-02-15 13:59:18','2018-02-15 13:59:18',1,816,2,558,NULL),(2036,'142.85714285714',903,903,'2018-02-15 13:59:18','2018-02-15 13:59:18',1,816,566,2,NULL),(2037,'142.85714285714',903,903,'2018-02-15 13:59:18','2018-02-15 13:59:18',1,816,2,566,NULL),(2038,'142.85714285714',903,903,'2018-02-15 13:59:18','2018-02-15 13:59:18',1,816,570,2,NULL),(2039,'142.85714285714',903,903,'2018-02-15 13:59:18','2018-02-15 13:59:18',1,816,2,570,NULL),(2040,'142.85714285714',903,903,'2018-02-15 13:59:18','2018-02-15 13:59:18',1,816,576,2,NULL),(2041,'142.85714285714',903,903,'2018-02-15 13:59:18','2018-02-15 13:59:18',1,816,2,576,NULL),(2042,'300',903,903,'2018-02-15 13:59:18','2018-02-15 13:59:18',1,816,580,2,NULL),(2043,'300',903,903,'2018-02-15 13:59:18','2018-02-15 13:59:18',1,816,2,580,NULL),(2044,'55000',903,903,'2018-02-15 13:59:18','2018-02-15 13:59:18',1,816,580,625,NULL),(2045,'55000',903,903,'2018-02-15 13:59:18','2018-02-15 13:59:18',1,816,625,580,NULL),(2046,'1142.8571428571',1,1,'2018-02-16 04:19:01','2018-02-16 04:19:01',1,820,544,2,NULL),(2047,'1142.8571428571',1,1,'2018-02-16 04:19:01','2018-02-16 04:19:01',1,820,2,544,NULL),(2048,'1142.8571428571',1,1,'2018-02-16 04:19:01','2018-02-16 04:19:01',1,820,546,2,NULL),(2049,'1142.8571428571',1,1,'2018-02-16 04:19:01','2018-02-16 04:19:01',1,820,2,546,NULL),(2050,'1142.8571428571',1,1,'2018-02-16 04:19:01','2018-02-16 04:19:01',1,820,548,2,NULL),(2051,'1142.8571428571',1,1,'2018-02-16 04:19:01','2018-02-16 04:19:01',1,820,2,548,NULL),(2052,'1142.8571428571',1,1,'2018-02-16 04:19:01','2018-02-16 04:19:01',1,820,558,2,NULL),(2053,'1142.8571428571',1,1,'2018-02-16 04:19:01','2018-02-16 04:19:01',1,820,2,558,NULL),(2054,'1142.8571428571',1,1,'2018-02-16 04:19:01','2018-02-16 04:19:01',1,820,566,2,NULL),(2055,'1142.8571428571',1,1,'2018-02-16 04:19:01','2018-02-16 04:19:01',1,820,2,566,NULL),(2056,'1142.8571428571',1,1,'2018-02-16 04:19:01','2018-02-16 04:19:01',1,820,570,2,NULL),(2057,'1142.8571428571',1,1,'2018-02-16 04:19:01','2018-02-16 04:19:01',1,820,2,570,NULL),(2058,'1142.8571428571',1,1,'2018-02-16 04:19:01','2018-02-16 04:19:01',1,820,576,2,NULL),(2059,'1142.8571428571',1,1,'2018-02-16 04:19:01','2018-02-16 04:19:01',1,820,2,576,NULL),(2060,'352000',1,1,'2018-02-16 04:19:01','2018-02-16 04:19:01',1,820,558,627,NULL),(2061,'352000',1,1,'2018-02-16 04:19:01','2018-02-16 04:19:01',1,820,627,558,NULL),(2062,'1428571.4285714',1,1,'2018-02-16 05:26:59','2018-02-16 05:26:59',1,821,544,2,NULL),(2063,'1428571.4285714',1,1,'2018-02-16 05:26:59','2018-02-16 05:26:59',1,821,2,544,NULL),(2064,'1428571.4285714',1,1,'2018-02-16 05:26:59','2018-02-16 05:26:59',1,821,546,2,NULL),(2065,'1428571.4285714',1,1,'2018-02-16 05:26:59','2018-02-16 05:26:59',1,821,2,546,NULL),(2066,'1428571.4285714',1,1,'2018-02-16 05:26:59','2018-02-16 05:26:59',1,821,548,2,NULL),(2067,'1428571.4285714',1,1,'2018-02-16 05:26:59','2018-02-16 05:26:59',1,821,2,548,NULL),(2068,'1428571.4285714',1,1,'2018-02-16 05:26:59','2018-02-16 05:26:59',1,821,558,2,NULL),(2069,'1428571.4285714',1,1,'2018-02-16 05:26:59','2018-02-16 05:26:59',1,821,2,558,NULL),(2070,'1428571.4285714',1,1,'2018-02-16 05:26:59','2018-02-16 05:26:59',1,821,566,2,NULL),(2071,'1428571.4285714',1,1,'2018-02-16 05:26:59','2018-02-16 05:26:59',1,821,2,566,NULL),(2072,'1428571.4285714',1,1,'2018-02-16 05:26:59','2018-02-16 05:26:59',1,821,570,2,NULL),(2073,'1428571.4285714',1,1,'2018-02-16 05:26:59','2018-02-16 05:26:59',1,821,2,570,NULL),(2074,'1428571.4285714',1,1,'2018-02-16 05:26:59','2018-02-16 05:26:59',1,821,576,2,NULL),(2075,'1428571.4285714',1,1,'2018-02-16 05:26:59','2018-02-16 05:26:59',1,821,2,576,NULL),(2076,'395000000',1,1,'2018-02-16 05:26:59','2018-02-16 05:26:59',1,821,1,577,NULL),(2077,'395000000',1,1,'2018-02-16 05:26:59','2018-02-16 05:26:59',1,821,577,1,NULL),(2078,'15.714285714286',901,901,'2018-02-16 13:22:31','2018-02-16 13:22:31',1,829,544,2,NULL),(2079,'15.714285714286',901,901,'2018-02-16 13:22:31','2018-02-16 13:22:31',1,829,2,544,NULL),(2080,'15.714285714286',901,901,'2018-02-16 13:22:31','2018-02-16 13:22:31',1,829,546,2,NULL),(2081,'15.714285714286',901,901,'2018-02-16 13:22:31','2018-02-16 13:22:31',1,829,2,546,NULL),(2082,'15.714285714286',901,901,'2018-02-16 13:22:31','2018-02-16 13:22:31',1,829,548,2,NULL),(2083,'15.714285714286',901,901,'2018-02-16 13:22:31','2018-02-16 13:22:31',1,829,2,548,NULL),(2084,'15.714285714286',901,901,'2018-02-16 13:22:31','2018-02-16 13:22:31',1,829,558,2,NULL),(2085,'15.714285714286',901,901,'2018-02-16 13:22:31','2018-02-16 13:22:31',1,829,2,558,NULL),(2086,'15.714285714286',901,901,'2018-02-16 13:22:31','2018-02-16 13:22:31',1,829,566,2,NULL),(2087,'15.714285714286',901,901,'2018-02-16 13:22:31','2018-02-16 13:22:31',1,829,2,566,NULL),(2088,'15.714285714286',901,901,'2018-02-16 13:22:31','2018-02-16 13:22:31',1,829,570,2,NULL),(2089,'15.714285714286',901,901,'2018-02-16 13:22:31','2018-02-16 13:22:31',1,829,2,570,NULL),(2090,'15.714285714286',901,901,'2018-02-16 13:22:31','2018-02-16 13:22:31',1,829,576,2,NULL),(2091,'15.714285714286',901,901,'2018-02-16 13:22:31','2018-02-16 13:22:31',1,829,2,576,NULL),(2092,'6490',901,901,'2018-02-16 13:22:31','2018-02-16 13:22:31',1,829,610,577,NULL),(2093,'6490',901,901,'2018-02-16 13:22:31','2018-02-16 13:22:31',1,829,577,610,NULL),(2094,'3750',1,1,'2018-02-16 13:32:09','2018-02-16 13:32:09',1,830,544,2,NULL),(2095,'3750',1,1,'2018-02-16 13:32:09','2018-02-16 13:32:09',1,830,2,544,NULL),(2096,'3750',1,1,'2018-02-16 13:32:09','2018-02-16 13:32:09',1,830,546,2,NULL),(2097,'3750',1,1,'2018-02-16 13:32:09','2018-02-16 13:32:09',1,830,2,546,NULL),(2098,'3750',1,1,'2018-02-16 13:32:09','2018-02-16 13:32:09',1,830,548,2,NULL),(2099,'3750',1,1,'2018-02-16 13:32:09','2018-02-16 13:32:09',1,830,2,548,NULL),(2100,'3750',1,1,'2018-02-16 13:32:09','2018-02-16 13:32:09',1,830,558,2,NULL),(2101,'3750',1,1,'2018-02-16 13:32:09','2018-02-16 13:32:09',1,830,2,558,NULL),(2102,'3750',1,1,'2018-02-16 13:32:09','2018-02-16 13:32:09',1,830,566,2,NULL),(2103,'3750',1,1,'2018-02-16 13:32:09','2018-02-16 13:32:09',1,830,2,566,NULL),(2104,'3750',1,1,'2018-02-16 13:32:09','2018-02-16 13:32:09',1,830,570,2,NULL),(2105,'3750',1,1,'2018-02-16 13:32:09','2018-02-16 13:32:09',1,830,2,570,NULL),(2106,'3750',1,1,'2018-02-16 13:32:09','2018-02-16 13:32:09',1,830,576,2,NULL),(2107,'3750',1,1,'2018-02-16 13:32:09','2018-02-16 13:32:09',1,830,2,576,NULL),(2108,'3750',1,1,'2018-02-16 13:32:09','2018-02-16 13:32:09',1,830,628,2,NULL),(2109,'3750',1,1,'2018-02-16 13:32:09','2018-02-16 13:32:09',1,830,2,628,NULL),(2110,'1230000',1,1,'2018-02-16 13:32:09','2018-02-16 13:32:09',1,830,1,629,NULL),(2111,'1230000',1,1,'2018-02-16 13:32:09','2018-02-16 13:32:09',1,830,629,1,NULL),(2112,'1.25',927,927,'2018-02-16 14:00:46','2018-02-16 14:00:46',1,832,544,2,NULL),(2113,'1.25',927,927,'2018-02-16 14:00:46','2018-02-16 14:00:46',1,832,2,544,NULL),(2114,'1.25',927,927,'2018-02-16 14:00:46','2018-02-16 14:00:46',1,832,546,2,NULL),(2115,'1.25',927,927,'2018-02-16 14:00:46','2018-02-16 14:00:46',1,832,2,546,NULL),(2116,'1.25',927,927,'2018-02-16 14:00:46','2018-02-16 14:00:46',1,832,548,2,NULL),(2117,'1.25',927,927,'2018-02-16 14:00:46','2018-02-16 14:00:46',1,832,2,548,NULL),(2118,'1.25',927,927,'2018-02-16 14:00:46','2018-02-16 14:00:46',1,832,558,2,NULL),(2119,'1.25',927,927,'2018-02-16 14:00:46','2018-02-16 14:00:46',1,832,2,558,NULL),(2120,'1.25',927,927,'2018-02-16 14:00:46','2018-02-16 14:00:46',1,832,566,2,NULL),(2121,'1.25',927,927,'2018-02-16 14:00:46','2018-02-16 14:00:46',1,832,2,566,NULL),(2122,'1.25',927,927,'2018-02-16 14:00:46','2018-02-16 14:00:46',1,832,570,2,NULL),(2123,'1.25',927,927,'2018-02-16 14:00:46','2018-02-16 14:00:46',1,832,2,570,NULL),(2124,'1.25',927,927,'2018-02-16 14:00:46','2018-02-16 14:00:46',1,832,576,2,NULL),(2125,'1.25',927,927,'2018-02-16 14:00:46','2018-02-16 14:00:46',1,832,2,576,NULL),(2126,'1.25',927,927,'2018-02-16 14:00:46','2018-02-16 14:00:46',1,832,628,2,NULL),(2127,'1.25',927,927,'2018-02-16 14:00:46','2018-02-16 14:00:46',1,832,2,628,NULL),(2128,'780',927,927,'2018-02-16 14:00:47','2018-02-16 14:00:47',1,832,628,557,NULL),(2129,'780',927,927,'2018-02-16 14:00:47','2018-02-16 14:00:47',1,832,557,628,NULL),(2146,'1.25',901,901,'2018-02-16 14:14:26','2018-02-16 14:14:26',1,834,544,2,NULL),(2147,'1.25',901,901,'2018-02-16 14:14:26','2018-02-16 14:14:26',1,834,2,544,NULL),(2148,'1.25',901,901,'2018-02-16 14:14:26','2018-02-16 14:14:26',1,834,546,2,NULL),(2149,'1.25',901,901,'2018-02-16 14:14:26','2018-02-16 14:14:26',1,834,2,546,NULL),(2150,'1.25',901,901,'2018-02-16 14:14:26','2018-02-16 14:14:26',1,834,548,2,NULL),(2151,'1.25',901,901,'2018-02-16 14:14:26','2018-02-16 14:14:26',1,834,2,548,NULL),(2152,'1.25',901,901,'2018-02-16 14:14:26','2018-02-16 14:14:26',1,834,558,2,NULL),(2153,'1.25',901,901,'2018-02-16 14:14:26','2018-02-16 14:14:26',1,834,2,558,NULL),(2154,'1.25',901,901,'2018-02-16 14:14:26','2018-02-16 14:14:26',1,834,566,2,NULL),(2155,'1.25',901,901,'2018-02-16 14:14:26','2018-02-16 14:14:26',1,834,2,566,NULL),(2156,'1.25',901,901,'2018-02-16 14:14:26','2018-02-16 14:14:26',1,834,570,2,NULL),(2157,'1.25',901,901,'2018-02-16 14:14:26','2018-02-16 14:14:26',1,834,2,570,NULL),(2158,'1.25',901,901,'2018-02-16 14:14:26','2018-02-16 14:14:26',1,834,576,2,NULL),(2159,'1.25',901,901,'2018-02-16 14:14:26','2018-02-16 14:14:26',1,834,2,576,NULL),(2160,'1.25',901,901,'2018-02-16 14:14:26','2018-02-16 14:14:26',1,834,628,2,NULL),(2161,'1.25',901,901,'2018-02-16 14:14:26','2018-02-16 14:14:26',1,834,2,628,NULL),(2162,'780',901,901,'2018-02-16 14:14:27','2018-02-16 14:14:27',1,834,576,557,NULL),(2163,'780',901,901,'2018-02-16 14:14:27','2018-02-16 14:14:27',1,834,557,576,NULL),(2164,'2.5',1,1,'2018-02-17 11:35:11','2018-02-17 11:35:11',1,798,544,2,NULL),(2165,'2.5',1,1,'2018-02-17 11:35:11','2018-02-17 11:35:11',1,798,2,544,NULL),(2166,'2.5',1,1,'2018-02-17 11:35:11','2018-02-17 11:35:11',1,798,546,2,NULL),(2167,'2.5',1,1,'2018-02-17 11:35:11','2018-02-17 11:35:11',1,798,2,546,NULL),(2168,'2.5',1,1,'2018-02-17 11:35:11','2018-02-17 11:35:11',1,798,548,2,NULL),(2169,'2.5',1,1,'2018-02-17 11:35:11','2018-02-17 11:35:11',1,798,2,548,NULL),(2170,'2.5',1,1,'2018-02-17 11:35:11','2018-02-17 11:35:11',1,798,558,2,NULL),(2171,'2.5',1,1,'2018-02-17 11:35:11','2018-02-17 11:35:11',1,798,2,558,NULL),(2172,'2.5',1,1,'2018-02-17 11:35:11','2018-02-17 11:35:11',1,798,566,2,NULL),(2173,'2.5',1,1,'2018-02-17 11:35:11','2018-02-17 11:35:11',1,798,2,566,NULL),(2174,'2.5',1,1,'2018-02-17 11:35:11','2018-02-17 11:35:11',1,798,570,2,NULL),(2175,'2.5',1,1,'2018-02-17 11:35:11','2018-02-17 11:35:11',1,798,2,570,NULL),(2176,'2.5',1,1,'2018-02-17 11:35:11','2018-02-17 11:35:11',1,798,576,2,NULL),(2177,'2.5',1,1,'2018-02-17 11:35:11','2018-02-17 11:35:11',1,798,2,576,NULL),(2178,'2.5',1,1,'2018-02-17 11:35:11','2018-02-17 11:35:11',1,798,628,2,NULL),(2179,'2.5',1,1,'2018-02-17 11:35:11','2018-02-17 11:35:11',1,798,2,628,NULL),(2180,'1560',1,1,'2018-02-17 11:35:13','2018-02-17 11:35:13',1,798,570,557,NULL),(2181,'1560',1,1,'2018-02-17 11:35:13','2018-02-17 11:35:13',1,798,557,570,NULL),(2182,'125',901,901,'2018-02-18 11:48:49','2018-02-18 11:48:49',1,839,544,2,NULL),(2183,'125',901,901,'2018-02-18 11:48:49','2018-02-18 11:48:49',1,839,2,544,NULL),(2184,'125',901,901,'2018-02-18 11:48:49','2018-02-18 11:48:49',1,839,546,2,NULL),(2185,'125',901,901,'2018-02-18 11:48:49','2018-02-18 11:48:49',1,839,2,546,NULL),(2186,'125',901,901,'2018-02-18 11:48:49','2018-02-18 11:48:49',1,839,548,2,NULL),(2187,'125',901,901,'2018-02-18 11:48:49','2018-02-18 11:48:49',1,839,2,548,NULL),(2188,'125',901,901,'2018-02-18 11:48:49','2018-02-18 11:48:49',1,839,558,2,NULL),(2189,'125',901,901,'2018-02-18 11:48:49','2018-02-18 11:48:49',1,839,2,558,NULL),(2190,'125',901,901,'2018-02-18 11:48:49','2018-02-18 11:48:49',1,839,566,2,NULL),(2191,'125',901,901,'2018-02-18 11:48:49','2018-02-18 11:48:49',1,839,2,566,NULL),(2192,'125',901,901,'2018-02-18 11:48:49','2018-02-18 11:48:49',1,839,570,2,NULL),(2193,'125',901,901,'2018-02-18 11:48:49','2018-02-18 11:48:49',1,839,2,570,NULL),(2194,'125',901,901,'2018-02-18 11:48:49','2018-02-18 11:48:49',1,839,576,2,NULL),(2195,'125',901,901,'2018-02-18 11:48:49','2018-02-18 11:48:49',1,839,2,576,NULL),(2196,'125',901,901,'2018-02-18 11:48:49','2018-02-18 11:48:49',1,839,628,2,NULL),(2197,'125',901,901,'2018-02-18 11:48:49','2018-02-18 11:48:49',1,839,2,628,NULL),(2198,'55500',901,901,'2018-02-18 11:48:49','2018-02-18 11:48:49',1,839,576,631,NULL),(2199,'55500',901,901,'2018-02-18 11:48:49','2018-02-18 11:48:49',1,839,631,576,NULL),(2200,'62.5',901,901,'2018-02-18 12:04:10','2018-02-18 12:04:10',1,840,544,2,NULL),(2201,'62.5',901,901,'2018-02-18 12:04:10','2018-02-18 12:04:10',1,840,2,544,NULL),(2202,'62.5',901,901,'2018-02-18 12:04:10','2018-02-18 12:04:10',1,840,546,2,NULL),(2203,'62.5',901,901,'2018-02-18 12:04:10','2018-02-18 12:04:10',1,840,2,546,NULL),(2204,'62.5',901,901,'2018-02-18 12:04:10','2018-02-18 12:04:10',1,840,548,2,NULL),(2205,'62.5',901,901,'2018-02-18 12:04:10','2018-02-18 12:04:10',1,840,2,548,NULL),(2206,'62.5',901,901,'2018-02-18 12:04:10','2018-02-18 12:04:10',1,840,558,2,NULL),(2207,'62.5',901,901,'2018-02-18 12:04:10','2018-02-18 12:04:10',1,840,2,558,NULL),(2208,'62.5',901,901,'2018-02-18 12:04:10','2018-02-18 12:04:10',1,840,566,2,NULL),(2209,'62.5',901,901,'2018-02-18 12:04:10','2018-02-18 12:04:10',1,840,2,566,NULL),(2210,'62.5',901,901,'2018-02-18 12:04:10','2018-02-18 12:04:10',1,840,570,2,NULL),(2211,'62.5',901,901,'2018-02-18 12:04:10','2018-02-18 12:04:10',1,840,2,570,NULL),(2212,'62.5',901,901,'2018-02-18 12:04:10','2018-02-18 12:04:10',1,840,576,2,NULL),(2213,'62.5',901,901,'2018-02-18 12:04:10','2018-02-18 12:04:10',1,840,2,576,NULL),(2214,'62.5',901,901,'2018-02-18 12:04:10','2018-02-18 12:04:10',1,840,628,2,NULL),(2215,'62.5',901,901,'2018-02-18 12:04:10','2018-02-18 12:04:10',1,840,2,628,NULL),(2216,'29500',901,901,'2018-02-18 12:04:10','2018-02-18 12:04:10',1,840,576,631,NULL),(2217,'29500',901,901,'2018-02-18 12:04:10','2018-02-18 12:04:10',1,840,631,576,NULL),(2218,'1.25',1,1,'2018-02-18 12:15:39','2018-02-18 12:15:39',1,827,544,2,NULL),(2219,'1.25',1,1,'2018-02-18 12:15:39','2018-02-18 12:15:39',1,827,2,544,NULL),(2220,'1.25',1,1,'2018-02-18 12:15:39','2018-02-18 12:15:39',1,827,546,2,NULL),(2221,'1.25',1,1,'2018-02-18 12:15:39','2018-02-18 12:15:39',1,827,2,546,NULL),(2222,'1.25',1,1,'2018-02-18 12:15:39','2018-02-18 12:15:39',1,827,548,2,NULL),(2223,'1.25',1,1,'2018-02-18 12:15:39','2018-02-18 12:15:39',1,827,2,548,NULL),(2224,'1.25',1,1,'2018-02-18 12:15:39','2018-02-18 12:15:39',1,827,558,2,NULL),(2225,'1.25',1,1,'2018-02-18 12:15:39','2018-02-18 12:15:39',1,827,2,558,NULL),(2226,'1.25',1,1,'2018-02-18 12:15:39','2018-02-18 12:15:39',1,827,566,2,NULL),(2227,'1.25',1,1,'2018-02-18 12:15:39','2018-02-18 12:15:39',1,827,2,566,NULL),(2228,'1.25',1,1,'2018-02-18 12:15:39','2018-02-18 12:15:39',1,827,570,2,NULL),(2229,'1.25',1,1,'2018-02-18 12:15:39','2018-02-18 12:15:39',1,827,2,570,NULL),(2230,'1.25',1,1,'2018-02-18 12:15:39','2018-02-18 12:15:39',1,827,576,2,NULL),(2231,'1.25',1,1,'2018-02-18 12:15:39','2018-02-18 12:15:39',1,827,2,576,NULL),(2232,'1.25',1,1,'2018-02-18 12:15:39','2018-02-18 12:15:39',1,827,628,2,NULL),(2233,'1.25',1,1,'2018-02-18 12:15:39','2018-02-18 12:15:39',1,827,2,628,NULL),(2234,'630',1,1,'2018-02-18 12:15:39','2018-02-18 12:15:39',1,827,1,577,NULL),(2235,'630',1,1,'2018-02-18 12:15:39','2018-02-18 12:15:39',1,827,577,1,NULL),(2236,'1.25',1,1,'2018-02-19 10:43:55','2018-02-19 10:43:55',1,843,544,2,NULL),(2237,'1.25',1,1,'2018-02-19 10:43:55','2018-02-19 10:43:55',1,843,2,544,NULL),(2238,'1.25',1,1,'2018-02-19 10:43:55','2018-02-19 10:43:55',1,843,546,2,NULL),(2239,'1.25',1,1,'2018-02-19 10:43:55','2018-02-19 10:43:55',1,843,2,546,NULL),(2240,'1.25',1,1,'2018-02-19 10:43:55','2018-02-19 10:43:55',1,843,548,2,NULL),(2241,'1.25',1,1,'2018-02-19 10:43:55','2018-02-19 10:43:55',1,843,2,548,NULL),(2242,'1.25',1,1,'2018-02-19 10:43:55','2018-02-19 10:43:55',1,843,558,2,NULL),(2243,'1.25',1,1,'2018-02-19 10:43:55','2018-02-19 10:43:55',1,843,2,558,NULL),(2244,'1.25',1,1,'2018-02-19 10:43:55','2018-02-19 10:43:55',1,843,566,2,NULL),(2245,'1.25',1,1,'2018-02-19 10:43:55','2018-02-19 10:43:55',1,843,2,566,NULL),(2246,'1.25',1,1,'2018-02-19 10:43:55','2018-02-19 10:43:55',1,843,570,2,NULL),(2247,'1.25',1,1,'2018-02-19 10:43:55','2018-02-19 10:43:55',1,843,2,570,NULL),(2248,'1.25',1,1,'2018-02-19 10:43:55','2018-02-19 10:43:55',1,843,576,2,NULL),(2249,'1.25',1,1,'2018-02-19 10:43:55','2018-02-19 10:43:55',1,843,2,576,NULL),(2250,'1.25',1,1,'2018-02-19 10:43:55','2018-02-19 10:43:55',1,843,628,2,NULL),(2251,'1.25',1,1,'2018-02-19 10:43:55','2018-02-19 10:43:55',1,843,2,628,NULL),(2252,'780',1,1,'2018-02-19 10:43:56','2018-02-19 10:43:56',1,843,606,557,NULL),(2253,'780',1,1,'2018-02-19 10:43:56','2018-02-19 10:43:56',1,843,557,606,NULL),(2254,'62.5',1,1,'2018-02-23 10:42:07','2018-02-23 10:42:07',1,752,544,2,NULL),(2255,'62.5',1,1,'2018-02-23 10:42:07','2018-02-23 10:42:07',1,752,2,544,NULL),(2256,'62.5',1,1,'2018-02-23 10:42:07','2018-02-23 10:42:07',1,752,546,2,NULL),(2257,'62.5',1,1,'2018-02-23 10:42:07','2018-02-23 10:42:07',1,752,2,546,NULL),(2258,'62.5',1,1,'2018-02-23 10:42:07','2018-02-23 10:42:07',1,752,548,2,NULL),(2259,'62.5',1,1,'2018-02-23 10:42:07','2018-02-23 10:42:07',1,752,2,548,NULL),(2260,'62.5',1,1,'2018-02-23 10:42:07','2018-02-23 10:42:07',1,752,558,2,NULL),(2261,'62.5',1,1,'2018-02-23 10:42:07','2018-02-23 10:42:07',1,752,2,558,NULL),(2262,'62.5',1,1,'2018-02-23 10:42:07','2018-02-23 10:42:07',1,752,566,2,NULL),(2263,'62.5',1,1,'2018-02-23 10:42:07','2018-02-23 10:42:07',1,752,2,566,NULL),(2264,'62.5',1,1,'2018-02-23 10:42:07','2018-02-23 10:42:07',1,752,570,2,NULL),(2265,'62.5',1,1,'2018-02-23 10:42:07','2018-02-23 10:42:07',1,752,2,570,NULL),(2266,'62.5',1,1,'2018-02-23 10:42:07','2018-02-23 10:42:07',1,752,576,2,NULL),(2267,'62.5',1,1,'2018-02-23 10:42:07','2018-02-23 10:42:07',1,752,2,576,NULL),(2268,'62.5',1,1,'2018-02-23 10:42:07','2018-02-23 10:42:07',1,752,628,2,NULL),(2269,'62.5',1,1,'2018-02-23 10:42:07','2018-02-23 10:42:07',1,752,2,628,NULL),(2270,'31500',1,1,'2018-02-23 10:42:07','2018-02-23 10:42:07',1,752,550,553,NULL),(2271,'31500',1,1,'2018-02-23 10:42:07','2018-02-23 10:42:07',1,752,553,550,NULL);
/*!40000 ALTER TABLE `gl` ENABLE KEYS */;
UNLOCK TABLES;

--
-- Table structure for table `image`
--

DROP TABLE IF EXISTS `image`;
/*!40101 SET @saved_cs_client     = @@character_set_client */;
/*!40101 SET character_set_client = utf8 */;
CREATE TABLE `image` (
  `id` int(11) NOT NULL AUTO_INCREMENT,
  `name` varchar(450) COLLATE utf8_unicode_ci DEFAULT NULL,
  `product_id` int(11) NOT NULL,
  PRIMARY KEY (`id`),
  KEY `fk_image_product1_idx` (`product_id`),
  CONSTRAINT `fk_image_product1` FOREIGN KEY (`product_id`) REFERENCES `product` (`id`) ON DELETE NO ACTION ON UPDATE NO ACTION
) ENGINE=InnoDB AUTO_INCREMENT=3 DEFAULT CHARSET=utf8 COLLATE=utf8_unicode_ci;
/*!40101 SET character_set_client = @saved_cs_client */;

--
-- Dumping data for table `image`
--

LOCK TABLES `image` WRITE;
/*!40000 ALTER TABLE `image` DISABLE KEYS */;
INSERT INTO `image` VALUES (2,'009Uas8zn2VZSY6O3DsFxy6dg_lkp_Qk.jpg',1);
/*!40000 ALTER TABLE `image` ENABLE KEYS */;
UNLOCK TABLES;

--
-- Table structure for table `level_percentage`
--

DROP TABLE IF EXISTS `level_percentage`;
/*!40101 SET @saved_cs_client     = @@character_set_client */;
/*!40101 SET character_set_client = utf8 */;
CREATE TABLE `level_percentage` (
  `id` int(11) NOT NULL AUTO_INCREMENT,
  `level_id` int(11) NOT NULL,
  `parent_id` int(11) NOT NULL,
  `is_company_wide` bit(1) DEFAULT NULL,
  `percentage` varchar(45) COLLATE utf8_unicode_ci DEFAULT NULL,
  PRIMARY KEY (`id`)
) ENGINE=InnoDB AUTO_INCREMENT=8 DEFAULT CHARSET=utf8 COLLATE=utf8_unicode_ci;
/*!40101 SET character_set_client = @saved_cs_client */;

--
-- Dumping data for table `level_percentage`
--

LOCK TABLES `level_percentage` WRITE;
/*!40000 ALTER TABLE `level_percentage` DISABLE KEYS */;
INSERT INTO `level_percentage` VALUES (4,4,2,'','10'),(5,6,2,'\0','10'),(6,4,4,'','5'),(7,6,6,'','3');
/*!40000 ALTER TABLE `level_percentage` ENABLE KEYS */;
UNLOCK TABLES;

--
-- Table structure for table `migration`
--

DROP TABLE IF EXISTS `migration`;
/*!40101 SET @saved_cs_client     = @@character_set_client */;
/*!40101 SET character_set_client = utf8 */;
CREATE TABLE `migration` (
  `version` varchar(180) COLLATE utf8_unicode_ci NOT NULL,
  `apply_time` int(11) DEFAULT NULL,
  PRIMARY KEY (`version`)
) ENGINE=MyISAM DEFAULT CHARSET=utf8 COLLATE=utf8_unicode_ci;
/*!40101 SET character_set_client = @saved_cs_client */;

--
-- Dumping data for table `migration`
--

LOCK TABLES `migration` WRITE;
/*!40000 ALTER TABLE `migration` DISABLE KEYS */;
INSERT INTO `migration` VALUES ('m000000_000000_base',1513230445),('m130524_201442_init',1513230450);
/*!40000 ALTER TABLE `migration` ENABLE KEYS */;
UNLOCK TABLES;

--
-- Table structure for table `order`
--

DROP TABLE IF EXISTS `order`;
/*!40101 SET @saved_cs_client     = @@character_set_client */;
/*!40101 SET character_set_client = utf8 */;
CREATE TABLE `order` (
  `id` int(11) NOT NULL AUTO_INCREMENT,
  `order_ref_no` varchar(45) COLLATE utf8_unicode_ci DEFAULT NULL,
  `shipper` varchar(45) COLLATE utf8_unicode_ci DEFAULT NULL,
  `cod` varchar(45) COLLATE utf8_unicode_ci DEFAULT NULL,
  `additional_requirements` varchar(45) COLLATE utf8_unicode_ci DEFAULT NULL,
  `file` varchar(250) COLLATE utf8_unicode_ci DEFAULT NULL,
  `user_id` int(11) NOT NULL,
  `status` int(11) DEFAULT '0',
  `order_request_id` int(11) NOT NULL,
  `requested_date` timestamp NULL DEFAULT NULL,
  `created_by` int(11) DEFAULT NULL,
  `updated_by` int(11) DEFAULT NULL,
  `created_at` timestamp NULL DEFAULT NULL,
  `updated_at` timestamp NULL DEFAULT NULL,
  `payment_method` int(11) DEFAULT NULL,
  `payment_slip` varchar(500) COLLATE utf8_unicode_ci DEFAULT NULL,
  `order_external_code` varchar(250) COLLATE utf8_unicode_ci DEFAULT NULL,
  `order_tracking_code` varchar(250) COLLATE utf8_unicode_ci DEFAULT NULL,
  `shipping_status` varchar(250) COLLATE utf8_unicode_ci DEFAULT NULL,
  PRIMARY KEY (`id`),
  KEY `fk_order_user1_idx` (`user_id`),
  CONSTRAINT `fk_order_user1` FOREIGN KEY (`user_id`) REFERENCES `user` (`id`) ON DELETE NO ACTION ON UPDATE NO ACTION
) ENGINE=InnoDB AUTO_INCREMENT=844 DEFAULT CHARSET=utf8 COLLATE=utf8_unicode_ci;
/*!40101 SET character_set_client = @saved_cs_client */;

--
-- Dumping data for table `order`
--

LOCK TABLES `order` WRITE;
/*!40000 ALTER TABLE `order` DISABLE KEYS */;
INSERT INTO `order` VALUES (748,NULL,NULL,NULL,NULL,NULL,885,1,1,NULL,1,1,'2018-02-09 13:19:50','2018-02-09 13:19:50',NULL,NULL,NULL,NULL,NULL),(749,NULL,NULL,NULL,NULL,NULL,886,1,1,NULL,1,1,'2018-02-09 13:25:57','2018-02-09 13:25:57',NULL,NULL,NULL,NULL,NULL),(750,NULL,NULL,NULL,NULL,NULL,887,1,1,NULL,1,1,'2018-02-09 13:26:15','2018-02-09 13:26:15',NULL,NULL,NULL,NULL,NULL),(751,NULL,NULL,NULL,NULL,NULL,888,1,885,NULL,1,1,'2018-02-09 13:28:55','2018-02-09 13:28:55',NULL,NULL,NULL,NULL,NULL),(752,NULL,NULL,NULL,NULL,NULL,889,1,888,NULL,1,1,'2018-02-09 13:39:29','2018-02-09 13:39:29',NULL,NULL,NULL,NULL,NULL),(753,'753',NULL,NULL,NULL,NULL,891,1,888,'2018-02-08 17:00:00',NULL,NULL,'2018-02-09 13:45:29','2018-02-09 13:45:29',3,'LHL6XOGjAFGghaH7wVLdkHXkYU2qYxDA.jpg','1802-181-00007',NULL,NULL),(754,'754',NULL,NULL,NULL,NULL,891,1,888,'2018-02-08 17:00:00',NULL,NULL,'2018-02-09 13:47:10','2018-02-09 13:47:10',3,'w16CT_v4yeipULy7T9N1GLCm9r9O_n_8.jpg','1802-181-00009',NULL,NULL),(755,'755',NULL,NULL,NULL,NULL,891,1,888,'2018-02-08 17:00:00',NULL,NULL,'2018-02-09 13:49:08','2018-02-09 13:49:08',3,'L4eesiZE4lGnW7-GNYfOPszib9bCQQqh.jpg','1802-181-00010',NULL,NULL),(756,NULL,NULL,NULL,NULL,NULL,892,1,1,NULL,1,1,'2018-02-09 14:15:20','2018-02-09 14:15:20',NULL,NULL,NULL,NULL,NULL),(757,'757',NULL,NULL,NULL,NULL,892,1,1,'2018-02-08 17:00:00',1,1,'2018-02-09 14:16:32','2018-02-09 14:17:35',NULL,'',NULL,NULL,NULL),(758,'758',NULL,NULL,NULL,NULL,891,1,892,'2018-02-08 17:00:00',892,892,'2018-02-09 14:27:58','2018-02-09 14:27:58',3,'ETFvRQYp7wkok-N83rGCP_vnsY0b0QMt.PNG','1802-181-00006',NULL,NULL),(759,'759',NULL,NULL,NULL,NULL,892,1,1,'2018-02-08 17:00:00',892,892,'2018-02-09 14:33:29','2018-02-09 14:33:29',NULL,'',NULL,NULL,NULL),(760,NULL,NULL,NULL,NULL,NULL,893,1,886,NULL,1,1,'2018-02-09 14:51:43','2018-02-09 14:51:43',NULL,NULL,NULL,NULL,NULL),(761,NULL,NULL,NULL,NULL,NULL,893,1,1,NULL,1,1,'2018-02-09 14:51:43','2018-02-09 14:51:43',NULL,NULL,NULL,NULL,NULL),(762,NULL,NULL,NULL,NULL,NULL,894,1,893,NULL,893,893,'2018-02-09 14:52:58','2018-02-09 14:52:58',NULL,NULL,NULL,NULL,NULL),(763,NULL,NULL,NULL,NULL,NULL,895,1,886,NULL,1,1,'2018-02-09 15:19:45','2018-02-09 15:19:45',NULL,NULL,NULL,NULL,NULL),(764,NULL,NULL,NULL,NULL,NULL,895,1,1,NULL,1,1,'2018-02-09 15:19:45','2018-02-09 15:19:45',NULL,NULL,NULL,NULL,NULL),(765,NULL,NULL,NULL,NULL,NULL,896,1,1,NULL,1,1,'2018-02-09 16:00:15','2018-02-09 16:00:15',NULL,NULL,NULL,NULL,NULL),(766,NULL,NULL,NULL,NULL,NULL,897,1,896,NULL,1,1,'2018-02-09 16:01:13','2018-02-09 16:01:13',NULL,NULL,NULL,NULL,NULL),(767,'767',NULL,NULL,NULL,NULL,891,100,892,'2018-02-08 17:00:00',892,892,'2018-02-09 16:52:21','2018-02-09 16:52:21',1,'',NULL,NULL,NULL),(768,'768',NULL,NULL,NULL,NULL,891,100,892,'2018-02-09 17:00:00',892,892,'2018-02-09 17:02:30','2018-02-09 17:02:30',1,'',NULL,NULL,NULL),(769,'769',NULL,NULL,NULL,NULL,891,100,892,'2018-02-09 17:00:00',NULL,NULL,'2018-02-09 17:04:51','2018-02-09 17:04:51',1,'',NULL,NULL,NULL),(770,'770',NULL,NULL,NULL,NULL,889,1,888,'2018-02-09 17:00:00',889,889,'2018-02-10 08:06:11','2018-02-10 08:06:11',NULL,'',NULL,NULL,NULL),(771,'771',NULL,NULL,NULL,NULL,891,100,889,'2018-02-09 17:00:00',NULL,NULL,'2018-02-10 08:08:02','2018-02-10 08:08:02',1,'',NULL,NULL,NULL),(772,'772',NULL,NULL,NULL,NULL,891,1,889,'2018-02-09 17:00:00',NULL,NULL,'2018-02-10 08:08:52','2018-02-10 08:08:52',3,'K0aX_2HDcHIBbsDz9Mkv0_-dBe_vxV_7.png','1802-181-00005',NULL,NULL),(773,NULL,NULL,NULL,NULL,NULL,898,1,1,NULL,1,1,'2018-02-10 08:52:49','2018-02-10 08:52:49',NULL,NULL,NULL,NULL,NULL),(774,'774',NULL,NULL,NULL,NULL,898,1,1,'2018-02-09 17:00:00',1,1,'2018-02-10 08:56:38','2018-02-10 08:56:38',NULL,'',NULL,NULL,NULL),(775,NULL,NULL,NULL,NULL,NULL,899,1,898,NULL,898,898,'2018-02-10 09:00:13','2018-02-10 09:00:13',NULL,NULL,NULL,NULL,NULL),(776,NULL,NULL,NULL,NULL,NULL,899,1,1,NULL,898,898,'2018-02-10 09:00:13','2018-02-10 09:00:13',NULL,NULL,NULL,NULL,NULL),(777,NULL,NULL,NULL,NULL,NULL,900,1,898,NULL,898,898,'2018-02-10 09:02:20','2018-02-10 09:02:20',NULL,NULL,NULL,NULL,NULL),(778,NULL,NULL,NULL,NULL,NULL,900,1,1,NULL,898,898,'2018-02-10 09:02:20','2018-02-10 09:02:20',NULL,NULL,NULL,NULL,NULL),(779,NULL,NULL,NULL,NULL,NULL,901,1,1,NULL,1,1,'2018-02-10 09:35:16','2018-02-10 09:35:16',NULL,NULL,NULL,NULL,NULL),(780,'780',NULL,NULL,NULL,NULL,891,100,901,'2018-02-09 17:00:00',NULL,NULL,'2018-02-10 09:44:31','2018-02-10 09:44:31',1,'',NULL,NULL,NULL),(781,NULL,NULL,NULL,NULL,NULL,902,1,901,NULL,901,901,'2018-02-10 09:51:09','2018-02-10 09:51:09',NULL,NULL,NULL,NULL,NULL),(782,NULL,NULL,NULL,NULL,NULL,902,1,1,NULL,901,901,'2018-02-10 09:51:09','2018-02-10 09:51:09',NULL,NULL,NULL,NULL,NULL),(783,'783',NULL,NULL,NULL,NULL,901,1,1,'2018-02-09 17:00:00',901,901,'2018-02-10 09:54:47','2018-02-10 09:54:47',NULL,'',NULL,NULL,NULL),(784,'784',NULL,NULL,NULL,NULL,901,3,1,'2018-02-09 17:00:00',901,901,'2018-02-10 10:00:03','2018-02-15 14:49:37',NULL,'',NULL,NULL,NULL),(785,'785',NULL,NULL,NULL,NULL,898,1,901,'2018-02-09 17:00:00',901,901,'2018-02-10 10:00:56','2018-02-10 10:00:56',NULL,'',NULL,NULL,NULL),(786,'786',NULL,NULL,NULL,NULL,889,1,888,'2018-02-09 17:00:00',889,889,'2018-02-10 10:48:53','2018-02-10 10:48:53',NULL,'',NULL,NULL,NULL),(787,'787',NULL,NULL,NULL,NULL,891,100,889,'2018-02-09 17:00:00',889,889,'2018-02-10 10:51:20','2018-02-10 10:51:20',1,'',NULL,NULL,NULL),(788,'788',NULL,NULL,NULL,NULL,889,3,888,'2018-02-09 17:00:00',889,889,'2018-02-10 10:52:21','2018-02-10 10:52:21',NULL,'',NULL,NULL,NULL),(789,'789',NULL,NULL,NULL,NULL,891,1,885,'2018-02-09 17:00:00',NULL,NULL,'2018-02-10 12:00:51','2018-02-10 12:00:51',3,'7DwwVaDF1TyVSLZAa461wlRaPzju3wb8.png','1802-181-00011',NULL,NULL),(790,NULL,NULL,NULL,NULL,NULL,903,1,902,NULL,902,902,'2018-02-11 02:22:56','2018-02-11 02:22:56',NULL,NULL,NULL,NULL,NULL),(791,NULL,NULL,NULL,NULL,NULL,903,1,1,NULL,902,902,'2018-02-11 02:22:56','2018-02-11 02:22:56',NULL,NULL,NULL,NULL,NULL),(792,NULL,NULL,NULL,NULL,NULL,904,1,885,NULL,885,885,'2018-02-14 10:58:53','2018-02-14 10:58:53',NULL,NULL,NULL,NULL,NULL),(793,NULL,NULL,NULL,NULL,NULL,905,1,885,NULL,885,885,'2018-02-14 11:07:26','2018-02-14 11:07:26',NULL,NULL,NULL,NULL,NULL),(794,NULL,NULL,NULL,NULL,NULL,906,1,1,NULL,1,1,'2018-02-14 12:59:18','2018-02-14 12:59:18',NULL,NULL,NULL,NULL,NULL),(795,NULL,NULL,NULL,NULL,NULL,907,1,901,NULL,901,901,'2018-02-14 13:30:40','2018-02-14 13:30:40',NULL,NULL,NULL,NULL,NULL),(796,NULL,NULL,NULL,NULL,NULL,908,1,907,NULL,907,907,'2018-02-14 13:33:12','2018-02-14 13:33:12',NULL,NULL,NULL,NULL,NULL),(797,'797',NULL,NULL,NULL,NULL,891,100,907,'2018-02-13 17:00:00',907,907,'2018-02-14 13:43:24','2018-02-14 13:43:24',1,'',NULL,NULL,NULL),(798,'798',NULL,NULL,NULL,NULL,891,1,898,'2018-02-13 17:00:00',NULL,NULL,'2018-02-14 13:46:14','2018-02-14 13:46:14',NULL,'','1802-181-00014',NULL,NULL),(799,NULL,NULL,NULL,NULL,NULL,909,1,901,NULL,901,901,'2018-02-14 13:50:16','2018-02-14 13:50:16',NULL,NULL,NULL,NULL,NULL),(800,NULL,NULL,NULL,NULL,NULL,910,1,901,NULL,901,901,'2018-02-14 13:51:55','2018-02-14 13:51:55',NULL,NULL,NULL,NULL,NULL),(801,NULL,NULL,NULL,NULL,NULL,911,1,901,NULL,901,901,'2018-02-14 13:52:34','2018-02-14 13:52:34',NULL,NULL,NULL,NULL,NULL),(802,NULL,NULL,NULL,NULL,NULL,912,1,901,NULL,901,901,'2018-02-14 13:53:19','2018-02-14 13:53:19',NULL,NULL,NULL,NULL,NULL),(803,NULL,NULL,NULL,NULL,NULL,913,1,901,NULL,901,901,'2018-02-14 13:56:11','2018-02-14 13:56:11',NULL,NULL,NULL,NULL,NULL),(804,NULL,NULL,NULL,NULL,NULL,914,1,901,NULL,901,901,'2018-02-15 08:31:53','2018-02-15 08:31:53',NULL,NULL,NULL,NULL,NULL),(805,NULL,NULL,NULL,NULL,NULL,915,1,901,NULL,901,901,'2018-02-15 08:33:09','2018-02-15 08:33:09',NULL,NULL,NULL,NULL,NULL),(806,NULL,NULL,NULL,NULL,NULL,916,1,901,NULL,901,901,'2018-02-15 08:37:07','2018-02-15 08:37:07',NULL,NULL,NULL,NULL,NULL),(807,NULL,NULL,NULL,NULL,NULL,917,1,901,NULL,901,901,'2018-02-15 08:39:07','2018-02-15 08:39:07',NULL,NULL,NULL,NULL,NULL),(808,NULL,NULL,NULL,NULL,NULL,918,1,901,NULL,901,901,'2018-02-15 08:39:21','2018-02-15 08:39:21',NULL,NULL,NULL,NULL,NULL),(809,NULL,NULL,NULL,NULL,NULL,919,1,901,NULL,901,901,'2018-02-15 08:40:20','2018-02-15 08:40:20',NULL,NULL,NULL,NULL,NULL),(810,NULL,NULL,NULL,NULL,NULL,920,1,901,NULL,901,901,'2018-02-15 08:40:26','2018-02-15 08:40:26',NULL,NULL,NULL,NULL,NULL),(811,NULL,NULL,NULL,NULL,NULL,921,1,901,NULL,901,901,'2018-02-15 08:42:40','2018-02-15 08:42:40',NULL,NULL,NULL,NULL,NULL),(812,NULL,NULL,NULL,NULL,NULL,922,1,901,NULL,901,901,'2018-02-15 08:43:31','2018-02-15 08:43:31',NULL,NULL,NULL,NULL,NULL),(813,NULL,NULL,NULL,NULL,NULL,923,1,901,NULL,901,901,'2018-02-15 08:44:43','2018-02-15 08:44:43',NULL,NULL,NULL,NULL,NULL),(814,'814',NULL,NULL,NULL,NULL,919,1,901,'2018-02-14 17:00:00',919,919,'2018-02-15 08:46:50','2018-02-15 08:46:50',NULL,'',NULL,NULL,NULL),(815,NULL,NULL,NULL,NULL,NULL,924,1,901,NULL,901,901,'2018-02-15 11:04:07','2018-02-15 11:04:07',NULL,NULL,NULL,NULL,NULL),(816,NULL,NULL,NULL,NULL,NULL,925,1,903,NULL,903,903,'2018-02-15 13:59:18','2018-02-15 13:59:18',NULL,NULL,NULL,NULL,NULL),(817,'817',NULL,NULL,NULL,NULL,891,100,901,'2018-02-14 17:00:00',NULL,NULL,'2018-02-15 14:08:20','2018-02-15 14:08:20',1,'',NULL,NULL,NULL),(818,'818',NULL,NULL,NULL,NULL,891,100,901,'2018-02-14 17:00:00',NULL,NULL,'2018-02-15 14:31:10','2018-02-15 14:31:10',1,'',NULL,NULL,NULL),(819,'819',NULL,NULL,NULL,NULL,905,0,885,'2018-02-15 17:00:00',1,1,'2018-02-15 19:16:21','2018-02-15 19:16:21',NULL,'',NULL,NULL,NULL),(820,NULL,NULL,NULL,NULL,NULL,926,1,892,NULL,1,1,'2018-02-16 04:19:00','2018-02-16 04:19:00',NULL,NULL,NULL,NULL,NULL),(821,'821',NULL,NULL,NULL,NULL,901,1,1,'2018-02-15 17:00:00',901,901,'2018-02-16 05:26:03','2018-02-16 05:26:03',NULL,'',NULL,NULL,NULL),(822,'822',NULL,NULL,NULL,NULL,898,5,901,'2018-02-15 17:00:00',901,901,'2018-02-16 05:27:32','2018-02-16 05:27:32',NULL,'',NULL,NULL,NULL),(823,'823',NULL,NULL,NULL,NULL,901,3,1,'2018-02-15 17:00:00',901,901,'2018-02-16 05:27:58','2018-02-16 05:27:58',NULL,'',NULL,NULL,NULL),(824,'824',NULL,NULL,NULL,NULL,898,3,1,'2018-02-15 17:00:00',898,898,'2018-02-16 05:28:19','2018-02-16 05:28:19',NULL,'',NULL,NULL,NULL),(825,'825',NULL,NULL,NULL,NULL,918,3,901,'2018-02-15 17:00:00',918,918,'2018-02-16 09:17:27','2018-02-16 09:17:27',NULL,'',NULL,NULL,NULL),(826,'826',NULL,NULL,NULL,NULL,901,3,1,'2018-02-15 17:00:00',901,901,'2018-02-16 09:22:41','2018-02-16 09:22:41',NULL,'',NULL,NULL,NULL),(827,'827',NULL,NULL,NULL,NULL,901,1,1,'2018-02-15 17:00:00',901,901,'2018-02-16 09:25:14','2018-02-16 09:25:14',NULL,'',NULL,NULL,NULL),(828,'828',NULL,NULL,NULL,NULL,893,3,886,'2018-02-15 17:00:00',893,893,'2018-02-16 13:18:57','2018-02-16 13:18:57',NULL,'',NULL,NULL,NULL),(829,'829',NULL,NULL,NULL,NULL,918,1,901,'2018-02-15 17:00:00',918,918,'2018-02-16 13:21:08','2018-02-16 13:21:08',NULL,'',NULL,NULL,NULL),(830,NULL,NULL,NULL,NULL,NULL,927,1,1,NULL,1,1,'2018-02-16 13:32:09','2018-02-16 13:32:09',NULL,NULL,NULL,NULL,NULL),(831,'831',NULL,NULL,NULL,NULL,927,0,1,'2018-02-15 17:00:00',927,927,'2018-02-16 13:36:38','2018-02-16 13:37:31',NULL,'',NULL,NULL,NULL),(832,'832',NULL,NULL,NULL,NULL,891,1,927,'2018-02-15 17:00:00',1,1,'2018-02-16 13:50:29','2018-02-16 13:50:29',3,'o5TTgo7HG6qYSR73nWZxVC6E5ysjfEl6.jpg','1802-181-00012',NULL,NULL),(833,'833',NULL,NULL,NULL,NULL,891,100,901,'2018-02-15 17:00:00',NULL,NULL,'2018-02-16 14:07:51','2018-02-16 14:07:51',1,'',NULL,NULL,NULL),(834,'834',NULL,NULL,NULL,NULL,891,1,901,'2018-02-15 17:00:00',NULL,NULL,'2018-02-16 14:14:03','2018-02-16 14:14:03',3,'YS5kscyiYbkVcKF7f7xhLTqnQsnT1HRt.jpg','1802-181-00013',NULL,NULL),(835,'835',NULL,NULL,NULL,NULL,891,100,901,'2018-02-15 17:00:00',NULL,NULL,'2018-02-16 16:12:32','2018-02-16 16:12:32',1,'',NULL,NULL,NULL),(836,'836',NULL,NULL,NULL,NULL,891,100,916,'2018-02-16 17:00:00',NULL,NULL,'2018-02-17 11:33:02','2018-02-17 11:33:02',1,'',NULL,NULL,NULL),(837,'837',NULL,NULL,NULL,NULL,891,100,916,'2018-02-16 17:00:00',NULL,NULL,'2018-02-17 11:34:15','2018-02-17 11:34:15',1,'',NULL,NULL,NULL),(838,'838',NULL,NULL,NULL,NULL,891,100,901,'2018-02-17 17:00:00',901,901,'2018-02-18 11:13:59','2018-02-18 11:13:59',1,'',NULL,NULL,NULL),(839,NULL,NULL,NULL,NULL,NULL,928,1,901,NULL,901,901,'2018-02-18 11:48:49','2018-02-18 11:48:49',NULL,NULL,NULL,NULL,NULL),(840,'840',NULL,NULL,NULL,NULL,928,1,901,'2018-02-17 17:00:00',928,928,'2018-02-18 12:02:17','2018-02-18 12:02:17',NULL,'',NULL,NULL,NULL),(841,'841',NULL,NULL,NULL,NULL,928,8,901,'2018-02-17 17:00:00',928,928,'2018-02-18 12:08:58','2018-02-18 12:08:58',NULL,'',NULL,NULL,NULL),(842,'842',NULL,NULL,NULL,NULL,891,100,902,'2018-02-17 17:00:00',902,902,'2018-02-18 16:38:16','2018-02-18 16:38:16',1,'',NULL,NULL,NULL),(843,'843',NULL,NULL,NULL,NULL,891,1,916,'2018-02-18 17:00:00',916,916,'2018-02-19 10:42:27','2018-02-19 10:42:27',3,'rfX4whsGL_YKlhgKWhMzYhN1tfI9lFLt.png','1802-181-00015',NULL,NULL);
/*!40000 ALTER TABLE `order` ENABLE KEYS */;
UNLOCK TABLES;

--
-- Table structure for table `payment_detail`
--

DROP TABLE IF EXISTS `payment_detail`;
/*!40101 SET @saved_cs_client     = @@character_set_client */;
/*!40101 SET character_set_client = utf8 */;
CREATE TABLE `payment_detail` (
  `id` int(11) NOT NULL AUTO_INCREMENT,
  `payment_method` int(11) DEFAULT NULL,
  PRIMARY KEY (`id`)
) ENGINE=InnoDB AUTO_INCREMENT=2 DEFAULT CHARSET=utf8 COLLATE=utf8_unicode_ci;
/*!40101 SET character_set_client = @saved_cs_client */;

--
-- Dumping data for table `payment_detail`
--

LOCK TABLES `payment_detail` WRITE;
/*!40000 ALTER TABLE `payment_detail` DISABLE KEYS */;
INSERT INTO `payment_detail` VALUES (1,1);
/*!40000 ALTER TABLE `payment_detail` ENABLE KEYS */;
UNLOCK TABLES;

--
-- Table structure for table `postcode`
--

DROP TABLE IF EXISTS `postcode`;
/*!40101 SET @saved_cs_client     = @@character_set_client */;
/*!40101 SET character_set_client = utf8 */;
CREATE TABLE `postcode` (
  `id` int(11) NOT NULL AUTO_INCREMENT,
  `province` varchar(255) COLLATE utf8_unicode_ci NOT NULL,
  `district` varchar(255) COLLATE utf8_unicode_ci NOT NULL,
  `zip` varchar(255) COLLATE utf8_unicode_ci NOT NULL,
  PRIMARY KEY (`id`)
) ENGINE=InnoDB AUTO_INCREMENT=1189 DEFAULT CHARSET=utf8 COLLATE=utf8_unicode_ci;
/*!40101 SET character_set_client = @saved_cs_client */;

--
-- Dumping data for table `postcode`
--

LOCK TABLES `postcode` WRITE;
/*!40000 ALTER TABLE `postcode` DISABLE KEYS */;
INSERT INTO `postcode` VALUES (26,'','','10200'),(27,'','','10300'),(28,'','','10530'),(29,'','','10500'),(30,'','','10220'),(31,'','','10240'),(32,'','','10330'),(33,'','','10100'),(34,'','','10260'),(35,'','','10510'),(36,'','','10520'),(37,'','','10120'),(38,'','','10100'),(39,'','','10400'),(40,'','','10600'),(41,'','','10600'),(42,'','','10310'),(43,'','','10600'),(44,'','','10170'),(45,'','','10700'),(46,'','','10150'),(47,'','','10160'),(48,'','','10160'),(49,'','','10140'),(50,'','','10700'),(51,'','','10400'),(52,'','','10240'),(53,'','','10120'),(54,'','','10800'),(55,'','','10900'),(56,'','','10120'),(57,'','','10250'),(58,'','','10110'),(59,'','','10250'),(60,'','','10150'),(61,'','','10210'),(62,'','','10400'),(63,'','','10230'),(64,'','','10110'),(65,'','','10160'),(66,'','','10210'),(67,'','','10220'),(68,'','','10230'),(69,'','','10240'),(70,'','','10310'),(71,'','','10510'),(72,'','','10260'),(73,'','','10170'),(74,'','','10140'),(75,'','','10150'),(76,'','','10270'),(77,'','','10280'),(78,'','','10560'),(79,'','','10550'),(80,'','','10540'),(81,'','','10130'),(82,'','','10290'),(83,'','','10540'),(84,'','','11000'),(85,'','','11130'),(86,'','','11140'),(87,'','','11110'),(88,'','','11150'),(89,'','','11120'),(90,'','','12000'),(91,'','','12120'),(92,'','','12130'),(93,'','','12110'),(94,'','','12170'),(95,'','','12140'),(96,'','','12130'),(97,'','','12150'),(98,'','','12160'),(99,'','','13000'),(100,'','','13130'),(101,'','','13260'),(102,'','','13190'),(103,'','','13290'),(104,'','','13250'),(105,'','','13160'),(106,'','','13180'),(107,'','','13170'),(108,'','','13220'),(109,'','','13120'),(110,'','','13280'),(111,'','','13140'),(112,'','','13230'),(113,'','','13170'),(114,'','','13110'),(115,'','','13270'),(116,'','','13210'),(117,'','','13150'),(118,'','','13240'),(119,'','','14000'),(120,'','','14140'),(121,'','','14130'),(122,'','','14120'),(123,'','','14150'),(124,'','','14110'),(125,'','','14160'),(126,'','','15000'),(127,'','','13240'),(128,'','','15160'),(129,'','','15210'),(130,'','','15140'),(131,'','','15220'),(132,'','','18220'),(133,'','','15120'),(134,'','','15130'),(135,'','','15230'),(136,'','','15190'),(137,'','','15150'),(138,'','','15180'),(139,'','','15110'),(140,'','','15180'),(141,'','','15230'),(142,'','','15240'),(143,'','','15250'),(144,'','','15190'),(145,'','','15130'),(146,'','','15170'),(147,'','','16000'),(148,'','','16130'),(149,'','','16150'),(150,'','','16120'),(151,'','','16160'),(152,'','','16140'),(153,'','','16110'),(154,'','','17000'),(155,'','','17110'),(156,'','','17170'),(157,'','','17120'),(158,'','','17150'),(159,'','','17140'),(160,'','','17130'),(161,'','','17160'),(162,'','','17120'),(163,'','','17130'),(164,'','','18000'),(165,'','','18110'),(166,'','','18260'),(167,'','','18140'),(168,'','','18250'),(169,'','','18230'),(170,'','','18150'),(171,'','','18170'),(172,'','','18130'),(173,'','','18270'),(174,'','','18210'),(175,'','','18190'),(176,'','','18120'),(177,'','','18160'),(178,'','','18180'),(179,'','','30130'),(180,'','','18220'),(181,'','','18220'),(182,'','','18000'),(183,'','','18240'),(184,'','','20000'),(185,'','','20130'),(186,'','','20170'),(187,'','','20220'),(188,'','','20190'),(189,'','','20150'),(190,'','','20160'),(191,'','','20140'),(192,'','','20110'),(193,'','','20230'),(194,'','','20120'),(195,'','','20180'),(196,'','','20250'),(197,'','','20270'),(198,'','','20240'),(199,'','','21000'),(200,'','','21160'),(201,'','','21100'),(202,'','','21150'),(203,'','','21130'),(204,'','','21110'),(205,'','','21190'),(206,'','','22160'),(207,'','','21170'),(208,'','','21210'),(209,'','','21120'),(210,'','','21140'),(211,'','','21110'),(212,'','','21180'),(213,'','','22000'),(214,'','','22110'),(215,'','','22150'),(216,'','','22120'),(217,'','','22170'),(218,'','','22140'),(219,'','','22150'),(220,'','','22130'),(221,'','','22190'),(222,'','','22120'),(223,'','','22180'),(224,'','','22160'),(225,'','','22160'),(226,'','','22170'),(227,'','','22210'),(228,'','','23000'),(229,'','','23110'),(230,'','','23130'),(231,'','','23150'),(232,'','','23140'),(233,'','','23120'),(234,'','','23000'),(235,'','','23170'),(236,'','','24000'),(237,'','','24110'),(238,'','','24150'),(239,'','','24170'),(240,'','','24000'),(241,'','','24130'),(242,'','','24180'),(243,'','','24140'),(244,'','','24120'),(245,'','','24120'),(246,'','','24160'),(247,'','','24190'),(248,'','','24160'),(249,'','','24000'),(250,'','','24110'),(251,'','','25000'),(252,'','','25230'),(253,'','','25110'),(254,'','','25240'),(255,'','','25220'),(256,'','','25150'),(257,'','','25130'),(258,'','','25140'),(259,'','','25190'),(260,'','','26000'),(261,'','','26130'),(262,'','','26110'),(263,'','','26120'),(264,'','','27000'),(265,'','','27260'),(266,'','','27180'),(267,'','','27210'),(268,'','','27160'),(269,'','','27120'),(270,'','','27000'),(271,'','','27120'),(272,'','','27180'),(273,'','','27250'),(274,'','','30000'),(275,'','','30310'),(276,'','','30280'),(277,'','','30250'),(278,'','','30330'),(279,'','','30260'),(280,'','','30350'),(281,'','','30230'),(282,'','','30190'),(283,'','','30210'),(284,'','','36220'),(285,'','','30220'),(286,'','','30160'),(287,'','','30420'),(288,'','','30290'),(289,'','','30120'),(290,'','','30180'),(291,'','','30150'),(292,'','','30110'),(293,'','','30240'),(294,'','','30270'),(295,'','','30170'),(296,'','','30380'),(297,'','','30280'),(298,'','','30140'),(299,'','','30340'),(300,'','','30130'),(301,'','','30320'),(302,'','','30410'),(303,'','','30440'),(304,'','','30360'),(305,'','','30370'),(306,'','','30150'),(307,'','','30210'),(308,'','','30270'),(309,'','','30220'),(310,'','','30270'),(311,'','','30120'),(312,'','','30430'),(313,'','','30230'),(314,'','','30000'),(315,'','','31000'),(316,'','','31190'),(317,'','','31160'),(318,'','','31110'),(319,'','','31210'),(320,'','','31170'),(321,'','','31140'),(322,'','','31180'),(323,'','','31120'),(324,'','','31130'),(325,'','','31150'),(326,'','','31220'),(327,'','','31230'),(328,'','','31240'),(329,'','','31250'),(330,'','','31000'),(331,'','','31110'),(332,'','','31110'),(333,'','','31120'),(334,'','','31260'),(335,'','','31000'),(336,'','','31150'),(337,'','','31110'),(338,'','','31170'),(339,'','','32000'),(340,'','','32190'),(341,'','','32120'),(342,'','','32180'),(343,'','','32140'),(344,'','','32210'),(345,'','','32130'),(346,'','','32160'),(347,'','','32110'),(348,'','','32150'),(349,'','','32220'),(350,'','','32170'),(351,'','','32230'),(352,'','','32140'),(353,'','','32150'),(354,'','','32000'),(355,'','','32130'),(356,'','','33000'),(357,'','','33190'),(358,'','','33130'),(359,'','','33110'),(360,'','','33140'),(361,'','','33180'),(362,'','','33170'),(363,'','','33150'),(364,'','','33160'),(365,'','','33120'),(366,'','','33220'),(367,'','','33210'),(368,'','','33250'),(369,'','','33240'),(370,'','','33130'),(371,'','','33270'),(372,'','','33140'),(373,'','','33120'),(374,'','','33110'),(375,'','','33230'),(376,'','','33120'),(377,'','','33160'),(378,'','','34000'),(379,'','','34250'),(380,'','','34220'),(381,'','','34150'),(382,'','','34320'),(383,'','','34170'),(384,'','','34160'),(385,'','','34280'),(386,'','','34260'),(387,'','','34230'),(388,'','','34130'),(389,'','','34270'),(390,'','','34140'),(391,'','','34190'),(392,'','','34310'),(393,'','','34110'),(394,'','','34330'),(395,'','','34340'),(396,'','','34360'),(397,'','','34000'),(398,'','','34350'),(399,'','','34160'),(400,'','','34160'),(401,'','','34170'),(402,'','','34000'),(403,'','','34190'),(404,'','','34260'),(405,'','','35000'),(406,'','','35170'),(407,'','','35140'),(408,'','','35110'),(409,'','','35180'),(410,'','','35150'),(411,'','','35130'),(412,'','','35160'),(413,'','','35120'),(414,'','','35120'),(415,'','','36000'),(416,'','','36240'),(417,'','','36170'),(418,'','','36140'),(419,'','','36120'),(420,'','','36210'),(421,'','','36130'),(422,'','','36220'),(423,'','','36160'),(424,'','','36220'),(425,'','','36250'),(426,'','','36230'),(427,'','','36110'),(428,'','','36190'),(429,'','','36150'),(430,'','','36180'),(431,'','','36260'),(432,'','','36130'),(433,'','','36130'),(434,'','','37000'),(435,'','','37210'),(436,'','','37110'),(437,'','','37180'),(438,'','','37290'),(439,'','','37240'),(440,'','','37000'),(441,'','','38000'),(442,'','','38180'),(443,'','','38170'),(444,'','','38150'),(445,'','','38190'),(446,'','','38220'),(447,'','','38210'),(448,'','','38000'),(449,'','','39000'),(450,'','','39170'),(451,'','','39350'),(452,'','','39140'),(453,'','','39180'),(454,'','','39270'),(455,'','','39170'),(456,'','','40000'),(457,'','','40260'),(458,'','','40270'),(459,'','','40320'),(460,'','','40210'),(461,'','','40240'),(462,'','','40130'),(463,'','','40290'),(464,'','','40220'),(465,'','','40140'),(466,'','','40310'),(467,'','','40250'),(468,'','','40170'),(469,'','','40110'),(470,'','','40340'),(471,'','','40120'),(472,'','','40330'),(473,'','','40230'),(474,'','','40190'),(475,'','','40150'),(476,'','','40160'),(477,'','','40180'),(478,'','','40280'),(479,'','','40350'),(480,'','','40170'),(481,'','','40160'),(482,'','','40150'),(483,'','','40110'),(484,'','','40110'),(485,'','','40150'),(486,'','','41000'),(487,'','','41330'),(488,'','','41250'),(489,'','','41360'),(490,'','','41220'),(491,'','','41110'),(492,'','','41370'),(493,'','','41240'),(494,'','','41130'),(495,'','','41320'),(496,'','','41310'),(497,'','','41290'),(498,'','','41230'),(499,'','','41280'),(500,'','','41190'),(501,'','','41160'),(502,'','','41210'),(503,'','','41150'),(504,'','','41260'),(505,'','','41340'),(506,'','','41380'),(507,'','','41130'),(508,'','','41130'),(509,'','','41110'),(510,'','','42000'),(511,'','','42100'),(512,'','','42210'),(513,'','','42110'),(514,'','','42150'),(515,'','','42120'),(516,'','','42170'),(517,'','','42160'),(518,'','','42140'),(519,'','','42130'),(520,'','','42180'),(521,'','','42230'),(522,'','','42240'),(523,'','','42220'),(524,'','','42190'),(525,'','','43000'),(526,'','','43100'),(527,'','','43110'),(528,'','','43120'),(529,'','','43130'),(530,'','','43160'),(531,'','','43100'),(532,'','','43120'),(533,'','','43120'),(534,'','','43130'),(535,'','','44000'),(536,'','','44190'),(537,'','','44140'),(538,'','','44150'),(539,'','','44160'),(540,'','','44130'),(541,'','','44170'),(542,'','','44110'),(543,'','','44120'),(544,'','','44180'),(545,'','','44210'),(546,'','','44130'),(547,'','','44160'),(548,'','','45000'),(549,'','','45150'),(550,'','','45190'),(551,'','','45180'),(552,'','','45170'),(553,'','','45140'),(554,'','','45110'),(555,'','','45230'),(556,'','','45210'),(557,'','','45120'),(558,'','','45130'),(559,'','','45220'),(560,'','','45240'),(561,'','','45160'),(562,'','','45250'),(563,'','','45000'),(564,'','','45280'),(565,'','','45000'),(566,'','','45000'),(567,'','','45170'),(568,'','','45140'),(569,'','','45170'),(570,'','','46000'),(571,'','','46230'),(572,'','','46130'),(573,'','','46210'),(574,'','','46110'),(575,'','','46160'),(576,'','','46120'),(577,'','','46170'),(578,'','','46140'),(579,'','','46180'),(580,'','','46190'),(581,'','','46220'),(582,'','','46150'),(583,'','','46240'),(584,'','','46180'),(585,'','','46160'),(586,'','','46000'),(587,'','','46130'),(588,'','','47000'),(589,'','','47220'),(590,'','','47230'),(591,'','','47210'),(592,'','','47230'),(593,'','','47180'),(594,'','','47130'),(595,'','','47220'),(596,'','','47160'),(597,'','','47150'),(598,'','','47270'),(599,'','','47120'),(600,'','','47250'),(601,'','','47140'),(602,'','','47170'),(603,'','','47110'),(604,'','','47240'),(605,'','','47190'),(606,'','','47260'),(607,'','','47280'),(608,'','','47290'),(609,'','','47230'),(610,'','','47180'),(611,'','','48000'),(612,'','','48160'),(613,'','','48120'),(614,'','','48140'),(615,'','','48110'),(616,'','','48170'),(617,'','','48130'),(618,'','','48150'),(619,'','','48180'),(620,'','','48190'),(621,'','','48140'),(622,'','','48130'),(623,'','','49000'),(624,'','','49130'),(625,'','','49120'),(626,'','','49140'),(627,'','','49110'),(628,'','','49150'),(629,'','','49160'),(630,'','','50200'),(631,'','','50100'),(632,'','','50300'),(633,'','','50000'),(634,'','','50160'),(635,'','','50240'),(636,'','','50270'),(637,'','','50170'),(638,'','','50220'),(639,'','','50150'),(640,'','','50330'),(641,'','','50180'),(642,'','','50330'),(643,'','','50250'),(644,'','','50110'),(645,'','','50320'),(646,'','','50280'),(647,'','','50190'),(648,'','','50120'),(649,'','','50130'),(650,'','','50210'),(651,'','','50290'),(652,'','','50230'),(653,'','','50340'),(654,'','','50240'),(655,'','','50260'),(656,'','','50310'),(657,'','','50140'),(658,'','','50350'),(659,'','','50320'),(660,'','','50360'),(661,'','','50130'),(662,'','','50160'),(663,'','','58130'),(664,'','','51000'),(665,'','','51150'),(666,'','','51140'),(667,'','','51170'),(668,'','','51130'),(669,'','','51110'),(670,'','','51160'),(671,'','','51120'),(672,'','','51180'),(673,'','','51120'),(674,'','','52000'),(675,'','','52100'),(676,'','','52220'),(677,'','','52130'),(678,'','','52210'),(679,'','','52110'),(680,'','','52120'),(681,'','','52140'),(682,'','','52160'),(683,'','','52230'),(684,'','','52180'),(685,'','','52150'),(686,'','','52170'),(687,'','','52190'),(688,'','','52240'),(689,'','','53000'),(690,'','','53170'),(691,'','','53140'),(692,'','','53150'),(693,'','','53190'),(694,'','','53110'),(695,'','','53110'),(696,'','','53160'),(697,'','','53180'),(698,'','','53120'),(699,'','','53220'),(700,'','','53130'),(701,'','','53210'),(702,'','','53230'),(703,'','','54000'),(704,'','','54140'),(705,'','','54150'),(706,'','','54130'),(707,'','','54000'),(708,'','','54110'),(709,'','','54120'),(710,'','','54160'),(711,'','','54170'),(712,'','','55000'),(713,'','','55170'),(714,'','','55190'),(715,'','','55150'),(716,'','','55120'),(717,'','','55140'),(718,'','','55110'),(719,'','','55130'),(720,'','','55160'),(721,'','','55180'),(722,'','','55210'),(723,'','','55220'),(724,'','','55160'),(725,'','','55000'),(726,'','','55130'),(727,'','','56000'),(728,'','','56150'),(729,'','','56110'),(730,'','','56160'),(731,'','','56120'),(732,'','','56140'),(733,'','','56130'),(734,'','','56110'),(735,'','','56000'),(736,'','','57000'),(737,'','','57100'),(738,'','','57210'),(739,'','','57140'),(740,'','','57160'),(741,'','','57230'),(742,'','','57120'),(743,'','','57250'),(744,'','','57280'),(745,'','','57190'),(746,'','','57110'),(747,'','','57270'),(748,'','','57240'),(749,'','','57150'),(750,'','','57130'),(751,'','','57220'),(752,'','','57180'),(753,'','','57170'),(754,'','','57260'),(755,'','','57290'),(756,'','','57310'),(757,'','','57340'),(758,'','','57240'),(759,'','','57110'),(760,'','','57250'),(761,'','','57000'),(762,'','','57210'),(763,'','','57110'),(764,'','','58000'),(765,'','','58140'),(766,'','','58130'),(767,'','','58110'),(768,'','','58120'),(769,'','','58110'),(770,'','','58150'),(771,'','','60000'),(772,'','','60240'),(773,'','','60170'),(774,'','','60120'),(775,'','','60250'),(776,'','','60110'),(777,'','','60180'),(778,'','','60230'),(779,'','','60140'),(780,'','','60210'),(781,'','','60260'),(782,'','','60160'),(783,'','','60220'),(784,'','','60130'),(785,'','','60150'),(786,'','','60190'),(787,'','','60150'),(788,'','','60150'),(789,'','','60150'),(790,'','','61000'),(791,'','','61120'),(792,'','','61150'),(793,'','','61110'),(794,'','','61170'),(795,'','','61130'),(796,'','','61140'),(797,'','','61180'),(798,'','','61160'),(799,'','','61170'),(800,'','','62000'),(801,'','','62160'),(802,'','','62150'),(803,'','','62180'),(804,'','','62130'),(805,'','','62140'),(806,'','','62120'),(807,'','','62110'),(808,'','','62170'),(809,'','','62190'),(810,'','','62120'),(811,'','','62210'),(812,'','','62000'),(813,'','','63000'),(814,'','','63120'),(815,'','','63130'),(816,'','','63140'),(817,'','','63150'),(818,'','','63110'),(819,'','','63160'),(820,'','','63170'),(821,'','','63000'),(822,'','','64000'),(823,'','','64220'),(824,'','','64210'),(825,'','','64140'),(826,'','','64160'),(827,'','','64170'),(828,'','','64130'),(829,'','','64190'),(830,'','','64120'),(831,'','','64110'),(832,'','','64180'),(833,'','','64230'),(834,'','','64150'),(835,'','','65000'),(836,'','','65230'),(837,'','','65120'),(838,'','','65170'),(839,'','','65140'),(840,'','','65240'),(841,'','','65110'),(842,'','','65210'),(843,'','','65150'),(844,'','','65180'),(845,'','','65160'),(846,'','','65130'),(847,'','','65220'),(848,'','','65190'),(849,'','','66000'),(850,'','','66170'),(851,'','','66180'),(852,'','','66190'),(853,'','','66110'),(854,'','','66150'),(855,'','','66120'),(856,'','','66210'),(857,'','','66130'),(858,'','','66140'),(859,'','','66220'),(860,'','','66150'),(861,'','','66230'),(862,'','','66160'),(863,'','','66130'),(864,'','','66210'),(865,'','','66140'),(866,'','','66220'),(867,'','','67000'),(868,'','','67250'),(869,'','','67210'),(870,'','','67150'),(871,'','','67190'),(872,'','','67110'),(873,'','','67120'),(874,'','','67130'),(875,'','','67180'),(876,'','','67170'),(877,'','','67140'),(878,'','','67220'),(879,'','','67160'),(880,'','','67230'),(881,'','','67260'),(882,'','','67240'),(883,'','','67270'),(884,'','','67280'),(885,'','','70000'),(886,'','','70150'),(887,'','','70180'),(888,'','','70130'),(889,'','','70210'),(890,'','','70110'),(891,'','','70190'),(892,'','','70160'),(893,'','','70120'),(894,'','','70140'),(895,'','','70170'),(896,'','','70180'),(897,'','','71000'),(898,'','','71190'),(899,'','','71150'),(900,'','','71160'),(901,'','','71220'),(902,'','','71250'),(903,'','','71220'),(904,'','','71120'),(905,'','','71130'),(906,'','','70190'),(907,'','','71110'),(908,'','','71130'),(909,'','','71180'),(910,'','','71240'),(911,'','','71140'),(912,'','','71170'),(913,'','','71210'),(914,'','','71260'),(915,'','','71220'),(916,'','','71170'),(917,'','','72000'),(918,'','','72230'),(919,'','','72210'),(920,'','','72120'),(921,'','','72180'),(922,'','','72150'),(923,'','','72140'),(924,'','','72170'),(925,'','','72250'),(926,'','','72110'),(927,'','','72190'),(928,'','','72130'),(929,'','','72160'),(930,'','','72220'),(931,'','','72240'),(932,'','','73000'),(933,'','','73140'),(934,'','','73180'),(935,'','','73120'),(936,'','','73150'),(937,'','','73130'),(938,'','','73190'),(939,'','','73110'),(940,'','','73210'),(941,'','','73220'),(942,'','','73160'),(943,'','','73170'),(944,'','','74000'),(945,'','','74110'),(946,'','','74130'),(947,'','','74120'),(948,'','','75000'),(949,'','','75120'),(950,'','','75110'),(951,'','','76000'),(952,'','','76100'),(953,'','','76140'),(954,'','','76160'),(955,'','','76120'),(956,'','','76130'),(957,'','','76150'),(958,'','','76110'),(959,'','','76100'),(960,'','','76170'),(961,'','','77000'),(962,'','','77210'),(963,'','','77150'),(964,'','','77130'),(965,'','','77140'),(966,'','','77230'),(967,'','','77190'),(968,'','','77170'),(969,'','','77120'),(970,'','','77220'),(971,'','','77110'),(972,'','','77120'),(973,'','','77180'),(974,'','','80000'),(975,'','','80280'),(976,'','','80330'),(977,'','','80320'),(978,'','','80230'),(979,'','','80150'),(980,'','','80250'),(981,'','','80260'),(982,'','','80270'),(983,'','','80190'),(984,'','','80180'),(985,'','','80160'),(986,'','','80110'),(987,'','','80310'),(988,'','','80220'),(989,'','','80240'),(990,'','','80140'),(991,'','','80330'),(992,'','','80130'),(993,'','','80350'),(994,'','','80120'),(995,'','','80340'),(996,'','','80210'),(997,'','','80170'),(998,'','','80360'),(999,'','','80260'),(1000,'','','80180'),(1001,'','','80130'),(1002,'','','80000'),(1003,'','','80160'),(1004,'','','80250'),(1005,'','','80190'),(1006,'','','80290'),(1007,'','','81000'),(1008,'','','81140'),(1009,'','','80240'),(1010,'','','81150'),(1011,'','','81120'),(1012,'','','81120'),(1013,'','','81170'),(1014,'','','81110'),(1015,'','','81160'),(1016,'','','81120'),(1017,'','','81130'),(1018,'','','82000'),(1019,'','','82160'),(1020,'','','83000'),(1021,'','','82170'),(1022,'','','82130'),(1023,'','','82140'),(1024,'','','82110'),(1025,'','','82190'),(1026,'','','82150'),(1027,'','','82180'),(1028,'','','82120'),(1029,'','','83000'),(1030,'','','83130'),(1031,'','','83100'),(1032,'','','83120'),(1033,'','','83150'),(1034,'','','83110'),(1035,'','','84000'),(1036,'','','84100'),(1037,'','','84290'),(1038,'','','84160'),(1039,'','','84220'),(1040,'','','84160'),(1041,'','','84340'),(1042,'','','84140'),(1043,'','','84310'),(1044,'','','84320'),(1045,'','','84330'),(1046,'','','84280'),(1047,'','','84110'),(1048,'','','84170'),(1049,'','','84180'),(1050,'','','84230'),(1051,'','','84250'),(1052,'','','84150'),(1053,'','','84120'),(1054,'','','84270'),(1055,'','','84240'),(1056,'','','84260'),(1057,'','','84210'),(1058,'','','84190'),(1059,'','','84210'),(1060,'','','84130'),(1061,'','','84350'),(1062,'','','84180'),(1063,'','','85000'),(1064,'','','85130'),(1065,'','','85130'),(1066,'','','85120'),(1067,'','','85110'),(1068,'','','85120'),(1069,'','','86000'),(1070,'','','86120'),(1071,'','','86190'),(1072,'','','86100'),(1073,'','','86140'),(1074,'','','86190'),(1075,'','','86160'),(1076,'','','86230'),(1077,'','','86210'),(1078,'','','86110'),(1079,'','','86150'),(1080,'','','86170'),(1081,'','','86180'),(1082,'','','86130'),(1083,'','','86220'),(1084,'','','90000'),(1085,'','','90100'),(1086,'','','90190'),(1087,'','','90130'),(1088,'','','90160'),(1089,'','','90150'),(1090,'','','90260'),(1091,'','','90210'),(1092,'','','90140'),(1093,'','','90270'),(1094,'','','90180'),(1095,'','','90120'),(1096,'','','90170'),(1097,'','','90240'),(1098,'','','90110'),(1099,'','','90250'),(1100,'','','90230'),(1101,'','','90310'),(1102,'','','90220'),(1103,'','','90110'),(1104,'','','90280'),(1105,'','','90330'),(1106,'','','90230'),(1107,'','','90115'),(1108,'','','91000'),(1109,'','','91140'),(1110,'','','91160'),(1111,'','','91130'),(1112,'','','91150'),(1113,'','','91110'),(1114,'','','91120'),(1115,'','','91130'),(1116,'','','92000'),(1117,'','','92170'),(1118,'','','92190'),(1119,'','','92110'),(1120,'','','92140'),(1121,'','','92120'),(1122,'','','92180'),(1123,'','','92140'),(1124,'','','92150'),(1125,'','','92000'),(1126,'','','92130'),(1127,'','','92210'),(1128,'','','92190'),(1129,'','','92220'),(1130,'','','92000'),(1131,'','','92170'),(1132,'','','92160'),(1133,'','','92130'),(1134,'','','92120'),(1135,'','','93000'),(1136,'','','93180'),(1137,'','','93000'),(1138,'','','93130'),(1139,'','','93160'),(1140,'','','93110'),(1141,'','','93150'),(1142,'','','93120'),(1143,'','','93190'),(1144,'','','93170'),(1145,'','','93140'),(1146,'','','93110'),(1147,'','','93000'),(1148,'','','94000'),(1149,'','','94120'),(1150,'','','94180'),(1151,'','','94170'),(1152,'','','94130'),(1153,'','','94190'),(1154,'','','94140'),(1155,'','','94190'),(1156,'','','94140'),(1157,'','','94110'),(1158,'','','94190'),(1159,'','','94220'),(1160,'','','94150'),(1161,'','','94190'),(1162,'','','94160'),(1163,'','','94230'),(1164,'','','94180'),(1165,'','','95000'),(1166,'','','95160'),(1167,'','','95110'),(1168,'','','95130'),(1169,'','','95150'),(1170,'','','95170'),(1171,'','','95120'),(1172,'','','95140'),(1173,'','','95120'),(1174,'','','95000'),(1175,'','','96000'),(1176,'','','96110'),(1177,'','','96170'),(1178,'','','96180'),(1179,'','','96130'),(1180,'','','96220'),(1181,'','','96150'),(1182,'','','96210'),(1183,'','','96160'),(1184,'','','96190'),(1185,'','','96120'),(1186,'','','96140'),(1187,'','','96220'),(1188,'','','96130');
/*!40000 ALTER TABLE `postcode` ENABLE KEYS */;
UNLOCK TABLES;

--
-- Table structure for table `product`
--

DROP TABLE IF EXISTS `product`;
/*!40101 SET @saved_cs_client     = @@character_set_client */;
/*!40101 SET character_set_client = utf8 */;
CREATE TABLE `product` (
  `id` int(11) NOT NULL AUTO_INCREMENT,
  `category_id` int(11) DEFAULT NULL,
  `name` varchar(45) COLLATE utf8_unicode_ci DEFAULT NULL,
  `description` mediumtext COLLATE utf8_unicode_ci,
  `price` double DEFAULT NULL,
  PRIMARY KEY (`id`),
  KEY `fk_product_category_idx` (`category_id`),
  CONSTRAINT `fk_product_category` FOREIGN KEY (`category_id`) REFERENCES `category` (`id`) ON DELETE NO ACTION ON UPDATE NO ACTION
) ENGINE=InnoDB AUTO_INCREMENT=3 DEFAULT CHARSET=utf8 COLLATE=utf8_unicode_ci;
/*!40101 SET character_set_client = @saved_cs_client */;

--
-- Dumping data for table `product`
--

LOCK TABLES `product` WRITE;
/*!40000 ALTER TABLE `product` DISABLE KEYS */;
INSERT INTO `product` VALUES (1,NULL,'Bey Dey','Beydey Description 1',780),(2,NULL,'TEST1','TESTING A PRODUCT',900);
/*!40000 ALTER TABLE `product` ENABLE KEYS */;
UNLOCK TABLES;

--
-- Table structure for table `product_order`
--

DROP TABLE IF EXISTS `product_order`;
/*!40101 SET @saved_cs_client     = @@character_set_client */;
/*!40101 SET character_set_client = utf8 */;
CREATE TABLE `product_order` (
  `id` int(11) NOT NULL AUTO_INCREMENT,
  `order_id` int(11) NOT NULL,
  `quantity` int(11) DEFAULT NULL,
  `order_price` double DEFAULT NULL,
  `requested_quantity` int(11) DEFAULT NULL,
  `requested_price` double DEFAULT NULL,
  `product_id` int(11) NOT NULL,
  PRIMARY KEY (`id`),
  KEY `fk_product_order_order1_idx` (`order_id`),
  KEY `fk_product_order_product1_idx` (`product_id`),
  CONSTRAINT `fk_product_order_order1` FOREIGN KEY (`order_id`) REFERENCES `order` (`id`) ON DELETE NO ACTION ON UPDATE NO ACTION,
  CONSTRAINT `fk_product_order_product1` FOREIGN KEY (`product_id`) REFERENCES `product` (`id`) ON DELETE NO ACTION ON UPDATE NO ACTION
) ENGINE=InnoDB AUTO_INCREMENT=826 DEFAULT CHARSET=utf8 COLLATE=utf8_unicode_ci;
/*!40101 SET character_set_client = @saved_cs_client */;

--
-- Dumping data for table `product_order`
--

LOCK TABLES `product_order` WRITE;
/*!40000 ALTER TABLE `product_order` DISABLE KEYS */;
INSERT INTO `product_order` VALUES (730,748,5000,390,5000,390,1),(731,749,5000,390,5000,390,1),(732,750,5000,390,5000,390,1),(733,751,444,520,444,520,1),(734,752,50,630,50,630,1),(735,753,3,780,3,780,1),(736,754,2,780,2,780,1),(737,755,1,780,1,780,1),(738,756,2,390,2,390,1),(739,757,5001,390,5001,390,1),(740,758,3,780,3,780,1),(741,759,100,390,100,390,1),(742,760,3000,480,3000,480,1),(743,761,20,0,20,0,1),(744,762,20,630,20,630,1),(745,763,150,480,150,480,1),(746,764,20,0,20,0,1),(747,765,5000,390,5000,390,1),(748,766,150,520,150,520,1),(749,767,2,780,2,780,1),(750,768,3,780,3,780,1),(751,769,3,780,3,780,1),(752,770,30,630,30,630,1),(753,771,20,780,20,780,1),(754,772,20,780,20,780,1),(755,773,5000,480,5000,480,1),(756,774,2000,420,2000,420,1),(757,775,1000,440,1000,440,1),(758,776,50,0,50,0,1),(759,777,1000,440,1000,440,1),(760,778,50,0,50,0,1),(761,779,5000,390,5000,390,1),(762,780,2,780,2,780,1),(763,781,1000,440,1000,440,1),(764,782,50,0,50,0,1),(765,783,5000,390,5000,390,1),(766,784,100,420,100,420,1),(767,785,1000,390,1000,390,1),(768,786,100,630,100,630,1),(769,787,95,780,95,780,1),(770,788,60,630,60,630,1),(771,789,15,780,15,780,1),(772,790,500,480,500,480,1),(773,791,20,0,20,0,1),(774,792,100,630,100,630,1),(775,793,1441,440,1441,440,1),(776,794,100,440,100,440,1),(777,795,1000,440,1000,440,1),(778,796,500,480,500,480,1),(779,797,2,780,2,780,1),(780,798,2,780,2,780,1),(781,799,1000,440,1000,440,1),(782,800,1000,440,1000,440,1),(783,801,1000,440,1000,440,1),(784,802,1000,440,1000,440,1),(785,803,300,NULL,300,NULL,1),(786,804,500,555,500,555,1),(787,805,15,399,15,399,1),(788,806,50,399,50,399,1),(789,807,350,440,350,440,1),(790,808,50,399,50,399,1),(791,809,20,630,20,630,1),(792,810,400,399,400,399,1),(793,811,444,399,444,399,1),(794,812,333,630,333,630,1),(795,813,300,590,300,590,1),(796,814,100,630,100,630,1),(797,815,15,630,15,630,1),(798,816,100,550,100,550,1),(799,817,2,780,2,780,1),(800,818,2,780,2,780,1),(801,819,5000,395,5000,395,1),(802,820,800,440,800,440,1),(803,821,1000000,395,1000000,395,1),(804,822,500000,395,500000,395,1),(805,823,5000,420,5000,420,1),(806,824,1000,420,1000,420,1),(807,825,50,590,50,590,1),(808,826,1,420,1,420,1),(809,827,1,630,1,630,1),(810,828,13,480,13,480,1),(811,829,11,590,11,590,1),(812,830,3000,410,3000,410,1),(813,831,5000,111,5000,111,1),(814,832,1,780,1,780,1),(815,833,1,780,1,780,1),(816,834,1,780,1,780,1),(817,835,1,780,1,780,1),(818,836,50,780,50,780,1),(819,837,-100,780,-100,780,1),(820,838,1,780,1,780,1),(821,839,100,555,100,555,1),(822,840,50,590,50,590,1),(823,841,56,555,56,555,1),(824,842,1,780,1,780,1),(825,843,1,780,1,780,1);
/*!40000 ALTER TABLE `product_order` ENABLE KEYS */;
UNLOCK TABLES;

--
-- Table structure for table `shipping_address`
--

DROP TABLE IF EXISTS `shipping_address`;
/*!40101 SET @saved_cs_client     = @@character_set_client */;
/*!40101 SET character_set_client = utf8 */;
CREATE TABLE `shipping_address` (
  `id` int(11) NOT NULL AUTO_INCREMENT,
  `email` varchar(100) COLLATE utf8_unicode_ci DEFAULT NULL,
  `phone_no` varchar(100) COLLATE utf8_unicode_ci DEFAULT NULL,
  `mobile_no` varchar(100) COLLATE utf8_unicode_ci DEFAULT NULL,
  `postal_code` varchar(100) COLLATE utf8_unicode_ci DEFAULT NULL,
  `district` varchar(100) COLLATE utf8_unicode_ci DEFAULT NULL,
  `province` varchar(100) COLLATE utf8_unicode_ci DEFAULT NULL,
  `country` varchar(100) COLLATE utf8_unicode_ci DEFAULT NULL,
  `address` varchar(455) COLLATE utf8_unicode_ci DEFAULT NULL,
  `order_id` int(11) NOT NULL,
  `name` varchar(100) COLLATE utf8_unicode_ci DEFAULT NULL,
  PRIMARY KEY (`id`),
  KEY `fk_shipping_address_order1_idx` (`order_id`),
  CONSTRAINT `fk_shipping_address_order1` FOREIGN KEY (`order_id`) REFERENCES `order` (`id`) ON DELETE NO ACTION ON UPDATE NO ACTION
) ENGINE=InnoDB AUTO_INCREMENT=366 DEFAULT CHARSET=utf8 COLLATE=utf8_unicode_ci;
/*!40101 SET character_set_client = @saved_cs_client */;

--
-- Dumping data for table `shipping_address`
--

LOCK TABLES `shipping_address` WRITE;
/*!40000 ALTER TABLE `shipping_address` DISABLE KEYS */;
INSERT INTO `shipping_address` VALUES (270,NULL,'923335367073',NULL,NULL,NULL,NULL,'Thailand ','Street 16, Building 4',748,'Arslan Khalid'),(271,NULL,'923335367074',NULL,NULL,NULL,NULL,'Thailand ','Building XYZ',749,'Imran Khalid'),(272,NULL,'44555',NULL,NULL,NULL,NULL,'Thailand ','6666',750,'Test Tedy'),(273,NULL,'55555',NULL,NULL,NULL,NULL,'Thailand ','666',751,'Yyy Yyy'),(274,NULL,'0815596117',NULL,NULL,NULL,NULL,'Thailand ','Bangkok',752,'Vik Vik'),(275,NULL,NULL,'0841471593','91140','','','Thailand','1 3',753,'Test'),(276,NULL,NULL,'0841471593','11000','','','Thailand','99 88',754,'Test'),(277,NULL,NULL,'0841471593','92140','','','Thailand','  ',755,' '),(278,NULL,'0841471593',NULL,NULL,NULL,NULL,'Thailand ','65/17  1,  ',756,'Kittisak Umaji'),(279,NULL,NULL,'','','','','Thailand','65/17  1,  ',757,'admin'),(280,NULL,NULL,'0841471593','10500','','','Thailand','65/17  1',758,'Kittisak Umaji'),(281,NULL,NULL,'','','','','Thailand','',759,'admin'),(282,NULL,'0841471593',NULL,NULL,NULL,NULL,'Thailand ','65/17  1,  ',760,'Kittisak Umaji'),(283,NULL,'0841471593',NULL,NULL,NULL,NULL,'Thailand ','65/17  1,  ',761,'Kittisak Umaji'),(284,NULL,'0841471593',NULL,NULL,NULL,NULL,'Thailand ','65/17  1,  ',762,'Kittisak Umaji'),(285,NULL,'923335367073',NULL,NULL,NULL,NULL,'Thailand ','Somewhere here',763,'VIP User AKi'),(286,NULL,'923335367073',NULL,NULL,NULL,NULL,'Thailand ','Somewhere here',764,'VIP User AKi'),(287,NULL,'923335367073',NULL,NULL,NULL,NULL,'Thailand ','Somewhere here',765,'akmr nice'),(288,NULL,'',NULL,NULL,NULL,NULL,'Thailand ','',766,'akseller nivce'),(289,NULL,NULL,'0841471593','10500','','','Thailand','65/17  1,  ',767,'Kittisak Umaji'),(290,NULL,NULL,'0841471593','10300','','','Thailand','65/17  1,  ',768,'Kittisak Umaji'),(291,NULL,NULL,'0841471593','10300','','','Thailand','65/17  1,  ',769,'Kittisak Umaji'),(292,NULL,NULL,'','','','','Thailand','',770,'Yyy'),(293,NULL,NULL,'0815596111','10540','','','Thailand','Somewhere in Bangpli',771,'Test-VIk_Order'),(294,NULL,NULL,'0815596111','10540','','','Thailand','Somewhere in Bangpli',772,'Test-VIk_Order'),(295,NULL,'0841471593',NULL,NULL,NULL,NULL,'Thailand ','65/17  1,  ',773,'Kittisak  Umaji'),(296,NULL,NULL,'','','','','Thailand ','65/17  1,  ',774,'admin'),(297,NULL,'0841471593',NULL,NULL,NULL,NULL,'Thailand ','65/17  1,  ',775,'Somsak Bunchu'),(298,NULL,'0841471593',NULL,NULL,NULL,NULL,'Thailand ','65/17  1,  ',776,'Somsak Bunchu'),(299,NULL,'0841471593',NULL,NULL,NULL,NULL,'Thailand ','65/17  1,  ',777,'somchai sabuyjit'),(300,NULL,'0841471593',NULL,NULL,NULL,NULL,'Thailand ','65/17  1,  ',778,'somchai sabuyjit'),(301,NULL,'0841471593',NULL,NULL,NULL,NULL,'Thailand ','65/17  1,  ',779,'Kittisak Umaji'),(302,NULL,NULL,'0841471593','10110','','','Thailand','65/17  1,  ',780,'Kittisak Umaji'),(303,NULL,'0000000000',NULL,NULL,NULL,NULL,'Thailand ','',781,'Dupont Dupont'),(304,NULL,'0000000000',NULL,NULL,NULL,NULL,'Thailand ','',782,'Dupont Dupont'),(305,NULL,NULL,'','','','','Thailand','',783,'admin'),(306,NULL,NULL,'','','','','Thailand','',784,'admin'),(307,NULL,NULL,'','','','','Thailand ','65/17  1,  ',785,'nay'),(308,NULL,NULL,'','','','','Thailand','',786,'Yyy'),(309,NULL,NULL,'081340933','10500','','','Thailand','.',787,''),(310,NULL,NULL,'','','','','Thailand','',788,'Yyy'),(311,NULL,NULL,'923335367073','10500','','','Thailand','House#728',789,'Arslan Khalid'),(312,NULL,'0841471593',NULL,NULL,NULL,NULL,'Thailand ','65/17  1,  ',790,'Kittisakqqq Umaji'),(313,NULL,'0841471593',NULL,NULL,NULL,NULL,'Thailand ','65/17  1,  ',791,'Kittisakqqq Umaji'),(314,NULL,'923335367073',NULL,NULL,NULL,NULL,'Thailand ','Somewhere here',792,'safi mustafa'),(315,NULL,'923335367073',NULL,NULL,NULL,NULL,'Thailand ','Somewhere here',793,'mushahid Beydey'),(316,NULL,'0815596117',NULL,NULL,NULL,NULL,'Thailand ','501 Pomplab',794,'vik vik'),(317,NULL,'0841471593',NULL,NULL,NULL,NULL,'Thailand ','65/17  1,  ',795,'Kittisak Umaji'),(318,NULL,'0841471593',NULL,NULL,NULL,NULL,'Thailand ','65/17  1,  ',796,'Kittisak Umaji'),(319,NULL,NULL,'0841471593','91000','','','Thailand','65/17  1',797,'Kittisak Umaji'),(320,NULL,NULL,'0841471593','85130','','','Thailand','65/17  1,  ',798,'Kittisak Umaji'),(321,NULL,'0841471593',NULL,NULL,NULL,NULL,'Thailand ','65/17  1,  ',799,'Kittisak Umaji'),(322,NULL,'0841471593',NULL,NULL,NULL,NULL,'Thailand ','65/17  1,  ',800,'Kittisak Umaji'),(323,NULL,'0841471593',NULL,NULL,NULL,NULL,'Thailand ','65/17  1,  ',801,'Kittisak Umaji'),(324,NULL,'0841471593',NULL,NULL,NULL,NULL,'Thailand ','65/17  1,  ',802,'Kittisak Umaji'),(325,NULL,'0841471593',NULL,NULL,NULL,NULL,'Thailand ','65/17  1,  ',803,'Kittisak Umaji'),(326,NULL,'923335367073',NULL,NULL,NULL,NULL,'Thailand ','Somewhere here',804,'irfan irfan'),(327,NULL,'923335367074',NULL,NULL,NULL,NULL,'Thailand ','Somewhere here',805,'ammad khalid'),(328,NULL,'0815596117',NULL,NULL,NULL,NULL,'Thailand ','501 Pomplab',806,'viksub viksub'),(329,NULL,'923335367073',NULL,NULL,NULL,NULL,'Thailand ','Somewhere here',807,'sub7 sub7'),(330,NULL,'0815596117',NULL,NULL,NULL,NULL,'Thailand ','501 Pomplab',808,'naysub naysub'),(331,NULL,'0815596113',NULL,NULL,NULL,NULL,'Thailand ','Phasi Charoen',809,'aasub aasub'),(332,NULL,'0841471593',NULL,NULL,NULL,NULL,'Thailand ','65/17  1,  ',810,'Kittisak Umaji'),(333,NULL,'0841471593',NULL,NULL,NULL,NULL,'Thailand ','65/17  1,  ',811,'Kittisak Umaji'),(334,NULL,'0841471593',NULL,NULL,NULL,NULL,'Thailand ','65/17  1,  ',812,'Kittisak Umaji'),(335,NULL,'0841471593',NULL,NULL,NULL,NULL,'Thailand ','65/17  1,  ',813,'Kittisak Umaji'),(336,NULL,NULL,'','','','','Thailand','',814,'MR01'),(337,NULL,'923335367073',NULL,'58000','','','Thailand ','AH',815,'safi ifsa'),(338,NULL,'0841471593',NULL,'10500','','','Thailand ','65/17  1,  ',816,'Kittisakvv Umaji'),(339,NULL,NULL,'0841471593','10500','','','Thailand','  ',817,'Test'),(340,NULL,NULL,'0841471593','86140','','','Thailand','  ',818,'Test'),(341,NULL,NULL,'','','','','Thailand ','Somewhere here',819,'arslankhd'),(342,NULL,'0815596117',NULL,'10500','','','Thailand ','Somewhere',820,'VikB VikB'),(343,NULL,NULL,'','','','','Thailand','',821,'admin'),(344,NULL,NULL,'','','','','Thailand ','65/17  1,  ',822,'nay'),(345,NULL,NULL,'','','','','Thailand','',823,'admin'),(346,NULL,NULL,'','','','','Thailand','',824,'admin'),(347,NULL,NULL,'','','','','Thailand','',825,'MR01'),(348,NULL,NULL,'','','','','Thailand','',826,'admin'),(349,NULL,NULL,'','','','','Thailand','',827,'admin'),(350,NULL,NULL,'','','','','Thailand','',828,'imrankhd'),(351,NULL,NULL,'','','','','Thailand','',829,'MR01'),(352,NULL,'0841471593',NULL,'10300','','','Thailand ','65/17  1,  ',830,'Kittisak Umaji'),(353,NULL,NULL,'','','','','Thailand','',831,'admin'),(354,NULL,NULL,'0841471593','11000','','','Thailand','105/282 .4 (  5) .',832,'Kittisak Umaji'),(355,NULL,NULL,'0841471593','11000','','','Thailand','105/282 .4 .',833,' '),(356,NULL,NULL,'0841471593','11000','','','Thailand','105/282 .4 .',834,' '),(357,NULL,NULL,'0841471593','18110','','','Thailand','1 3',835,'Test'),(358,NULL,NULL,'','10540','','','Thailand','Sokochan Warehouse',836,'Sokochan'),(359,NULL,NULL,'','10540','','','Thailand','Sokochan Warehouse',837,'Sokochan'),(360,NULL,NULL,'0841471593','10530','','','Thailand','65/17  1',838,'Kittisak Umaji'),(361,NULL,'0841471593',NULL,NULL,'','','Thailand ','65/17  1,  ',839,'Kittisak Umaji'),(362,NULL,NULL,'','','','','Thailand','',840,'MR01'),(363,NULL,NULL,'','','','','Thailand','',841,'MR01'),(364,NULL,NULL,'0841471593','11000','','','Thailand','105/282 .4 (  5) .',842,'Kittisak Umaji'),(365,NULL,NULL,'0815596117','10500','','','Thailand','Sokochan Warehouse - Marigold Park',843,'Vik');
/*!40000 ALTER TABLE `shipping_address` ENABLE KEYS */;
UNLOCK TABLES;

--
-- Table structure for table `stock_in`
--

DROP TABLE IF EXISTS `stock_in`;
/*!40101 SET @saved_cs_client     = @@character_set_client */;
/*!40101 SET character_set_client = utf8 */;
CREATE TABLE `stock_in` (
  `id` int(11) NOT NULL AUTO_INCREMENT,
  `timestamp` timestamp NULL DEFAULT CURRENT_TIMESTAMP,
  `initial_quantity` int(11) DEFAULT NULL,
  `remaining_quantity` int(11) DEFAULT NULL,
  `price` double DEFAULT NULL,
  `product_id` int(11) NOT NULL,
  `user_id` int(11) NOT NULL,
  PRIMARY KEY (`id`),
  KEY `fk_stock_in_product1_idx` (`product_id`),
  KEY `fk_stock_in_user1_idx` (`user_id`),
  CONSTRAINT `fk_stock_in_product1` FOREIGN KEY (`product_id`) REFERENCES `product` (`id`) ON DELETE NO ACTION ON UPDATE NO ACTION,
  CONSTRAINT `fk_stock_in_user1` FOREIGN KEY (`user_id`) REFERENCES `user` (`id`) ON DELETE NO ACTION ON UPDATE NO ACTION
) ENGINE=InnoDB AUTO_INCREMENT=496 DEFAULT CHARSET=utf8 COLLATE=utf8_unicode_ci;
/*!40101 SET character_set_client = @saved_cs_client */;

--
-- Dumping data for table `stock_in`
--

LOCK TABLES `stock_in` WRITE;
/*!40000 ALTER TABLE `stock_in` DISABLE KEYS */;
INSERT INTO `stock_in` VALUES (1,'2018-01-22 22:38:01',5000000,3956586,300,1,1),(420,'2018-02-09 13:19:50',5000,3000,390,1,885),(421,'2018-02-09 13:25:57',5000,1850,390,1,886),(422,'2018-02-09 13:26:15',5000,5000,390,1,887),(423,'2018-02-09 13:28:55',444,208,520,1,888),(424,'2018-02-09 13:39:29',50,30,630,1,889),(425,'2018-02-09 14:15:20',2,0,390,1,892),(426,'2018-02-09 14:17:50',5001,4200,390,1,892),(427,'2018-02-09 14:51:43',3000,2980,480,1,893),(428,'2018-02-09 14:51:43',20,20,0,1,893),(429,'2018-02-09 14:52:58',20,20,630,1,894),(430,'2018-02-09 15:19:45',150,150,480,1,895),(431,'2018-02-09 15:19:45',20,20,0,1,895),(432,'2018-02-09 16:00:15',5000,4850,390,1,896),(433,'2018-02-09 16:01:13',150,150,520,1,897),(434,'2018-02-10 08:10:30',20,20,780,1,891),(435,'2018-02-10 08:52:49',5000,998,480,1,898),(436,'2018-02-10 08:57:12',2000,2000,420,1,1),(437,'2018-02-10 09:00:13',1000,1000,440,1,899),(438,'2018-02-10 09:00:13',50,50,0,1,899),(439,'2018-02-10 09:02:20',1000,1000,440,1,900),(440,'2018-02-10 09:02:20',50,50,0,1,900),(441,'2018-02-10 09:35:16',5000,0,390,1,901),(442,'2018-02-10 09:51:09',1000,500,440,1,902),(443,'2018-02-10 09:51:09',50,50,0,1,902),(444,'2018-02-10 09:58:36',5000,0,390,1,901),(445,'2018-02-10 10:02:18',1000,1000,390,1,898),(446,'2018-02-10 10:06:10',1,1,780,1,891),(447,'2018-02-10 10:06:10',1,1,780,1,891),(448,'2018-02-10 10:50:23',100,100,630,1,889),(449,'2018-02-10 11:18:20',1000000,1000000,0,1,1),(450,'2018-02-10 11:18:38',-500000,-500000,1,1,1),(451,'2018-02-10 11:18:59',3,3,780,1,891),(452,'2018-02-10 11:35:16',100,100,390,1,892),(453,'2018-02-10 11:35:18',30,30,630,1,889),(454,'2018-02-10 11:35:20',2,2,780,1,891),(455,'2018-02-10 11:37:03',1,1,780,1,891),(456,'2018-02-10 12:03:56',15,15,780,1,891),(457,'2018-02-11 02:22:56',500,400,480,1,903),(458,'2018-02-11 02:22:56',20,20,0,1,903),(459,'2018-02-14 10:58:53',100,100,630,1,904),(460,'2018-02-14 11:07:26',1441,1441,440,1,905),(461,'2018-02-14 12:59:18',100,100,440,1,906),(462,'2018-02-14 13:30:40',1000,500,440,1,907),(463,'2018-02-14 13:33:12',500,500,480,1,908),(464,'2018-02-14 13:50:16',1000,1000,440,1,909),(465,'2018-02-14 13:51:55',1000,1000,440,1,910),(466,'2018-02-14 13:52:34',1000,1000,440,1,911),(467,'2018-02-14 13:53:19',1000,1000,440,1,912),(468,'2018-02-15 08:31:53',500,500,555,1,914),(469,'2018-02-15 08:33:09',15,15,399,1,915),(470,'2018-02-15 08:37:07',50,49,399,1,916),(471,'2018-02-15 08:39:07',350,350,440,1,917),(472,'2018-02-15 08:39:21',50,39,399,1,918),(473,'2018-02-15 08:40:20',20,20,630,1,919),(474,'2018-02-15 08:40:26',400,400,399,1,920),(475,'2018-02-15 08:42:40',444,444,399,1,921),(476,'2018-02-15 08:43:31',333,333,630,1,922),(477,'2018-02-15 08:44:43',300,300,590,1,923),(478,'2018-02-15 08:49:56',100,100,630,1,919),(479,'2018-02-15 11:04:07',15,15,630,1,924),(480,'2018-02-15 13:59:18',100,100,550,1,925),(481,'2018-02-16 04:19:01',800,800,440,1,926),(482,'2018-02-16 05:26:59',1000000,999972,395,1,901),(483,'2018-02-16 05:40:17',1000000000,1000000000,220,1,1),(484,'2018-02-16 13:22:31',11,11,590,1,901),(485,'2018-02-16 13:32:09',3000,2999,410,1,927),(486,'2018-02-16 14:00:46',1,1,780,1,891),(488,'2018-02-16 14:14:26',1,1,780,1,891),(489,'2018-02-17 11:35:11',2,2,780,1,891),(490,'2018-02-18 11:48:49',100,100,555,1,928),(491,'2018-02-18 12:04:10',28,28,590,1,928),(492,'2018-02-18 12:04:10',28,28,590,1,928),(493,'2018-02-18 12:15:39',1,1,630,1,901),(494,'2018-02-19 10:43:55',1,1,780,1,891),(495,'2018-02-23 10:42:07',50,50,630,1,889);
/*!40000 ALTER TABLE `stock_in` ENABLE KEYS */;
UNLOCK TABLES;

--
-- Table structure for table `stock_out`
--

DROP TABLE IF EXISTS `stock_out`;
/*!40101 SET @saved_cs_client     = @@character_set_client */;
/*!40101 SET character_set_client = utf8 */;
CREATE TABLE `stock_out` (
  `id` int(11) NOT NULL AUTO_INCREMENT,
  `quantity` int(11) DEFAULT NULL,
  `timestamp` timestamp NULL DEFAULT NULL,
  `stock_in_id` int(11) NOT NULL,
  `product_order_id` int(11) NOT NULL,
  PRIMARY KEY (`id`),
  KEY `fk_stock_out_stock_in1_idx` (`stock_in_id`),
  KEY `fk_stock_out_product_order1_idx` (`product_order_id`),
  CONSTRAINT `fk_stock_out_product_order1` FOREIGN KEY (`product_order_id`) REFERENCES `product_order` (`id`) ON DELETE NO ACTION ON UPDATE NO ACTION,
  CONSTRAINT `fk_stock_out_stock_in1` FOREIGN KEY (`stock_in_id`) REFERENCES `stock_in` (`id`) ON DELETE NO ACTION ON UPDATE NO ACTION
) ENGINE=InnoDB AUTO_INCREMENT=351 DEFAULT CHARSET=utf8 COLLATE=utf8_unicode_ci;
/*!40101 SET character_set_client = @saved_cs_client */;

--
-- Dumping data for table `stock_out`
--

LOCK TABLES `stock_out` WRITE;
/*!40000 ALTER TABLE `stock_out` DISABLE KEYS */;
INSERT INTO `stock_out` VALUES (277,5000,'2018-02-09 13:19:50',1,730),(278,5000,'2018-02-09 13:25:57',1,731),(279,5000,'2018-02-09 13:26:15',1,732),(280,444,'2018-02-09 13:28:55',420,733),(281,50,'2018-02-09 13:39:29',423,734),(282,2,'2018-02-09 14:15:20',1,738),(283,5001,'2018-02-09 14:17:50',1,739),(284,3000,'2018-02-09 14:51:43',421,742),(285,20,'2018-02-09 14:51:43',1,743),(286,20,'2018-02-09 14:52:58',427,744),(287,150,'2018-02-09 15:19:45',421,745),(288,20,'2018-02-09 15:19:45',1,746),(289,5000,'2018-02-09 16:00:15',1,747),(290,150,'2018-02-09 16:01:13',432,748),(291,20,'2018-02-10 08:10:30',424,754),(292,5000,'2018-02-10 08:52:49',1,755),(293,2000,'2018-02-10 08:57:12',435,756),(294,1000,'2018-02-10 09:00:13',435,757),(295,50,'2018-02-10 09:00:13',1,758),(296,1000,'2018-02-10 09:02:20',435,759),(297,50,'2018-02-10 09:02:20',1,760),(298,5000,'2018-02-10 09:35:16',1,761),(299,1000,'2018-02-10 09:51:09',441,763),(300,50,'2018-02-10 09:51:09',1,764),(301,5000,'2018-02-10 09:58:36',1,765),(302,1000,'2018-02-10 10:02:18',441,767),(303,2,'2018-02-10 10:06:10',425,740),(304,1,'2018-02-10 10:06:10',426,740),(305,100,'2018-02-10 10:50:23',423,768),(306,3,'2018-02-10 11:18:59',423,735),(307,100,'2018-02-10 11:35:16',1,741),(308,30,'2018-02-10 11:35:18',423,752),(309,2,'2018-02-10 11:35:20',423,736),(310,1,'2018-02-10 11:37:03',423,737),(311,15,'2018-02-10 12:03:56',420,771),(312,500,'2018-02-11 02:22:56',442,772),(313,20,'2018-02-11 02:22:56',1,773),(314,100,'2018-02-14 10:58:53',420,774),(315,1441,'2018-02-14 11:07:26',420,775),(316,100,'2018-02-14 12:59:18',1,776),(317,1000,'2018-02-14 13:30:40',441,777),(318,500,'2018-02-14 13:33:12',462,778),(319,1000,'2018-02-14 13:50:16',441,781),(320,1000,'2018-02-14 13:51:55',441,782),(321,1000,'2018-02-14 13:52:34',444,783),(322,1000,'2018-02-14 13:53:19',444,784),(323,300,'2018-02-14 13:56:11',444,785),(324,500,'2018-02-15 08:31:53',444,786),(325,15,'2018-02-15 08:33:09',444,787),(326,50,'2018-02-15 08:37:07',444,788),(327,350,'2018-02-15 08:39:07',444,789),(328,50,'2018-02-15 08:39:21',444,790),(329,20,'2018-02-15 08:40:20',444,791),(330,400,'2018-02-15 08:40:26',444,792),(331,444,'2018-02-15 08:42:40',444,793),(332,333,'2018-02-15 08:43:31',444,794),(333,300,'2018-02-15 08:44:43',444,795),(334,100,'2018-02-15 08:49:56',444,796),(335,15,'2018-02-15 11:04:07',444,797),(336,100,'2018-02-15 13:59:18',457,798),(337,800,'2018-02-16 04:19:01',426,802),(338,1000000,'2018-02-16 05:26:59',1,803),(339,11,'2018-02-16 13:22:31',472,811),(340,3000,'2018-02-16 13:32:09',1,812),(341,1,'2018-02-16 14:00:46',485,814),(343,1,'2018-02-16 14:14:26',444,816),(344,2,'2018-02-17 11:35:11',435,780),(345,100,'2018-02-18 11:48:49',444,821),(346,22,'2018-02-18 12:04:10',444,822),(347,28,'2018-02-18 12:04:10',482,822),(348,1,'2018-02-18 12:15:39',1,809),(349,1,'2018-02-19 10:43:55',470,825),(350,50,'2018-02-23 10:42:07',423,734);
/*!40000 ALTER TABLE `stock_out` ENABLE KEYS */;
UNLOCK TABLES;

--
-- Table structure for table `stock_status`
--

DROP TABLE IF EXISTS `stock_status`;
/*!40101 SET @saved_cs_client     = @@character_set_client */;
/*!40101 SET character_set_client = utf8 */;
CREATE TABLE `stock_status` (
  `id` int(11) NOT NULL AUTO_INCREMENT,
  `below_percentage` varchar(45) COLLATE utf8_unicode_ci DEFAULT NULL,
  `user_id` int(11) NOT NULL,
  `product_id` int(11) NOT NULL,
  PRIMARY KEY (`id`),
  KEY `fk_stock_status_user1_idx` (`user_id`),
  KEY `fk_stock_status_product1_idx` (`product_id`),
  CONSTRAINT `fk_stock_status_product1` FOREIGN KEY (`product_id`) REFERENCES `product` (`id`) ON DELETE NO ACTION ON UPDATE NO ACTION,
  CONSTRAINT `fk_stock_status_user1` FOREIGN KEY (`user_id`) REFERENCES `user` (`id`) ON DELETE NO ACTION ON UPDATE NO ACTION
) ENGINE=InnoDB AUTO_INCREMENT=276 DEFAULT CHARSET=utf8 COLLATE=utf8_unicode_ci;
/*!40101 SET character_set_client = @saved_cs_client */;

--
-- Dumping data for table `stock_status`
--

LOCK TABLES `stock_status` WRITE;
/*!40000 ALTER TABLE `stock_status` DISABLE KEYS */;
INSERT INTO `stock_status` VALUES (234,'80',885,1),(235,'80',886,1),(236,'80',887,1),(237,'80',888,1),(238,'80',889,1),(239,'80',892,1),(240,'80',893,1),(241,'80',894,1),(242,'80',895,1),(243,'80',896,1),(244,'80',897,1),(245,'80',898,1),(246,'80',899,1),(247,'80',900,1),(248,'80',901,1),(249,'80',902,1),(250,'80',903,1),(251,'80',904,1),(252,'80',905,1),(253,'80',906,1),(254,'80',907,1),(255,'80',908,1),(256,'80',909,1),(257,'80',910,1),(258,'80',911,1),(259,'80',912,1),(260,'80',913,1),(261,'80',914,1),(262,'80',915,1),(263,'80',916,1),(264,'80',917,1),(265,'80',918,1),(266,'80',919,1),(267,'80',920,1),(268,'80',921,1),(269,'80',922,1),(270,'80',923,1),(271,'80',924,1),(272,'80',925,1),(273,'80',926,1),(274,'80',927,1),(275,'80',928,1);
/*!40000 ALTER TABLE `stock_status` ENABLE KEYS */;
UNLOCK TABLES;

--
-- Table structure for table `user`
--

DROP TABLE IF EXISTS `user`;
/*!40101 SET @saved_cs_client     = @@character_set_client */;
/*!40101 SET character_set_client = utf8 */;
CREATE TABLE `user` (
  `id` int(11) NOT NULL AUTO_INCREMENT,
  `username` varchar(255) COLLATE utf8_unicode_ci DEFAULT NULL,
  `auth_key` varchar(32) COLLATE utf8_unicode_ci DEFAULT NULL,
  `password_hash` varchar(255) COLLATE utf8_unicode_ci DEFAULT NULL,
  `password_reset_token` varchar(255) COLLATE utf8_unicode_ci DEFAULT NULL,
  `email` varchar(255) COLLATE utf8_unicode_ci DEFAULT NULL,
  `status` int(6) DEFAULT '10',
  `created_at` int(11) NOT NULL,
  `link` varchar(450) COLLATE utf8_unicode_ci DEFAULT NULL,
  `updated_at` int(11) NOT NULL,
  `parent_id` int(11) DEFAULT NULL,
  `user_level_id` int(11) DEFAULT NULL,
  `phone_no` varchar(45) COLLATE utf8_unicode_ci DEFAULT NULL,
  `mobile_no` varchar(100) COLLATE utf8_unicode_ci DEFAULT NULL,
  `district` varchar(100) COLLATE utf8_unicode_ci DEFAULT NULL,
  `province` varchar(100) COLLATE utf8_unicode_ci DEFAULT NULL,
  `postal_code` varchar(100) COLLATE utf8_unicode_ci DEFAULT NULL,
  `address` varchar(5000) COLLATE utf8_unicode_ci DEFAULT NULL,
  `city` varchar(120) COLLATE utf8_unicode_ci DEFAULT NULL,
  `country` varchar(120) COLLATE utf8_unicode_ci DEFAULT NULL,
  `first_name` varchar(75) COLLATE utf8_unicode_ci DEFAULT NULL,
  `last_name` varchar(75) COLLATE utf8_unicode_ci DEFAULT NULL,
  `company_user` int(11) DEFAULT '0',
  `profile` varchar(100) COLLATE utf8_unicode_ci DEFAULT NULL,
  PRIMARY KEY (`id`),
  UNIQUE KEY `username` (`username`),
  UNIQUE KEY `password_reset_token` (`password_reset_token`),
  KEY `fk_user_user_level1_idx` (`user_level_id`)
) ENGINE=InnoDB AUTO_INCREMENT=929 DEFAULT CHARSET=utf8 COLLATE=utf8_unicode_ci;
/*!40101 SET character_set_client = @saved_cs_client */;

--
-- Dumping data for table `user`
--

LOCK TABLES `user` WRITE;
/*!40000 ALTER TABLE `user` DISABLE KEYS */;
INSERT INTO `user` VALUES (1,'admin','Uek95ngbqlOBh-jaQ0Gv3SQ9FD4CGFC3','$2y$13$dOgQuJVwIEy7JLEEb.RhhOf2eHwMkzVEgf7vpdS1t0DbuwkI/Zcea',NULL,'admin@admin.com',1,1513230560,'site/odrer/1',1518184443,0,1,'923335367073',NULL,NULL,NULL,NULL,'Building XYZ','Bangkok','Thailand','Admin','Beydey',0,'bGqmXNWbjn4OJPsHDTEiCHZTjJ_PJjPs.jpg'),(885,'arslankhd','C_ZC7ciwfhvwjjqo4KUlIwniXHknnA1U','$2y$13$EFsj/APAKrYakmv9VlAU6uw7d2XfrhJ4NTXAKTiXIPuXvhseM3rYq',NULL,'arsln@beydey.me',1,1518182390,NULL,1518182427,1,1000,'923335367074',NULL,NULL,NULL,NULL,'Street 16, Building 5','New Yorks','Thailand ','Aslan','Khan',1,''),(886,'imrankhd','9RcwVUgwS1EessIELdbOh3YQQcVyLaVm','$2y$13$U8xdq5VWdu9m5LF964cJ5OkgT/oVrRKLPzoMp.7.Z3SczwDW0PH/O',NULL,'imran@beydey.me',1,1518182757,NULL,1518182757,1,1000,'923335367074',NULL,NULL,NULL,NULL,'Building XYZ','BANGKOK','Thailand ','Imran','Khalid',1,''),(887,'Bbb','R8sMeLpcZgQEjJMRahfqET2AKrd-zstJ','$2y$13$cwsE8o6NPZ/1P4I9rPh.Cun5UHyrMeMbBCLaeUTGtdJIl4I..Y3AC',NULL,'Ghhg',1,1518182775,NULL,1518182775,1,1000,'44555',NULL,NULL,NULL,NULL,'6666','7777','Thailand ','Test','Tedy',0,''),(888,'Yyy','yROoVU4Cy25hhb1kuWhEqYd3K1x43l0b','$2y$13$uKn/iOHYc9SuIruMlInbh.vdNTPWJ4p9/ZH6OI5F/mLLtoyJTr/ja',NULL,'Yyy',1,1518182935,NULL,1518183651,885,12000,'55555',NULL,NULL,NULL,NULL,'666','7','Thailand ','Yyy','Yyy',1,''),(889,'vik','oX0ZqA9PItY0ZwE3BhCDzDa0CnmQqdMO','$2y$13$tH1/7h24QfA8UpJRseM8pe7MtAWUqHIx6EYbB5BWa2Ucu5vw35wqC',NULL,'vik@beydey.me',1,1518183569,NULL,1518612608,888,15000,'0815596117',NULL,NULL,NULL,NULL,'Bangkok','Bang Waek','Thailand ','Vik','Vik',1,''),(891,'customer','7N7Kdw1znRPwWpsWoF3io0Wss3u3fHK2','$2y$13$80Y.xn4/Y7cd0WFRktLhH.MELYLSezVBGTF7gIxs6qp4kBp0/WJ16',NULL,'customer@gmail.com',1,1518183929,NULL,1518186974,NULL,30,'','0841471593','','','91140','1 3','','Thailand ','customer','customer',0,NULL),(892,'mr1','7gu_pWV9MlR94hVHyiL4a9KIG7IEVgJ3','$2y$13$t6Gm7H/ddHU4uHf22IgC8OV9r7E77Le5IZCquh6R.pyGZ8gSS90Z2',NULL,'kittisak.u@abctech.co.th',1,1518185720,NULL,1518185720,1,1000,'0841471593',NULL,NULL,NULL,NULL,'65/17  1,  ','','Thailand ','Kittisak','Umaji',0,''),(893,'begin','fQbmLNW_DYhK4L7w-phtA--juHj45u23','$2y$13$cKwMNJ.CQBRQ/I4DqVSCPuPCORPwIOYppsaDdrnSYI.ZX.Pzn3rgO',NULL,'kittisak.u@abctech.co.th',1,1518187903,NULL,1518187903,886,11000,'0841471593',NULL,NULL,NULL,NULL,'65/17  1,  ','','Thailand ','Kittisak','Umaji',1,''),(894,'b1','qo0DC-4YJs12UgLKvcGjmmEnbi96yMKO','$2y$13$KNQvM3jqGzMxaa8mzc5TKOLx55SZCq2s.N4AVKt4KlCFeR31U6iqi',NULL,'kittisak.u@abctech.co.th',1,1518187978,NULL,1518187978,893,15000,'0841471593',NULL,NULL,NULL,NULL,'65/17  1,  ','','Thailand ','Kittisak','Umaji',1,''),(895,'vipuser','vz9q1hcsqTNFjTpA_QZV0e8FrMfhTW0x','$2y$13$M6MTFQH8EMTeB2eDOZpLQu9J6lRjtlUzEsFMfCFtpgSRckuvi6cdy',NULL,'arslan@beydey.me',1,1518189585,NULL,1518189585,886,11000,'923335367073',NULL,NULL,NULL,NULL,'Somewhere here','New York','Thailand ','VIP User','AKi',1,''),(896,'akmr','JP_pCaMfHSicFT2dTbXURhqMaPhs5b4S','$2y$13$tIsaUYs7wbDCOmUatO7Pq.b0Rp6xBwPuNotWedXs4o3T9uCUtgNe6',NULL,'arslan@beydey.me',1,1518192015,NULL,1518192015,1,1000,'923335367073',NULL,NULL,NULL,NULL,'Somewhere here','BANGKOK','Thailand ','akmr','nice',0,''),(897,'akseller','A83YOZju7vnB33GCqzSfHFRrw95Gn694','$2y$13$ZO.2Rnbz1Heymkl1ZUHPv.LXaC7BcHWVm4Cj.LgbppbTfGqAlh4Au',NULL,'arslan@beydey.me',1,1518192073,NULL,1518524681,896,2000,'',NULL,NULL,NULL,NULL,'','','Thailand ','akseller','nivce',0,''),(898,'nay','KIUGjL-FGXVHw_aT-e1kX4mCJ5qTGYRi','$2y$13$iPvAvYmByD4l6EcRTLCbEetdwC1ApeJdqUvmtaAkS2Xt2HGcFZ9/i',NULL,'kittisak.u@beydeythailand.com',1,1518252769,NULL,1518252769,1,1000,'0841471593',NULL,NULL,NULL,NULL,'65/17  1,  ','','Thailand ','Kittisak',' Umaji',1,''),(899,'somsakb','eZ7S-NFOKz5igWCKnZGRjc2dgElpRq1e','$2y$13$2PYczkZufWo4BD2B3zU1K.qr/DF0FeXvaLcIggF7jpRk5i/1v/PAW',NULL,'kittisak.u@abctech.co.th',1,1518253213,NULL,1518253213,898,6000,'0841471593',NULL,NULL,NULL,NULL,'65/17  1,  ','','Thailand ','Somsak','Bunchu',0,''),(900,'somchais','165TAQg_nBvGDJryQh9nlVIoLkAKTgwV','$2y$13$1pN0RDV5qMMHIrHJq5MSxO56pxpJ69YWBmsLb64735ZBdYkm0LaSe',NULL,'kittisak.u@abctech.co.th',1,1518253340,NULL,1518253340,898,6000,'0841471593',NULL,NULL,NULL,NULL,'65/17  1,  ','','Thailand ','somchai','sabuyjit',0,''),(901,'MR01','FFy7sR8lnxElPZhq1oGCOdM2z4KnZYSw','$2y$13$SCMCnOsRVsi/vcXzTB.hF.h0er4VOCkf7sn.ZOOfelXRnc1r19X/y',NULL,'kittisak.u@abctech.co.th',1,1518255316,NULL,1518953731,1,1000,'0841471593',NULL,'','','','65/17  1,  ','','Thailand','Kittisak','Umaji',0,'l9nszpQ6shlxrDVm18fW4EQoMb9alx8z.jpg'),(902,'Dupont','EsoqVYJVZc7WfN1t8lAQhMUcSBn-nKCs','$2y$13$79zl..iK8vwvsIYQCJ29Y.9j2IcHJfaKDH/e3H.8r0N58RT2KncTC',NULL,'Dupont@mmm.co',1,1518256269,NULL,1518258853,901,6000,'0000000000',NULL,NULL,NULL,NULL,'','','Thailand ','Dupont','Dupont',0,''),(903,'qqq','x_isSKK856-k2LegX52citZPhibTFLKv','$2y$13$iraDt1yUZhBOVk3Mxvbu1Oh8/GZ26lPNsCB/tqQnueBFdFE94BxUa',NULL,'kittisak.u@abctech.co.th',1,1518315776,NULL,1518315776,902,11000,'0841471593',NULL,NULL,NULL,NULL,'65/17  1,  ','','Thailand ','Kittisakqqq','Umaji',0,''),(904,'smbegin','Pt9MpTH4NZCfGqxNr_nJUrKseg0w3QR4','$2y$13$j2Gzu4GpSoBpuI5FRAuv/uiLZOCH1l3dOt9k2mUJAK.7XGvsMVUty',NULL,'arslan@beydey.me',1,1518605933,NULL,1518605933,885,15000,'923335367073',NULL,NULL,NULL,NULL,'Somewhere here','New York','Thailand ','safi','mustafa',1,''),(905,'mhsvip','m9XU_v9suVjIQES5LLzv9SWv-TvXW43h','$2y$13$f00kwoJslHiS8p2js8SbEuGoHQTJ7W4E6o5EK8cBM5miDhHouiRbq',NULL,'arslan@beydey.me',1,1518606446,NULL,1519034422,885,6000,'923335367073',NULL,'','','','Somewhere here','BANGKOK','Thailand','mushahid','Beydey',1,'x-5fO-0uGgZEhApmmIYP8xJyA96Ve4Wu.jpg'),(906,'vik2','-0d4M1AL2we8T3EZHbHdTV-2kuzmZWY8','$2y$13$Na70PuSsNFe6sFPldzr0P.CbKHv3x3GNgHGBFNwcbTQZ9VaIY5aku',NULL,'vik@beydey.me',1,1518613158,NULL,1518613158,1,6000,'0815596117',NULL,NULL,NULL,NULL,'501 Pomplab','Bangkok','Thailand ','vik','vik',1,''),(907,'888','imENuYONx8L6vnEKv-TN5RzPkTlyZynI','$2y$13$mm9Y2QNSdr6RAOiSk3zHlOKz9/imUY7lfUBCkDk/lZ2ulOkd.ERbq',NULL,'kittisak.u@abctech.co.th',1,1518615040,NULL,1518615562,901,6000,'0841471593',NULL,NULL,NULL,NULL,'65/17  1,  ','','Thailand ','Kittisak','Umaji',0,''),(908,'000','l_5jBpEz46yus78-kQ2rPU__hIUYCdZL','$2y$13$eM3Y8LKig6467zxKmczGced7jvSlkL6b.giDmk/fIRj4xJBrKMwKK',NULL,'kittisak.u@abctech.co.th',1,1518615192,NULL,1518615598,907,11000,'0841471593',NULL,NULL,NULL,NULL,'65/17  1,  ','','Thailand ','Kittisak','Umaji',0,''),(909,'sub3','mhZ_S6tkoxVZ9EcsJOsvhbR3uKjz0kbw','$2y$13$lVIa7XsHW1Favd1eJZ0cuOhcfxSPIodnPLrReqSpelqBZCNJ1qnlm',NULL,'kittisak.u@abctech.co.th',1,1518616216,NULL,1518616216,901,6000,'0841471593',NULL,NULL,NULL,NULL,'65/17  1,  ','','Thailand ','Kittisak','Umaji',0,''),(910,'sub4','qWeW_s6S_asuijaFQ8xWGkay-vCJQ-Un','$2y$13$ayN/Th4CIJbL2AkZNYlueuCOwsbswDpuTwf9./vQ6FkAb2j51q2KO',NULL,'kittisak.u@abctech.co.th',1,1518616315,NULL,1518616315,901,6000,'0841471593',NULL,NULL,NULL,NULL,'65/17  1,  ','','Thailand ','Kittisak','Umaji',0,''),(911,'sub5','zQsLFoncO8Ue4x2Q4PmhRXYiwxblrP9K','$2y$13$Whed/zF12Sq9R0/XUA2VTOybJVueHWGsrHwEJ59el.PSUKsQqSH3C',NULL,'kittisak.u@abctech.co.th',1,1518616354,NULL,1518616354,901,6000,'0841471593',NULL,NULL,NULL,NULL,'65/17  1,  ','','Thailand ','Kittisak','Umaji',0,''),(912,'sub6','4bF7-Jho0OPAZPt3J8L6TiRhLDEND4Hd','$2y$13$eXqcJg9fUkX3synggB8Gl.w/GMgIGKmj2eH3N4/8Smcs3qd/n6l8m',NULL,'kittisak.u@abctech.co.th',1,1518616399,NULL,1518616399,901,6000,'0841471593',NULL,NULL,NULL,NULL,'65/17  1,  ','','Thailand ','Kittisak','Umaji',1,''),(913,'vsub1','Ixd_2J-uH61pMrn9RBmb-Hsaj2DbyQA5','$2y$13$45JORjBVAvdFyXiqJmPLDeDYEu3BeTP1nZ7MY9jmJeHdvpvmnzMsS',NULL,'kittisak.u@abctech.co.th',1,1518616571,NULL,1518616571,901,4000,'0841471593',NULL,NULL,NULL,NULL,'65/17  1,  ','','Thailand ','Kittisak','Umaji',1,''),(914,'iseller','6p7pnR_9QZBbx6-hoKrTS6X3jXxKr15W','$2y$13$oVH9P7W7X13dCr5b0btbnOn6JCdoExvpzsZB9fF2KMVz5VJIQeu0C',NULL,'arslan@beydey.me',1,1518683513,NULL,1518683513,901,3000,'923335367073',NULL,NULL,NULL,NULL,'Somewhere here','New York','Thailand ','irfan','irfan',0,''),(915,'aseller','RNYCwt262uOxqkEF42694_CcZK-kxRTy','$2y$13$81zrXSJsxrL3BHhFJbvSzOSysIRdxIJzchYfD9dA11oRVMf619Sem',NULL,'arslan@beydey.me',1,1518683589,NULL,1518683589,901,4000,'923335367074',NULL,NULL,NULL,NULL,'Somewhere here','New Yorks','Thailand ','ammad','khalid',0,''),(916,'viksub','QgDeoB8hQfR0xlRMfkY1T5FNkjar1cT_','$2y$13$ONPkANQp11IZsCXcELUY0O74JDvn57.E8z03VitbbQ0Qo558zTEJm',NULL,'vik@beydey.me',1,1518683827,NULL,1518683827,901,4000,'0815596117',NULL,NULL,NULL,NULL,'501 Pomplab','Bangkok','Thailand ','viksub','viksub',0,''),(917,'sub7','mai6fvg7pTzGiTne76pSUSQ6V-Telm5x','$2y$13$thMNXXh47dPIZ3rc8K9P1u8mgRBxp8eYnvhWiW.G0Ly6T5Q.nPZke',NULL,'arslan@beydey.me',1,1518683947,NULL,1518683947,901,6000,'923335367073',NULL,NULL,NULL,NULL,'Somewhere here','New York','Thailand ','sub7','sub7',1,''),(918,'naysub','lh86ORnu4HqPz2lCAb1r3gZWtTIySF6h','$2y$13$R1GiZ6I9ST0nx21A6wgJHuf8sdZBdj/PgzXRkV2z5AoUsHWyJAX4q',NULL,'nay@beydey.me',1,1518683961,NULL,1518683961,901,4000,'0815596117',NULL,NULL,NULL,NULL,'501 Pomplab','Bang Waek','Thailand ','naysub','naysub',0,''),(919,'aasub','9oSHUHRKA3Fm-NIerkiZe7nRhOL1SmlT','$2y$13$H0wYZs0kdJ9VmAVUtrFJ3OGLjau1/r7RNlAEwTzUKldMHKP3M1U.W',NULL,'aasub@beydey.me',1,1518684020,NULL,1518684020,901,5000,'0815596113',NULL,NULL,NULL,NULL,'Phasi Charoen','Bang Waek','Thailand ','aasub','aasub',0,''),(920,'naysub1','wDLXTEzoYaHU5S4mor13K9VR0hh44-Rf','$2y$13$fS1xevqWRTHRTSP/jCty1eX3gNHcZrNOTH7BcroEARDbouOuOM1Ze',NULL,'kittisak.u@abctech.co.th',1,1518684026,NULL,1518684026,901,4000,'0841471593',NULL,NULL,NULL,NULL,'65/17  1,  ','','Thailand ','Kittisak','Umaji',1,''),(921,'vsub2','9p3oXABDKUbPe-2QFNHGhyYS3gnXb580','$2y$13$C3Eh4UErKenROY2n6a/COe58PA6Jm7dmcwvwpy.uP8DJE02TD/Dwy',NULL,'kittisak.u@abctech.co.th',1,1518684160,NULL,1518684160,901,4000,'0841471593',NULL,NULL,NULL,NULL,'65/17  1,  ','','Thailand ','Kittisak','Umaji',0,''),(922,'vsub3','PyFRgfWylj8p3xVu5fAsNjifne7IewOJ','$2y$13$g8jiRTaOEFU18XMN6NnU2.pjJtnAx6KwvA.ECWtT.pRRVD993cEKq',NULL,'kittisak.u@abctech.co.th',1,1518684211,NULL,1518684211,901,5000,'0841471593',NULL,NULL,NULL,NULL,'65/17  1,  ','','Thailand ','Kittisak','Umaji',1,''),(923,'xxxx','-v5Jnl9yDAkdSb4-O7g5r3FPEY_xaa-n','$2y$13$KLacChIR5Tty72.5dG3KD.ziEvWlHW3YJGFoiJ2vmvSI2n9sqSy16',NULL,'kittisak.u@abctech.co.th',1,1518684283,NULL,1518684283,901,14000,'0841471593',NULL,NULL,NULL,NULL,'65/17  1,  ','','Thailand ','Kittisak','Umaji',1,''),(924,'immo','DVGf7FR9rvpoxpyXZrbfhe5PlGqhIkBs','$2y$13$kAbRN8t7oEESj253bmDOD.gLwkQ5qJVXUCqDLNn3YrTo1hfdIyzAS',NULL,'arslan@beydey.me',1,1518692647,NULL,1518692647,901,5000,'923335367073',NULL,'','','58000','AH','bbh','Thailand ','safi','ifsa',0,''),(925,'vvv1','Rcnm_v6P_xpBRVqeqNJdEomB1QLG23lQ','$2y$13$6dQNQG7xaBqMI9ANl4CxneeVKYVtk1adl1HQXyx52Fh0fD7WIRPY6',NULL,'kittisak.u@abctech.co.th',1,1518703158,NULL,1518703158,903,13000,'0841471593',NULL,'','','10500','65/17  1,  ','','Thailand ','Kittisakvv','Umaji',0,''),(926,'VikB','RYs3shHJr0Z16u8ogQp73gh6ZIA8U5uX','$2y$13$fydXhargqVR61fBtJpFQRe3FFvuyamgqznY4F8DRmdsWaOwmliThS',NULL,'vikb@beydey.me',1,1518754740,NULL,1518754740,892,6000,'0815596117',NULL,'','','10500','Somewhere','Bang Waek','Thailand ','VikB','VikB',0,''),(927,'zzz','QfTQ7sb1X0hC-FLVcAWjvh4RU_yl-oQk','$2y$13$UauT8qRspGGVVYKkzsKloedbzm.NWWHAFUHirv3iyFktPxKYUTQSq',NULL,'kittisak.u@abctech.co.th',1,1518787929,NULL,1518787929,1,1000,'0841471593',NULL,'','','10300','65/17  1,  ','','Thailand ','Kittisak','Umaji',0,''),(928,'nay123','gHaoxF2sxqLOUYhxVv0IQNYOlAsjxvOO','$2y$13$3RSMXcswm3Cjnx6feTs4meqp3KpfsIzFjYaw4tyC7u75ZSfiKrX1W',NULL,'kittisak.u@abctech.co.th',1,1518954529,NULL,1518954529,901,3000,'0841471593',NULL,'','',NULL,'65/17  1,  ','','Thailand ','Kittisak','Umaji',0,'');
/*!40000 ALTER TABLE `user` ENABLE KEYS */;
UNLOCK TABLES;

--
-- Table structure for table `user_product_level`
--

DROP TABLE IF EXISTS `user_product_level`;
/*!40101 SET @saved_cs_client     = @@character_set_client */;
/*!40101 SET character_set_client = utf8 */;
CREATE TABLE `user_product_level` (
  `id` int(11) NOT NULL AUTO_INCREMENT,
  `product_id` int(11) NOT NULL,
  `units` int(11) DEFAULT NULL,
  `price` double DEFAULT NULL,
  `user_level_id` int(11) NOT NULL,
  PRIMARY KEY (`id`),
  KEY `fk_user_product_level_product1_idx` (`product_id`),
  KEY `fk_user_product_level_user_level1_idx` (`user_level_id`),
  CONSTRAINT `fk_user_product_level_product1` FOREIGN KEY (`product_id`) REFERENCES `product` (`id`) ON DELETE NO ACTION ON UPDATE NO ACTION,
  CONSTRAINT `fk_user_product_level_user_level1` FOREIGN KEY (`user_level_id`) REFERENCES `users_level` (`id`) ON DELETE NO ACTION ON UPDATE NO ACTION
) ENGINE=InnoDB AUTO_INCREMENT=20 DEFAULT CHARSET=utf8 COLLATE=utf8_unicode_ci;
/*!40101 SET character_set_client = @saved_cs_client */;

--
-- Dumping data for table `user_product_level`
--

LOCK TABLES `user_product_level` WRITE;
/*!40000 ALTER TABLE `user_product_level` DISABLE KEYS */;
INSERT INTO `user_product_level` VALUES (1,1,5000,400,1000),(2,1,4000,410,1000),(3,1,3000,420,1000),(4,1,2000,430,1000),(5,1,250,520,2000),(6,1,100,550,3000),(7,1,50,590,4000),(8,1,10,630,5000),(9,1,1000,440,6000),(10,1,250,520,7000),(11,1,100,550,8000),(12,1,50,590,9000),(13,1,10,630,10000),(14,1,500,480,11000),(15,1,250,520,12000),(16,1,100,550,13000),(17,1,50,590,14000),(18,1,10,630,15000),(19,2,5000,200,1000);
/*!40000 ALTER TABLE `user_product_level` ENABLE KEYS */;
UNLOCK TABLES;

--
-- Table structure for table `users_level`
--

DROP TABLE IF EXISTS `users_level`;
/*!40101 SET @saved_cs_client     = @@character_set_client */;
/*!40101 SET character_set_client = utf8 */;
CREATE TABLE `users_level` (
  `id` int(11) NOT NULL AUTO_INCREMENT,
  `name` varchar(450) COLLATE utf8_unicode_ci DEFAULT NULL,
  `display_name` varchar(100) CHARACTER SET utf8 DEFAULT NULL,
  `parent_id` int(11) DEFAULT NULL,
  `max_user` int(11) DEFAULT NULL,
  PRIMARY KEY (`id`)
) ENGINE=InnoDB AUTO_INCREMENT=15001 DEFAULT CHARSET=utf8 COLLATE=utf8_unicode_ci;
/*!40101 SET character_set_client = @saved_cs_client */;

--
-- Dumping data for table `users_level`
--

LOCK TABLES `users_level` WRITE;
/*!40000 ALTER TABLE `users_level` DISABLE KEYS */;
INSERT INTO `users_level` VALUES (1,'Super Admin','Super Admin',0,1),(1000,'MR','MR (5000)',1,20),(2000,'MR Pro Level Seller','Pro (250)',1000,-1),(3000,'MR Inter Level Seller','Inter (100)',1000,-1),(4000,'MR Advance Level Seller','Advance (50)',1000,-1),(5000,'MR Begin Level Seller','Begin (10)',1000,-1),(6000,'SVIP','Super VIP (1000)',1000,5),(7000,'SVIP Pro Level Seller','Pro (250)',6000,-1),(8000,'SVIP Inter Level Seller','Inter (100)',6000,-1),(9000,'SVIP Advance Level  Seller','Advance (50)',6000,-1),(10000,'SVIP Begin Level Seller','Begin (10)',6000,-1),(11000,'VIP','VIP (500)',6000,10),(12000,'VIP Pro Level Seller','Pro (250)',11000,-1),(13000,'VIP Inter Level Seller','Inter (100)',11000,-1),(14000,'VIP Advance Level Seller','Advance (50)',11000,-1),(15000,'VIP Begin Level Seller','Begin (10)',11000,-1);
/*!40000 ALTER TABLE `users_level` ENABLE KEYS */;
UNLOCK TABLES;
/*!40103 SET TIME_ZONE=@OLD_TIME_ZONE */;

/*!40101 SET SQL_MODE=@OLD_SQL_MODE */;
/*!40014 SET FOREIGN_KEY_CHECKS=@OLD_FOREIGN_KEY_CHECKS */;
/*!40014 SET UNIQUE_CHECKS=@OLD_UNIQUE_CHECKS */;
/*!40101 SET CHARACTER_SET_CLIENT=@OLD_CHARACTER_SET_CLIENT */;
/*!40101 SET CHARACTER_SET_RESULTS=@OLD_CHARACTER_SET_RESULTS */;
/*!40101 SET COLLATION_CONNECTION=@OLD_COLLATION_CONNECTION */;
/*!40111 SET SQL_NOTES=@OLD_SQL_NOTES */;

-- Dump completed on 2018-02-28 16:38:54
